5;0.015168221
1;0.007498696
2;-0.001067806
3;0.004264399
4;0.019489687
5;0.00208442
1;-0.004696069
2;0.006256538
3;0.011369632
4;0.009207226
5;-0.003059666
1;-0.011299555
2;-0.005698021
3;0.006730546
4;-0.01246122
5;0.011945091
1;0.013842826
2;-0.009207226
3;-0.003603608
4;0.00411735
5;0.01275853
1;-0.01275853
2;0.019329188
3;0.008028141
4;0.01340303
5;0.020498522
1;0.006260555
2;-0.003848009
3;0.013403743
4;0.006635095
2;0.004242288
3;-0.01325777
4;-0.000476758
5;0.015144634
1;-0.01848832
2;0.005249356
3;-0.004292876
4;-0.009606222
5;-0.002899954
1;-0.009727703
3;0.009727703
4;0.01584667
5;0
1;0.009955048
3;-0.008051192
4;0.000475398
5;-0.005719749
1;-0.00095648
2;-0.009615459
3;0.000482975
4;0.015808712
5;-0.00190295
1;-0.003816799
2;0.010934266
3;0.00377537
5;-0.005194817
1;0.000946522
2;0.004248295
3;-0.000942507
4;-0.006622541
5;-0.009537507
2;-0.008662229
3;-0.011667609
4;0
5;-0.011805351
1;-0.009945383
2;0.002495634
3;0.009920716
4;0.00098668
5;-0.007920833
1;-0.012000144
2;0.006018072
3;0.001998003
4;0.001994019
5;0.011881328
1;0.003929278
2;0.00635233
3;-0.00929784
4;0.001964637
5;-0.001473116
1;0
2;-0.001967536
3;0.000492247
4;-0.015873349
5;0.0009995
1;0
2;-0.019672766
3;0.003559627
4;0.002534856
5;0.011578282
1;0.008472515
2;0.001983144
3;0.004940722
4;-0.002961503
5;0.003946724
1;-0.020393644
2;0.002509412
3;0.00150263
4;-0.007031671
5;-0.009622764
1;-0.005102052
2;0.005102052
3;-0.002547772
4;-0.022704794
5;-0.024836151
1;-0.052166645
2;0.021194324
3;-0.030823398
4;0.013005555
5;-0.001124227
1;-0.03258362
2;-0.00524324
4;0.00640468
5;-0.034241834
1;-0.032970019
2;-0.041184154
3;0.025544173
4;-0.021026579
5;0.040384036
1;0.05005567
2;-0.011834458
3;0.010657294
4;0.01461587
5;-0.019338429
1;-0.027596232
2;-0.014089054
3;0.010432743
4;-0.017863117
5;0.006195807
1;0.026213022
2;-0.0048251
3;-0.003634165
4;-0.001214329
5;-0.019013146
1;-0.006834447
2;-0.015075662
3;-0.006349228
4;-0.019293203
5;0.001946157
1;-0.026265463
2;-0.012048339
3;0.009383447
4;0.016540238
5;-0.016540238
1;0.027633337
2;0.020553068
3;-0.003821661
4;-0.008974419
5;-0.000644122
1;0.021670701
2;-0.022315239
3;-0.007117468
4;0.001297859
5;0.021174997
1;0.015123162
2;0.001874415
3;0.008701111
4;0.019001491
5;-0.001823155
1;-0.002436055
2;0.02171376
3;-0.005384398
4;-0.012677502
5;-0.017157284
1;0.006161449
2;-0.009256468
3;0.019644585
5;-0.003654084
1;-0.011660151
2;-0.00433035
3;-0.018774018
4;-0.008246162
5;0.001909005
1;0.015142245
2;0.00810731
3;-0.006855745
4;-0.000625587
5;0.008722797
1;0.01294317
2;0
3;-0.003680986
4;0.007348472
5;0.000609942
1;-0.020327155
2;-0.000622471
3;-0.003118182
4;0.003740653
5;-0.00124533
1;0.024616628
2;0.000607718
3;0.0084695
4;0.019684501
5;-0.001182033
1;-0.009506905
2;-0.005988042
3;0.001800181
4;-0.005410293
5;-0.014572207
1;-0.017896189
2;-0.009383866
3;-0.001257862
4;-0.022916343
5;0.007058098
3;-0.017414178
4;-0.005218538
5;-0.013166747
3;-0.002654282
4;0.022339957
5;0.005184717
1;-0.025533302
2;-0.003321159
3;0.032081311
4;-0.029423502
5;-0.007994713
1;-0.03678889
2;0.01104221
3;0
4;0.068306294
5;0
1;-0.004497277
2;-0.003224769
3;-0.016938516
4;0.020163285
5;0.006418507
1;0.001278773
2;-0.007053572
3;0.017857617
4;-0.001265022
5;-0.001266625
1;0.001899336
2;0.015689057
3;-0.004993768
4;0
5;0.014907108
1;0.009205343
2;-0.006742287
3;0.006131227
4;0.009732437
5;0.010836951
1;0.014859114
2;0.003533573
3;-0.00471421
4;0.009991267
5;0.004085211
1;0.016175974
2;-0.019092278
3;0.011036998
4;0.016614533
5;-0.007413778
1;0.010817071
2;0.019069563
3;0.011599136
4;0.006022466
5;-0.002185793
1;-0.017103865
2;-0.001113586
3;-0.007830018
4;0.019461276
5;-0.008849615
1;-0.012297528
2;-0.021029476
3;0.006298332
4;0.010786366
5;0.000564493
1;0.000564175
2;0.001127396
3;0.012318185
4;0.010517672
2;0.006038997
3;0.013590859
4;-0.008676844
5;0.008676844
1;-0.002703435
2;-0.000541565
3;-0.015834347
4;0.004393198
5;-0.002194186
1;0.000548998
2;-0.010482855
3;0.014317425
4;-0.007133089
5;-0.013862157
1;-0.01349093
2;0.008453136
3;0
4;-0.00280978
5;-0.001689665
1;0.012881724
2;-0.010067199
4;0.024980483
5;0.004376375
1;-0.002185793
2;0.001093494
5;0.011031821
1;-0.008575823
2;-0.015879018
3;-0.001662879
4;0.013061995
5;0.000383215
2;0.003333245
3;-0.001091644
4;-0.009547922
5;-0.004919175
1;-0.001830131
2;-0.004116148
3;0.017186067
4;0.006498671
5;0.01335552
1;0.002092556
2;-0.007748223
3;0.006246318
4;0.000536653
5;-0.006134989
1;-0.003352442
2;0.015318351
3;-0.014993429
4;0.000162421
5;0.005937298
1;-0.007183202
2;-0.007781294
3;-0.017857617
4;-0.002505639
5;0.0071661
1;-0.017308232
2;-5.63E-05
3;-0.008484214
4;0.004251105
5;-0.011605546
1;0.014316799
2;-0.012658756
3;-0.018740638
4;-0.005779182
5;0.008743353
1;-0.00512016
2;0.011714353
3;0.013116257
4;-0.00193655
5;0.000171023
1;0.003130249
2;-0.00244645
3;0.001479964
4;-0.000341336
5;0.003408126
1;-0.000397017
2;0.00345443
3;0.005187494
4;0.001124164
5;-0.006990276
1;-0.005559352
2;-0.000739792
3;-0.00108222
4;0.006872099
5;-0.000169813
1;-0.002437159
2;-0.001533351
3;0.012931093
4;0.00397548
5;-0.003358525
1;-0.001739668
2;0.015825584
3;0.006337681
1;-0.075753179
2;0.022326672
3;0.038259605
4;0.014507453
5;0.007884835
1;0.010795082
2;-0.001998326
3;0.001134675
4;0.003181024
5;0.003546484
1;-0.000429208
2;0.005191758
3;-0.006641696
4;0.004236499
5;-0.004451484
1;-0.002421765
2;-0.00833248
3;0.001140344
4;0.010043823
5;0.008027014
1;0.001118658
2;5.32E-05
3;-0.004802827
4;0.005866996
5;0.002708518
1;0.001536872
2;-0.001695994
3;-0.003879785
4;-0.000745792
5;0.003882674
1;-0.001700139
2;0.003609346
3;-0.004833108
4;-0.005980687
5;-0.008174286
1;-0.004491957
2;0.002437902
3;-0.002546392
4;0.000108489
5;-0.005329865
1;-0.00021815
2;0.012736264
3;0.003494345
4;-0.004248575
5;0.004677805
1;-0.009810871
2;-0.004996209
3;-0.003490405
4;0.00065538
5;0.001745582
1;0.009384647
2;-0.001242605
3;0.006466237
4;-0.002743043
1;-0.008220262
2;0.002928101
3;-0.005864801
4;0.001360656
5;0.01028092
2;0.000430571
3;-0.006261491
4;0.011681558
5;-0.00284053
1;-0.029908262
2;-0.024179831
3;-0.000906875
4;0.001416631
5;-0.014085141
1;0.001147908
2;0.014634546
3;-0.0062945
4;-0.00170804
5;-0.008699191
1;-0.017921315
2;0.007811173
3;-0.004831068
4;-0.006262641
5;-0.010327927
1;-0.013317207
2;-0.016059491
3;0.00530085
4;0.015676192
5;0.009940854
1;0.005022019
2;0.008742904
3;-0.003218353
4;-0.012978002
5;-0.02142489
1;-0.009079615
2;0.039312531
4;0.013678025
5;-0.001045539
1;0.012245287
2;0.013570741
4;-0.008988569
5;0.01159038
1;0.009724914
2;-0.004991178
3;0.003871733
4;0.026690354
5;0.001906682
1;-0.007155177
2;0.010632308
3;0.016033054
4;-0.007177705
5;0
1;0.003059502
2;0.001071295
3;-0.014342961
4;-0.001413044
5;0.006072783
1;0.010432446
2;0.01133021
3;-0.005835251
4;-0.003037168
5;0.000746826
1;-0.009806364
2;-0.000269288
3;0.004996921
4;-0.002790899
5;0.000537317
1;0.002146384
2;-0.000804354
3;-0.00134203
4;0.007972007
5;-0.006093669
1;0.009073504
2;0.015866237
3;0.001672066
4;0.01851809
5;0.005723646
1;0.00715939
2;-0.011704968
3;0.014130559
4;0.001916096
5;-0.000856747
1;-0.001867226
2;0.002068879
3;0.002165211
4;-0.007624182
5;-0.003096528
1;0.00476771
2;0.00886611
3;-0.013074721
4;-0.013402421
5;0.002725708
1;-0.009235677
2;0.007436514
3;-0.007954998
4;-0.003220615
5;-0.001509984
1;-0.018140729
2;0.006189022
3;0.016734167
4;0.003365176
5;-0.005857519
1;0.010498377
2;-0.000720498
3;-0.00738926
4;0.007183308
5;0.000360388
1;0.016388369
2;0.000303782
3;-0.034977425
4;0.018748439
5;0.015570675
1;-0.005485867
2;0.004573644
3;0.009285961
4;-0.006298995
2;0.001111504
3;0.001664943
4;-0.002827
5;0.003431747
1;0.005426331
2;0.005446882
3;0.014889103
4;-0.002753333
1;0.005156296
2;0.002592639
3;0.000146552
4;0.007882102
1;0.00681014
2;-0.006713217
3;-0.005052479
4;-0.017788293
5;0.003464492
1;0.013544225
2;-0.013988988
3;0.003798816
4;-0.006917707
5;0.013934591
1;0.000586596
2;-0.008194555
3;-0.007666284
5;0.009487643
1;-0.007850535
2;0.003710763
3;-0.016079998
4;0.001153605
5;-0.006689325
2;-0.009838306
3;-0.004341282
4;-0.012826963
5;-0.000259262
1;-0.005303673
2;0.006910016
3;-0.011770356
4;-0.008946016
5;0.011614288
1;-0.014790911
2;0.005288779
3;0.002002425
4;0.010838086
5;-0.002607156
1;-0.004185639
2;-0.003519004
3;-0.01041924
4;-0.003942046
5;0.0053765
1;-0.008048869
2;0.005656969
3;-0.016797197
4;0.007548019
5;-0.001289907
3;-0.003286021
4;-0.001133756
5;-0.027047912
1;-0.018993764
2;-0.002945677
3;-0.020171448
4;0.004101563
5;0
1;0.011919912
2;0.007717664
3;0.018260744
4;-0.010602186
5;-0.015775071
1;0.016784322
2;0.001791714
3;0.005800998
4;-0.002338661
5;-0.009240916
1;-0.012512548
2;-0.009962865
3;-0.004440735
4;-0.004460543
5;0.017895124
1;0.00216475
2;-0.011791779
3;-0.001440549
4;-0.005783037
5;0.011532823
1;-0.031744999
2;-0.013105567
3;6.00E-05
4;0.011802009
5;-5.93E-05
1;-0.001541929
2;-0.006370776
3;0.02197631
4;0.039582475
5;-0.000842815
1;0.00016862
2;-0.008806153
3;-0.003919903
4;0.009855645
5;0.015547542
1;0.038964555
2;-0.020163495
3;0.012770736
4;-0.00382492
5;0.016169107
1;-0.030630596
2;0.003662307
3;-0.002130159
4;0.000328012
5;0.007623233
1;-0.040516915
2;-0.021929952
3;0.002767689
4;-0.007339589
5;-0.02389102
1;-0.043901048
2;0.000930665
3;0.025531739
4;0.011838725
5;-0.009966461
1;-0.001328342
2;0.017963479
3;-0.010259559
4;-0.010790062
5;0.00856924
1;0.008913408
2;0.030614636
3;-0.005270028
4;0.004923408
5;0.020417626
1;0.002431372
2;0.002143744
3;-0.01396005
4;-0.010917139
5;0.006621969
2;0.025218802
3;0.009579578
4;0.000332521
5;-0.0061696
1;-0.00385443
2;0.006582641
4;0.012707353
5;-0.013653032
1;-0.013503497
2;-0.004693119
3;-0.002951529
4;-0.021198553
5;0.001102568
1;-0.02906942
2;0.026979312
3;0.00023245
4;0.010807167
5;0.00573166
1;0.01232585
2;0.011729517
3;-0.005034131
4;0.008987696
5;-0.009885311
1;0.003865226
2;-0.012772715
3;0.014225311
4;-0.012188765
5;-0.006122121
1;-0.011667276
2;0.003732312
3;-0.004653175
4;-0.00086408
5;0.014247945
1;0.014775816
2;0.021104724
3;-0.001810452
4;0.018228325
1;0.001562458
2;0.006867348
3;-0.006167728
4;-0.000538126
1;-0.007944055
2;0.004169041
3;0.004743433
4;-0.008153173
5;0.00438182
1;-0.020725
2;-0.009857753
3;-0.007990432
4;0.011712348
5;0.013000789
1;0.005675942
2;0.000108838
3;-0.010337847
4;-0.003635366
5;0.00451468
1;-0.022499074
2;0.007109897
3;-0.008515458
4;0.001798764
5;-0.004728674
1;0.007700777
2;0.000783611
3;0.020380613
4;0.016474479
5;0.028599196
1;-0.001835873
2;-0.005580724
3;-0.000422453
4;0.006475581
5;0.003352895
1;-0.006559121
2;-0.011276822
3;0.014168137
4;0.011222877
5;0.005538746
1;0.011292595
2;-0.007737082
3;0.004772299
4;-0.004515144
5;0.019907487
1;0.007583213
2;0.001349899
3;-0.003152604
4;-0.004218992
5;0.00416887
1;0.004600698
2;0.002690585
3;-0.008645515
4;-0.00175822
5;-0.011987701
1;0.010528544
2;-0.00540228
3;-0.004058241
4;-0.001933449
5;-0.000407519
1;-0.011993993
2;0.006629859
3;0.001228627
4;0.023661367
5;0.012117749
1;0.003990448
2;0.000982849
3;-0.002212771
4;-0.012632373
5;-0.00755627
1;-0.00812008
2;0.010377927
3;-0.005679406
4;0.001460626
2;0.01558084
3;-0.001338788
4;-0.013386813
5;-0.000955903
1;-0.00899996
2;-0.010004677
3;-0.008966359
4;0.0065009
5;-0.014452092
1;-0.002612195
2;0.008231357
3;0.007803859
4;-0.011338166
5;0.009534739
1;-0.001031992
2;-0.006941954
3;0.001402634
4;-0.003015496
5;-0.02205875
1;-0.000745514
2;-0.012166187
3;0.009766122
4;0.003837344
5;-0.015114448
1;-0.008678256
2;0.005811917
3;-0.00521287
1;0.013303966
2;0.015829778
3;-0.000370223
4;0.007483566
5;-0.008383251
2;-0.008454125
3;0.001600598
4;-0.00422043
5;-0.004399621
1;0.015049916
2;0.003067487
3;0.011289469
4;-0.002090739
5;0.004802181
1;-0.001876369
2;-0.009909117
3;0.010951979
4;-0.009688222
5;0.005248529
1;0.009845111
2;0.003156944
3;0.003661969
4;0.010702409
5;-0.001274178
1;0.015284472
2;-0.006803604
3;-0.002835876
4;-0.005951036
5;-0.00974017
1;-0.0081726
2;0.005025266
3;0.004434368
4;0.018705471
5;0.002672652
1;0.003268059
2;-0.000502084
4;-0.014212616
5;0.005992908
1;0.003437298
2;-0.006734032
3;-0.010674531
4;0.009301917
5;0.014795634
1;0.005598335
2;-0.004045656
3;-0.004313378
4;0.023103748
5;0.024213318
1;0.020451969
2;-0.008680119
3;-0.004368478
4;0.006592857
5;0.016178168
1;-0.005270166
2;0.000607718
3;0.012815926
4;-0.002540828
5;-0.006450288
2;-0.005461816
3;0.011403163
4;-0.010046596
5;-0.005155375
1;-0.007925317
2;0.005667343
3;0.016765518
4;0.006600684
5;0.00472749
1;0.00993265
2;0.004884456
3;-0.011160628
4;-0.003107154
5;-0.01336056
1;0.000880833
2;-0.009638517
3;-0.0037031
4;-0.009721185
5;-0.000189699
1;0.005062104
2;0.007053542
3;-0.026398532
4;-0.001396211
5;0.011448953
1;0.003755739
2;-0.006187844
3;-0.006899222
4;-0.01087624
5;0.016915658
1;0.007616908
2;0.005391869
3;0.003202414
4;-0.005752833
5;0.000992603
1;0.005653193
2;0.014041047
3;0.002636876
4;-0.00793158
5;0.004182357
1;-0.008241997
2;-0.005532647
3;0.000188049
4;-0.006318987
5;0.01194409
1;0.00266088
2;0.001071687
3;0.001117059
4;0.02299269
5;0.014532253
1;-0.001883578
2;-0.007796168
3;-0.008359126
4;0.001823155
5;-0.006395636
2;-0.005652978
3;0.000691101
4;-0.016345089
5;-0.026086374
1;0.00182438
2;0.013388484
3;-0.012190047
5;0.004588699
1;0.009964968
2;-0.000944778
3;0.015056923
4;0.000791121
5;-0.002095509
1;-0.029615675
2;-0.005344131
3;-0.000434562
4;0.022822666
5;0.001037981
1;-0.000613222
2;-0.004350506
3;0.020591239
4;0.003013098
5;0.012831007
1;-0.000777125
2;-0.004859274
3;0.01332927
4;0.002762245
5;-0.006032448
1;-0.000819225
2;-0.018287589
3;0.002824664
4;-0.001064101
5;0.016572555
1;0.012262875
2;-0.003423889
3;0.00445776
4;0.007697854
5;0.003782405
1;0.011086441
2;-0.005284959
3;0.007610286
4;-0.000306809
5;-0.005715055
1;0.009827227
2;-0.007141479
3;-0.01091989
4;0.011271585
5;0.014184016
1;0.004194691
2;0.006023337
3;-0.021417623
4;-0.013100913
5;0.004474479
1;-0.012230256
2;0.005622254
3;0.012074183
4;-0.007457288
5;-0.0061309
1;0.01350026
2;0.001669303
3;0.00179797
4;-0.000613578
5;0.014017904
1;0.009123051
2;-0.001328847
3;0.010496768
4;-0.014493937
5;0.003095978
1;-0.018240221
2;0.005581004
3;0.000956106
4;-0.0023049
5;-0.009492842
1;0.002852944
2;-0.010397486
3;0
4;0.010222155
5;-0.012971724
1;-0.016387204
2;0.005177976
3;0.011298041
4;-0.019595722
5;-0.004220277
1;0.01762458
2;-0.024881407
3;-0.017746203
4;0
5;0.015728686
1;0.018733781
2;-0.001577892
3;-0.007563271
4;-0.006888242
5;-0.004404081
1;0.018223739
2;0.019448473
3;-0.007020379
4;0.002271463
5;-0.01185935
1;-0.008408729
2;-0.000908389
3;-0.000227226
4;-0.021871851
5;-0.007460633
1;0.003690644
2;-0.009887847
3;-0.01877744
4;-0.0009602
2;0.008799253
3;0.01319636
4;-0.00404916
5;-0.002267146
1;0.014319157
2;0.001537065
3;0.001767031
4;-0.006198319
5;0.00953784
1;0.000231498
2;-0.011219596
3;-0.015712688
4;-0.005101687
5;0.020439773
1;-0.008891038
2;0.006875145
3;0.007666813
4;0.001396128
5;0.007274781
1;0.009282728
2;-0.003298821
3;-0.017312843
4;0.009757988
5;-0.002036661
1;-0.008749125
2;0.011894946
3;0.005389607
5;0.004720773
1;0.000365731
2;0.003376686
3;-0.005115101
4;-0.008552956
5;-0.004628781
2;-0.010306245
3;-0.023189033
4;0.0035917
5;-0.019891546
1;0.000877364
2;-0.011072032
3;-0.025041213
4;0.013895034
5;0.016942442
1;-0.002206478
2;-0.006648797
3;0.011350079
4;-0.009030293
5;-0.003803319
1;-0.021509433
2;0.007204606
3;-0.012934699
4;-0.012074228
5;-0.003506243
1;-0.017192401
2;-0.006431568
3;0.013761444
4;0.011410912
5;-0.01664105
1;0.002409261
2;0.007400878
3;0.00543747
4;-0.023144465
5;-0.010146439
1;-0.003583754
2;0.00667577
3;0.00546754
4;0.016694177
5;0
1;0.014985037
2;-0.003956941
3;0.016595984
1;0.025253236
2;0.013342033
3;-0.004199225
4;0.004929845
5;-0.006055889
1;0.008973044
2;0.008219357
3;-0.010211825
4;-0.001119467
5;0.010464198
1;-0.002605802
2;0.022739109
3;-0.001039649
4;-0.008785525
5;0.005043307
1;-0.000379741
2;-0.015212693
3;-0.004977419
4;-0.012332295
5;-0.015769377
2;0.00268697
3;0.011167779
4;-0.012112372
5;-0.004586478
1;-0.0144445
2;0.014094666
3;0.002845094
4;0.010017937
5;0.017705637
1;0.006089917
2;-0.007205583
3;0.004213591
4;-0.016667052
5;-0.007151166
1;-0.011048736
2;-0.018537289
3;0.001375551
4;0.009727506
5;-0.017598745
1;0.009194058
2;0.001321071
3;-0.008413481
4;0.01241683
5;-0.027014124
1;-0.000883691
2;-0.001873927
3;-0.011581421
4;0.001158932
5;0.014633898
1;-0.012898014
2;-0.000736067
3;0.001944146
4;-0.015233554
5;0.001650912
1;-0.014201359
2;0.012497146
3;-0.02285937
4;0.005275909
5;0.007027436
1;0.02231962
2;0.010845468
3;-0.000469104
4;0.019361939
5;-0.011623851
1;-0.013856553
2;-0.004099874
3;-0.01181502
4;-0.004754663
5;-0.013640864
1;-0.000271466
2;-0.009383593
3;0.003884137
4;0.014419157
5;0.025294935
3;-0.016987681
4;0.019817279
5;0.010721452
1;-0.013341174
2;0.008046861
3;0.011590133
4;0.002312259
1;-0.0037537
2;0.006879584
3;-0.002202475
4;-0.011708105
5;-0.000518941
1;0.000674571
2;-0.008543499
3;-0.009620261
4;0.021736579
5;0.005772319
1;0.00333479
2;-0.006371412
3;0.018336018
4;-0.006040781
5;0.009476342
1;-0.004549598
2;-0.002384154
3;0.000406215
4;-0.008002285
5;-0.008789345
1;-0.009179848
2;-0.001146909
3;0.006809997
4;0.000466164
5;-0.003579492
1;0.002024765
2;-0.001764951
3;0.008381672
4;0.005753933
5;-0.001127627
1;0.008528074
2;-0.005404592
3;-0.014522115
4;-0.017582871
5;-0.006886715
2;0.002495289
3;0.008395646
4;-0.016060558
5;0.007930002
1;-0.011838244
2;-0.002685719
3;-0.005447253
4;-0.002707681
5;0.005354114
1;0.01008917
2;-0.008526207
3;0.001829334
4;-0.012549524
5;-0.013039852
1;-0.022588172
2;0.0041655
3;0.012448873
4;0.013117472
5;-0.006702585
1;-0.000385941
2;-0.008584219
3;0.016493741
4;-0.006421713
5;0.014377725
1;0.015991726
2;-0.000908484
3;-0.010480304
4;0.012616601
5;-0.002671084
1;-0.010377832
2;0.003237821
3;0.003119959
4;-0.01455299
5;-0.006835297
1;-0.011201044
2;0.001884806
3;-0.00066482
4;0.012447151
5;-0.011726949
1;-0.001940187
2;-0.014137868
3;0.017572203
4;-0.000553128
5;-0.006772912
1;-0.012274219
2;-0.01402675
3;0.004678505
4;-0.017050271
5;0.009221436
1;-0.012294882
2;0.02704416
3;-0.017334224
4;0.026786302
5;0.00167851
1;0.012665429
2;0.001213659
3;0.002312904
4;-0.012342078
5;0.011956965
1;0.010291874
2;0.000598917
3;0.008239422
4;0.021680777
5;-0.017855238
1;0.002417082
2;0.010035314
3;-0.005271999
4;0.009194612
5;0.005381747
1;-0.010314005
2;-0.006186356
3;0.001389929
4;0.004902754
2;-0.013594729
3;0.010293341
4;0.003779716
5;0.024355602
1;-0.005147013
2;0.014180964
3;-0.001851757
4;-0.005834834
5;-0.006494373
2;0.009545126
3;0.017503006
4;-0.012713009
5;-0.009706809
2;0.031309214
3;0.004014659
4;0.003449745
5;0.006814421
1;-0.01287186
2;0.004908846
3;0.001697454
4;-0.007460292
5;-0.012287465
1;0.007097622
2;-0.007199382
3;-0.002343353
5;-0.021445226
1;0.00452313
2;-0.000259397
3;0.010683145
4;0.006549348
5;0.00534067
2;-0.002743068
3;0.004466332
4;-0.01197192
5;-0.028170877
1;0.005677055
2;0.007831711
3;-0.01524987
4;0.014157116
5;-0.008207694
1;0.007009497
2;-0.01169236
3;0.003527341
4;0.011703373
5;-0.015758251
1;0.003844639
2;-0.013068623
3;-0.00651851
4;-0.001931642
5;-0.001666353
1;0.011181071
2;0.005147129
3;0.009691427
4;-0.009638502
5;0.031927301
1;-0.000717912
2;0.006085886
3;0.000203926
4;-0.006854247
1;0.00164111
2;-0.011596574
3;0.001139837
4;-0.013187233
5;0.001572822
1;0.009229631
2;0.00760106
3;0.000617952
4;0.002776066
5;-0.00778214
1;-0.006644543
2;-0.00114649
3;0.021765778
4;-0.004704928
5;0.003224241
1;-0.003429306
2;0.002202249
3;-0.005643356
4;0.002825659
5;-0.001540279
3;0.012357814
4;-0.001574524
5;0.002183352
1;0.006471206
2;-0.010689871
3;-0.003009669
4;-0.009341545
5;-0.000722208
1;-0.024923571
2;0.004960956
3;0.011463393
4;-0.019975433
5;-0.000903031
1;0.009941386
2;0.001051801
3;-0.009347096
4;-0.012331666
5;-0.003659263
1;0.007947204
2;0.002083724
3;0.013044355
4;-0.003060204
5;-0.006574088
1;-0.004424668
2;0.005753572
3;-0.009983266
4;-0.005325886
5;-0.034684923
1;0.005513338
2;0.008681522
3;-0.013580764
4;-0.013598007
5;0.011698671
1;-0.00431482
2;0.011168933
3;0.00177551
4;-0.00199767
5;0.005152509
1;-0.013295331
2;-0.004321358
3;0.009181567
4;0.005224847
5;0.007291239
1;-0.014691879
2;-0.0060501
3;-0.005069862
4;-0.007596408
5;-0.009491209
1;-0.01132371
2;0.001799553
3;0.022877471
4;-0.00568474
5;-0.006692432
1;0.029908666
2;0.010362213
4;0.00807098
5;0.001857518
1;-0.005198797
2;0.018913607
3;0.004780201
4;-0.007367803
5;-0.006933188
1;-0.000870038
2;0
3;0.019928488
4;0.01581918
5;-0.007693156
1;-0.004825164
2;-0.004528149
3;0.001387259
4;-0.004488866
5;0.012719365
1;-0.000634786
2;-0.010372158
3;-0.006975026
4;-0.015737247
5;-0.004055689
1;-0.025586801
2;0.022286286
3;0.010905114
4;0.006518928
5;0.005130848
1;-0.00361586
2;-0.000378532
3;-0.008200551
4;0.022218343
5;-0.008408587
1;-0.021088884
2;-0.005673852
3;0.011534153
4;0.001745963
5;0.021037509
2;-0.003582796
3;0.005502592
4;0.001118181
5;-0.003785561
2;0.019257817
3;0.017967976
4;-0.006091599
5;-0.00701502
1;-0.000573768
2;-0.000156539
3;-0.003240647
4;-0.006407585
5;0.005097896
1;0.008768323
2;0.014291485
3;0.007095306
4;-0.003005529
5;0.002140455
1;-0.005052707
2;-0.010441139
3;0.006133882
4;0.002155948
5;0.00842508
1;0.007093306
2;0.011245663
3;0.008896458
4;0.001532719
5;-0.00093913
1;-0.018264892
2;0.00145945
3;-0.002618462
4;-0.013758308
5;0.002297736
1;0.003563796
2;0.007896776
3;-0.013656074
4;0.003978988
5;-0.005974435
1;-0.006577281
2;-0.003770568
3;0.002326003
4;0.008431493
5;0.012009711
1;-0.00812641
2;0.00691165
3;0.011280776
4;-0.00305941
5;0.013173843
1;-0.000942344
2;-0.006671338
3;0.001996108
4;0.001046364
5;-0.016317671
1;-0.01355642
2;-0.008657617
3;0.006294521
4;0.009266199
5;-0.006287561
1;0.007611592
2;0.001118967
3;0.001320803
4;0.003597946
5;-0.001265406
1;0.014780823
2;0.002093824
3;0.011142866
4;-0.005184557
5;0.012202474
1;0.005267791
2;0.007174049
3;-0.003095978
4;0.005315306
2;0.003223714
3;0.005843488
4;-0.010272748
5;0.001060957
1;0.002839749
2;0.00799449
3;-0.010641458
4;0.005239011
5;0.003111167
1;0.011404258
2;-0.002128415
3;0.004770799
4;-0.002689632
5;0.010341354
1;-0.00356039
2;0.007480865
4;-0.004668979
5;-0.010065463
1;-0.011888485
2;-0.003210276
4;0.000815524
5;0.013999562
1;-0.006594421
2;0.01004034
3;0.001177385
5;0.005772631
1;-0.007657113
2;0.004282057
3;-0.012378501
4;0.005215754
5;0.001512216
2;0.007151962
3;-0.007435328
4;-0.004117862
5;0.000805974
1;0.005199482
2;-0.004773053
3;0.002082151
4;0.00837928
5;-0.014733927
1;0.008904104
2;0.007843546
3;-9.36E-05
4;-0.005207001
5;-0.006795684
1;0.000568074
2;-0.002416547
3;-0.003421569
4;-0.011297932
5;0.003412398
1;0.006408745
2;0.009867253
3;-0.00241038
4;-0.000189295
5;0.005098439
1;-0.00230996
2;-0.003309226
3;0.001041223
4;0.006036615
5;-0.01325275
1;-0.009430645
2;-0.001203167
3;0.002548997
4;-0.004091166
5;-0.011057339
1;-0.010342976
2;-0.019906106
3;0.002810824
4;0.006096361
5;-0.007249851
1;-0.016443162
2;0.011109816
3;-0.01427761
4;0.010486759
5;-0.005993517
1;-0.000917431
2;0.003766291
3;0.013823245
4;0.006989893
5;0.006694295
1;-0.005053769
2;-0.006928377
3;-0.001301301
4;0.000350517
5;-0.00602593
1;-0.003633065
2;0.001212489
3;-0.000555542
1;0.003378978
2;0.016527651
3;-0.009303781
4;0.008560673
5;0.001485664
1;-0.000197961
2;-0.00118859
3;-0.007510792
4;-0.012712142
5;-0.003545923
1;0.003242479
2;-0.002836594
3;0.006774203
4;0.00572722
5;0.004298932
1;0.00770171
2;0.010732675
3;-0.001960689
4;0.013305911
5;0.007236271
1;0.002784046
2;-0.002543737
3;-0.003948387
4;0.004620947
5;-0.001345572
1;-0.005980821
2;0.006942129
3;0.010466295
4;0.000332739
5;0.001424772
1;0.012123076
2;-0.004511286
3;0.008722212
4;-0.002664861
5;0.007741132
1;-0.000511117
2;0.004590674
3;-0.006870646
4;-0.005184142
5;0.005370457
1;-0.001631436
2;0.011456792
3;-0.004529914
4;0.003145384
5;0.009148438
1;-0.002290742
2;-0.002112127
3;-0.012348405
4;0.001255668
5;0.005006965
1;-0.005564845
2;-0.011552711
3;-0.00042348
4;0.007361766
1;0.000793892
2;0.020834568
3;0.011861888
4;-0.000723131
5;-0.002988456
2;0.010779709
3;-0.005352778
4;0.000450918
5;0.009913729
1;-0.005146461
2;0.005057184
3;-0.00299542
4;8.95E-05
5;0.009757044
1;0.009531026
2;-0.000878696
3;-0.001891815
4;0.008550621
5;0.011029204
1;0.001251538
2;0.013068721
3;-0.017347681
4;-0.00704167
5;-0.022854608
1;0.00671636
2;-0.001952432
3;-0.01706763
4;-0.000542324
5;-0.003940669
1;0.00867606
2;-0.013088066
3;0.011421962
4;0.013340694
5;0.01316506
1;0.00389847
2;0.000961328
4;0.006182804
5;0.001388046
1;0.005015576
2;-0.001251538
4;-0.02567552
5;0.011366262
1;0.010415172
2;-0.002169951
3;0.012906747
4;0.007477549
5;-0.009237546
1;0.014417585
2;0.01713104
3;-0.005887159
4;0.008257272
5;0.007159293
1;-0.007865581
2;0.001578073
3;0.013436852
4;0.007667561
5;-0.012674959
1;0.002014182
2;0.019358067
3;-0.007195148
4;0.015338156
5;0.00537882
1;-0.003183956
2;-0.002194865
3;0.015145797
4;0.006706302
5;0.015167381
1;-0.000808797
2;-0.005137626
3;0.006639157
4;0.011133118
5;-0.000380532
1;0.002698647
2;-0.006473747
3;-0.008710221
4;-0.007582241
5;-0.00482679
1;0.001988033
2;0.015380163
3;-0.002111366
4;0.010398442
5;-0.008248729
1;-0.002880131
2;0.019574121
3;0.005453294
4;0.012190045
5;0.003476849
1;0.000332257
2;-0.008525833
3;-0.016704906
4;-0.003640643
5;0.005115876
1;-0.021857958
2;-0.005578815
3;0.008818809
4;-0.01673663
5;0.012994269
1;-0.003019513
2;0.01729615
3;0.00925476
4;0.003015798
2;-0.028597921
3;-0.020148957
4;-0.006263896
5;0.001390959
1;0.021335505
2;0.002601287
3;0.014856141
4;-0.003674223
5;-0.012889462
1;-0.003306946
2;0.021016063
3;0.000152625
4;-0.002215348
5;-0.026188837
1;-0.009821983
2;-0.003176244
3;0.007487704
4;0.002444122
5;-0.001379012
1;0.005504673
2;0.020415209
3;0.013963297
5;0.005968137
1;0.006568969
2;-0.007850248
3;-0.003248228
5;-0.003562499
1;0.022227309
2;0.009791864
3;0.020021782
4;0.00050445
5;0.002985453
2;-0.011995664
3;0.012749608
4;-0.016172274
5;0.007702687
1;-0.039949199
2;0.009597075
3;-0.036899788
4;-0.001549667
5;0.001820612
1;0.006788316
2;0.0088022
3;0.004144571
4;0.020840737
5;0.010498784
1;-0.012246939
2;-0.008223731
3;0.011939549
4;0.023495995
5;0.017311164
1;-0.004496475
2;-0.011981793
3;-0.003953363
4;-0.004370477
5;0.006330977
1;0.001848061
2;0.008148594
3;0.029229638
4;0.009095706
5;-0.000898939
1;-0.011375421
2;0.029542158
3;-0.011787956
4;0.009407407
5;-0.000851571
1;0.004488124
2;-0.006091044
3;0.007074378
4;-0.007313331
5;0.004258442
2;0.003088779
3;0.012561837
4;-0.009888084
5;-0.02807238
1;-0.000904222
2;0.016220676
3;0.027818018
4;-0.010038565
5;0.017468858
1;-0.001223525
2;0.000463131
3;0.015001348
4;0.002082995
5;-0.008554875
1;-0.018901902
2;-0.002777547
3;0.017604919
4;0.006301921
5;-0.01982684
1;-0.004314604
2;0.005081923
3;-0.025192971
4;-0.000752677
1;-0.017852992
2;0.022769356
3;0.014572145
4;-0.007445499
5;-0.01808491
1;-0.001930103
2;-0.010159764
3;0.000836091
4;-0.015193008
5;-0.020683371
1;0.012660894
2;0.040305787
3;-0.001096041
4;0.003079558
5;-0.000854482
1;0.005592131
2;-0.007234786
3;-0.015567337
4;-0.010842679
5;-0.003346429
1;0.022503435
2;0.01438578
3;0.001155559
4;0.011617043
5;-0.000402982
1;0.013445412
2;-0.006750154
3;0.008802728
4;-0.006070576
5;-0.006609939
1;0.001138152
2;0.006436252
3;0.015371724
4;-0.000916981
5;0.013634874
1;-0.005184717
2;-0.004428244
3;-0.013238265
4;-0.0211878
5;-0.001893236
1;0.016045997
2;-0.000133213
3;-0.003436372
4;0.000233914
5;-0.011729453
1;-0.003827464
2;0.014554042
3;-0.010692772
4;-0.034810049
5;-0.002769065
1;-0.02826515
2;-0.04365282
3;0.060977328
4;-0.028251991
5;-7.30E-05
1;0.01762208
2;-0.004709782
3;0.016972876
4;-0.014489387
5;-0.027220249
3;-0.004665293
4;0.00229834
5;-0.000666716
1;0.027085484
2;0.003455976
3;0.002870884
4;0.0109057
5;0.014253527
1;-0.020903978
2;-0.005797325
3;0.009074732
4;0.00613401
5;0.008938371
1;0.022208122
2;-0.001851979
3;-0.003679825
4;0.004160298
5;-0.001510834
1;0.007667857
2;0.009131244
3;-0.009233551
4;-0.036006459
5;0.000636177
1;0.002822568
2;0.025703528
3;-0.00651109
4;0.000414665
5;-0.025047659
1;0.016442769
2;-0.004050426
3;0.005582513
5;0.000347874
1;0.022152043
2;0.012172593
3;0.007833463
5;0.013184238
1;0.011159406
2;-0.011488548
3;-0.010257518
4;-0.017378322
5;-0.011949689
1;-0.019819752
2;0.014014868
3;0.005804883
4;0.004442477
5;0.01465612
1;0.003655821
2;0.007105596
3;-0.00339638
4;-0.003173704
5;-0.007523378
1;0.011497269
2;0.017018172
3;0.011823664
4;0.014625548
5;0.012147503
1;0.004843081
2;0.000282313
3;-0.00695551
4;0.007331803
5;0.008460472
1;0.001304834
2;0.004615369
3;0.001297137
4;-0.019101022
5;0.002827345
1;0.011664304
2;0.017031892
3;0.000365731
4;-0.009521986
5;0.003654178
1;0.003365976
2;-0.003427281
3;0.02599042
4;0.014469801
5;0.007303263
1;0.007221299
2;-0.009269042
3;-0.009887959
4;0.004279123
5;0.025412038
1;0.012184311
2;-0.001248688
3;0.005070186
4;-0.003622987
5;0.003848989
1;0.016278289
2;0.017356764
3;-0.002406411
4;0.009862228
5;5.42E-05
1;-0.002388385
2;0.015744536
3;0.021225589
4;-0.009181255
5;0.006952886
1;-0.002627984
2;0.019569382
3;0.002062228
4;0.013454265
5;-0.00099137
1;0.013840702
2;-0.021166555
3;-0.007560598
4;0.00530355
2;-0.006905286
3;0.004360003
4;-0.010012373
5;0.00407396
1;0.006221542
2;-0.006532343
3;-0.006575295
4;-0.0033955
5;-0.008777057
1;-0.026559109
2;0.023527094
3;-0.011529638
4;0.038610941
1;0.023763812
2;-0.007409911
3;0.00064366
4;-0.010463807
1;0.027989106
2;-0.007473266
3;0.008100365
4;-0.001937314
5;-0.005436012
1;-0.011321342
2;0.008965321
3;0.016710317
5;0.00045939
1;0.014446552
2;0.001743552
3;-0.024225203
4;-0.000610038
5;0.006514358
2;0.011274532
3;0.015150204
4;-0.007338817
5;0.015900953
1;0.004655756
2;-0.000647123
3;0.001602766
4;-0.01604545
5;-0.022180083
1;-0.011278544
2;0.001982888
3;0.01964979
4;-0.009981434
5;-0.006176076
1;-0.002157605
2;0.011480046
3;0.014964809
4;0.018602865
5;0.002824394
1;0.007689128
2;-0.010599163
3;0.013523155
4;-0.002018145
5;0.012222482
1;0.001559983
2;0.005087821
3;0.001572697
4;-0.004788041
5;-0.014653584
3;0.020452656
4;0.003178425
5;0.006939859
1;-0.004469376
2;-0.010776782
3;-0.023873204
4;0.003729896
5;-0.007221668
1;-0.015789537
2;-0.004158866
3;0.004076727
4;0.014022346
5;-0.004854964
1;-0.019893455
2;-0.011580756
3;-0.0178164
4;-0.001966019
5;0.018299062
1;-0.025668811
2;-0.024012673
3;0.025597931
4;0.001516957
5;0.010877715
1;-0.002782403
2;0.03440304
3;0.000598863
4;-0.00930946
5;-0.035816792
1;-0.001586071
2;0.023069401
3;-0.02924984
4;-0.04375529
5;-0.009838287
1;0.015054738
2;-0.032098736
3;0.022609546
4;-0.022562924
5;0.012072855
1;0.001245583
2;0.028909521
3;-0.010999507
4;-0.047014159
5;-0.003072122
1;0.037428527
2;-0.0045354
3;0.008433778
4;-0.056271719
5;-0.01717807
1;-0.036012217
2;0.001593273
3;0.022388025
4;-0.012535231
5;-0.021083552
1;0.008137549
2;-0.000176787
3;-0.042577204
4;-0.051307284
5;0.000371885
1;-0.019688194
2;0.051214765
3;-0.01244448
4;-0.045477539
5;0.043930029
1;0.05363592
2;0.004747669
3;0.024757699
4;0.000362917
5;0.008246053
1;0.001547429
2;0.02821669
3;-0.014925349
4;-0.005788669
5;-0.007971069
1;0.016285044
2;0.028935354
3;-0.016226126
4;-0.002915283
5;0.011275589
1;0.013160515
2;0.003925499
3;0.027663505
4;-0.024170378
5;-0.002101657
1;-0.000922783
2;-0.011382916
4;0.004360335
5;0.000561604
1;0.016598192
2;-0.005615084
3;0.003030192
4;0.025758126
5;0.025553161
1;0.011272903
2;-0.001673349
3;0.002720694
4;0.016919108
5;0.009002828
1;-0.027601338
2;-0.041175695
3;-0.010473983
4;0.017856502
5;0.006149523
1;0.008690022
2;-0.001541803
3;0.001910317
4;-0.006819556
5;-0.013777532
1;-0.008830169
2;0.002875849
3;0.009134043
4;0.011718088
5;-0.015929269
1;0.029759511
2;0.004475419
3;0.013506183
1;0.000175585
2;0.004636674
3;0.013163728
1;0.050650121
2;0.012764479
3;0.022139423
4;-0.015049272
5;0.003480382
1;-0.010303951
2;-0.024379113
3;-0.03523695
4;0.00963835
5;0.01434474
1;0.023609241
2;-0.008633683
3;0.017823732
4;-0.008624173
5;-0.032963725
1;0.00779917
2;0.005043054
3;0.006566005
4;0.024482499
5;0.012336472
1;0.012183813
2;-0.014121339
3;-0.01298105
4;-0.005126707
5;-0.004839619
1;0.00161902
2;-0.02820568
3;-0.009094115
4;0.017441028
5;-0.002946133
1;0.001188843
2;-0.003170926
3;-0.016629291
4;0.013438376
5;0.022294981
1;0.008529114
2;0.010052856
3;0.001365528
4;-0.01461611
5;-0.014461473
1;-0.014988607
2;0.004103621
3;-0.011044732
4;0.020719586
5;0.02454231
1;-0.00324905
2;-0.00387967
3;0.000603212
4;0.005288336
5;-0.002237001
1;0.002413833
2;0.000293855
3;-0.003910799
4;-0.004239178
5;0.016072931
1;-0.005367906
2;-0.028417202
3;-0.005237409
4;0.019243636
5;-0.005161946
1;0.009176107
2;-0.002813531
3;0.013405702
4;0.007586895
2;0.017489809
3;0.003145255
4;0.002927596
5;0.00746279
1;-0.001867371
2;0.002845546
3;-0.00416444
4;-0.008919331
5;-0.002259757
1;0.0180714
2;-0.029209929
3;0.008971525
4;5.83E-05
5;-0.006878455
1;0.005141099
2;0.024558253
3;-0.003700826
4;-0.000724884
5;0.007706649
1;0.0084741
2;-0.000966065
3;-0.015983589
4;-0.008028627
5;-0.010131367
1;0.013336294
2;0.000650789
3;0.001105141
4;0.013930746
5;-0.021065551
1;-0.017472043
2;0.014903893
3;0.014541065
4;0.010457231
5;-0.005392279
2;-0.005551827
3;0.000662822
4;-0.011545413
5;-0.002638438
1;0.008365758
2;-0.008678667
3;0.00038243
4;0.00903827
5;-0.002361254
1;0.013714582
2;0.000758073
3;0.003354488
4;-0.009405548
5;0.001104163
1;-0.003069119
2;0.010418076
3;0.014285749
4;0.006010794
5;0.006805702
1;0.001217438
2;-0.001552329
3;-0.012501687
4;-0.010644042
5;-0.003913643
1;0.010884896
2;0.008607421
3;0.007251891
4;0.015887286
5;0.002472393
1;0.016563112
2;-0.001135208
3;-0.006480181
4;-0.006686541
5;0.003599545
1;0.003104155
2;-0.014612016
3;0
4;0.015338864
5;-0.001905077
1;-0.008202264
2;-0.01536837
3;-0.010396156
4;-0.00260265
5;-0.011001206
1;-0.010081159
2;0.006848791
3;0.000584991
4;-0.028006057
5;0.017416645
1;-0.000956629
2;-0.005295101
3;-0.006577645
4;-0.019961209
5;-0.004031034
1;0.01626518
2;-0.011138229
3;0.005543629
4;0.022401485
5;0.015595877
1;0.0055032
2;0.004698784
3;-0.000109387
4;-0.015832629
5;0.014210511
1;0.003426591
2;0.011752787
3;0.019375434
4;3.02E-05
5;0.002877458
1;0.003167693
2;-0.014755866
3;0.009576548
4;-0.018027531
5;0.026407345
1;-0.000927154
2;0.002543869
3;0.000145291
4;0.007833597
5;0.005930546
1;-0.006066223
2;-0.004119328
3;-0.007558205
4;-0.004615937
5;0.000812074
1;0.007757838
2;-0.014539575
3;-0.009761488
4;0.007224091
5;-0.013207209
1;0.012198276
2;-0.011526824
3;-0.001947352
4;0.01234662
5;-0.008936845
1;0.011507904
2;0.012497505
3;0.006541345
4;0.010714562
5;-0.004296201
1;8.89E-05
2;-0.013604463
3;-0.012026417
4;-0.004184416
5;-0.013001868
1;-0.006456986
2;0.021109021
3;-0.002916341
4;0.005350647
5;0.01625218
1;-0.00182303
2;0.00795877
3;-0.002454892
4;0.011345287
5;0.029056006
2;0.002023064
3;0.003936291
4;0.00525272
5;0.006484129
1;0.003785106
2;0.000558428
3;0.010800761
4;0.015760481
5;0.001835776
1;0.007097177
2;0.002484296
3;-0.002464984
4;0.013065485
5;0.003216122
1;-0.022144387
2;0.000953321
3;0.007060389
4;0.030968195
5;0.008258967
1;-0.004285628
2;-0.006026785
3;0.007421444
4;-0.00507099
5;0.021042631
1;0.007637116
2;0.004443856
3;-0.008599507
4;0.01114572
5;-0.012243437
1;0.009923054
2;0.005172877
3;-0.006190419
4;0.001812058
5;-0.006839021
1;0.003394566
2;0.001471447
3;0.016510801
4;0.01938993
5;0.020917815
1;-0.00308549
2;-0.001267413
3;0.001829431
4;0.020443114
1;-0.006896469
2;-0.042346778
3;-0.03449496
4;-0.005414563
5;0.016288309
1;0.019044482
2;-0.005722918
3;-0.00560896
4;0.00904806
5;0.027005287
1;0.009516659
2;-0.029497446
3;-0.004149299
4;0.010613523
5;-0.004989888
1;0.001677779
2;-0.01654131
3;0.008683936
4;0.007416218
5;0.007478536
1;-0.012508437
2;0.019874303
3;0.029598723
4;0.033535073
5;0.020289798
1;-0.011561675
2;0.015051591
3;-0.00414663
4;-0.010270045
5;0.01272414
1;-0.002977224
2;-0.028428532
3;-0.007638291
4;0.017816708
5;-0.015099717
1;-0.015867332
2;-0.000665516
3;0.01132859
4;0.007849732
5;0.017911335
1;-0.013979141
2;0.014353951
3;0.010501989
4;0.0347502
5;0.005628241
1;0.004880527
2;-0.016035355
3;-0.015153393
4;0.01228987
5;0.013430223
1;-0.026988042
2;0.002115505
3;-0.025746101
4;0.011181505
5;0.007283435
1;0.007621243
2;-0.004993153
3;-0.00659994
4;-0.001750136
5;0.015191184
1;0.013513941
2;0.011321763
3;-0.002888769
4;-0.029904017
5;-0.004407989
1;-0.025094098
2;0.014842961
3;-0.030184494
4;0.030518739
5;0.01340901
1;0.008973511
2;-0.016391525
3;-0.003635169
4;0.004101408
5;-0.032221635
1;-0.000852696
2;0.01423683
3;0.003089194
4;0.010975058
2;0.013665106
3;0.011105316
4;-0.022631404
5;0.027135498
2;0.02198341
3;-0.019505067
4;0.008677754
5;0.008286912
1;-0.004799331
2;-0.022479938
3;-0.016824654
4;0.018474884
5;0.010778473
1;-0.008877498
2;0.02550321
3;-0.016039771
4;-0.000167377
5;-0.040473518
1;-0.016579416
2;0.008885332
3;-0.019951942
4;0.016873317
5;-8.32E-05
1;0.012320291
2;0.019211133
3;0.015805219
4;0.026632988
5;0.011121748
1;-0.002589692
2;-0.010039319
3;-0.013947066
4;0.003864187
5;0.003884433
2;-0.002478236
3;0.011454405
4;-0.01449906
5;-0.008746906
1;0.007545505
2;0.007620205
3;-0.009836286
4;-0.002449553
5;0.010824799
1;0.006230787
2;-0.002762586
3;0.006051908
4;-0.031848876
5;0.007117446
1;0.009560853
2;-0.002107168
3;-0.004950051
4;-0.001351742
5;0.017204805
1;-0.012035333
2;0.000451541
3;0.007086926
4;0.005165242
1;0.007413445
2;-0.015945469
3;-0.002987016
4;0.010515547
5;-0.015298248
1;0.005930598
2;-0.005963086
3;0.004490276
4;0.002849778
5;-0.014823223
1;0.019566598
2;-0.001560256
3;-0.00036441
4;-0.027162271
5;0.016607385
1;0.008888852
2;0.002053408
3;0.005760696
4;-0.001163506
5;-0.001454763
1;0.008563866
2;0.004114465
3;0.007127289
4;-0.00731867
5;-0.006196688
1;-0.003451323
2;-0.008852713
3;-0.001845505
4;-0.006135646
5;0.020400431
1;0.003014356
2;0.002863612
3;9.50E-05
4;-0.001387628
5;0.028015655
1;0.015822997
2;-0.009517391
3;-0.008784585
4;0.00552702
5;-0.019368569
1;-0.004238191
2;0.003408412
3;-0.019434246
4;0.010452286
5;-0.003510269
1;-0.014047546
2;0.001159946
3;-0.019253218
4;-0.023801695
5;0.00060895
1;0.012338523
2;-0.006685514
3;0.004079648
4;-0.001387084
5;-0.007060166
1;0.013096391
2;0.008030055
3;-0.016430017
4;0.006173597
5;-0.012182597
1;-0.023989566
2;0.005425464
3;-0.030942795
4;0.005789004
5;0.012196012
1;0.003921912
2;-0.003437218
3;-0.021626067
4;0.02151563
5;0.013582485
1;0.00533582
2;0.022613965
3;-0.007275276
4;-0.011129094
5;0.009699251
1;0.004442234
2;0.015884378
3;0.001778756
4;-0.001364627
5;-0.000217201
1;-0.00732172
2;0.005311549
3;-0.007866666
4;-0.010292638
5;-0.019915882
1;-0.018015755
2;0.030702746
3;0.012101273
4;-0.00297501
5;-0.019468706
1;-0.02300386
2;0.009787888
3;-0.022672379
4;0.018060559
5;0.015183889
1;0.004169859
2;-0.016684278
3;-0.001413041
4;-0.022116672
5;7.08E-05
1;-0.023378178
2;0.034514388
3;-0.001611001
4;-9.19E-05
5;-0.007609893
1;0.023061302
2;-0.004984531
3;-0.014216785
4;-0.009545116
5;-0.011257493
1;0.008177734
2;0.012049427
3;-0.032848561
4;-0.00128067
5;0.004298846
3;0.012614334
4;0.010774658
5;0.000982526
2;-0.021752076
3;-0.020004238
4;0.022947014
5;-0.010017355
1;-0.004389598
2;-0.01221673
3;-0.001739048
4;0.008705485
5;0.022807374
1;-0.000164557
2;-0.012369229
3;0.021024735
4;-0.004075191
5;-0.002465427
1;0.006314559
2;-0.007341477
3;0.010322024
4;0.005806522
5;-0.001527786
1;-0.006385925
2;0.004955516
3;0.013652857
4;-0.016602879
5;-0.012510727
1;-0.000494427
2;0.004943552
3;-0.01727133
4;0.003699595
5;-0.010639306
1;0.008214945
2;-0.003556986
3;-0.016656422
4;0.010626812
5;-0.01936402
1;-0.001856908
2;-0.006468794
3;-0.013493674
4;-0.00400665
5;-0.024063556
1;0.017184352
2;0.004175864
3;-0.013008687
4;-0.004881967
5;-0.009295429
1;0.014428879
2;0.016340489
3;0.004825911
4;-0.008243701
5;-0.012911524
1;-0.023841775
2;-0.010648976
3;-0.013855286
4;0.01207807
5;-0.01417782
1;-0.01106442
2;0.01763077
3;-0.02256309
4;-0.040405229
5;0.025842405
1;0.034475667
2;0.021389951
3;-0.016401245
4;0.001453191
5;0.004358528
1;0.005780057
2;-0.040434389
3;0.013462135
4;0.016957743
5;-0.003660813
1;0.008429827
2;0.028155496
3;0.005667401
4;0.002083055
2;-0.00592328
3;0.030262146
4;-0.004557077
5;-0.005619725
1;-0.00967905
2;0.005097375
3;-0.003063072
4;0.013570992
5;0.017045549
1;0.011423091
3;-0.011972025
4;-0.021005343
5;-0.000278577
1;0.007845526
2;0.003342581
3;-0.004514492
4;0.02061245
5;-0.007018289
1;-0.014388347
2;0.010226842
3;-0.00387465
4;0.012588175
5;0.008118724
1;0.002444582
2;0.007303362
3;-0.011079032
4;0.004559151
5;-0.013263637
1;0.004358147
2;-0.011490369
3;-0.017840485
4;0.001820441
5;-0.003946032
2;0.015263819
3;-0.003592201
4;-0.007872273
5;-0.002471241
1;-0.003952705
2;-0.019856371
3;0.007817719
4;-0.010620998
5;-0.010099783
1;-0.016063213
2;0.007554316
3;-0.005577696
4;-0.00689346
5;0.009439299
1;0.005730443
2;-0.023822504
3;-0.00650545
4;0.014883587
5;0.017718578
1;0.013530159
2;-0.017278566
3;-0.005905087
4;-0.009962253
5;-0.024592302
1;0.00558708
2;-0.010793274
3;-0.011877066
4;0.009467361
5;0.012779208
1;-0.000493631
2;-0.008842908
3;-0.022556217
4;0.012837634
5;-0.01012944
1;0.006376252
2;-0.011532226
3;-0.017122024
4;0.014341987
5;0.025493594
1;0.013311052
2;0.010238033
3;0.005113235
4;-0.004486159
5;-0.011345983
1;0.006924486
2;-0.002891915
3;-0.013028871
4;-0.019835518
5;-0.008686845
1;0.015221917
2;0.008558191
3;-0.005793919
4;-0.010461977
5;-0.021791775
1;0.00293872
2;0.009025336
3;-0.00471235
4;-0.000548763
5;0.02201597
1;-0.002192959
2;-0.018530573
3;0.003972811
4;-0.027472804
5;-0.003093727
1;-0.012778177
2;0.009497286
3;-0.022156454
4;-0.02006406
5;-0.015120152
1;-0.00676805
2;-0.076780846
3;0.013337593
4;-9.48E-05
5;-0.050957261
1;0.02674498
2;-0.011340477
3;-0.020677378
4;-0.039535194
5;-0.023085702
1;0.055462266
2;0.010731629
3;0.018451017
4;0.009438331
5;0.01626036
1;-0.018420555
2;0.009961284
3;-0.005058934
4;0.041745467
5;-0.007425374
1;0.001787221
2;0.001140232
3;0.03352577
4;0.0026127
5;0.001430622
1;-0.028764238
2;0.022196537
3;0.02362954
4;-0.016782875
5;-0.01701777
1;0.01775515
2;0.026026102
3;0.006841812
4;-0.024344673
5;0.022622416
1;-0.021529019
2;-0.030415179
3;0.020798541
4;0.005890996
5;0.000563165
1;0.026188601
2;-0.005286683
3;0.007053104
4;0.01759747
5;-0.012932486
1;-0.030978108
2;0.042299865
3;0.002058908
4;0.000478565
5;0.00218668
1;0.015828977
2;-0.014473978
3;-0.007975519
4;0.009341729
5;-0.005664082
1;-0.002066053
2;-0.017361378
3;-0.009028962
4;8.32E-05
5;0.00676762
1;-0.002733813
2;0.014544773
3;0.032220314
4;0.000391154
5;-0.007817836
1;-0.01883909
2;-0.00095518
3;-0.009105598
4;-0.02242358
5;-0.016145382
1;0.032897443
2;-0.001131031
3;-0.002722392
4;-0.009264072
5;0.016271816
1;0.000613235
4;0.019588761
5;0.007252841
3;-0.009590493
4;0.021759424
5;0.000339599
1;-0.014465215
2;-0.010333696
3;0.004133221
4;-0.015708044
5;0.008637119
1;-0.022361638
2;0.014366542
3;-0.020779109
4;0.011266092
5;-0.006003722
1;-0.005646581
2;0.005167691
3;0.000919356
4;0.012783022
5;-0.005284486
1;0.010828013
2;-0.012660519
3;-0.015496681
4;0.012312511
5;-0.001415206
1;-0.013107461
2;-0.020629568
3;-0.007910025
4;0.005097182
5;0.000788859
1;0.012521762
2;-0.003511618
3;0.006090293
4;0.014751637
5;-0.011880258
1;-0.006866104
2;-0.021083119
3;-0.004089302
4;0.011313471
5;-0.009849571
1;0.014090406
2;0.008193146
3;0.019132254
4;0.008614205
5;0.005236111
1;0.026617332
2;-0.005809648
3;0.001611973
4;0.006162129
5;0.002727783
1;-0.009192913
2;-0.007901632
3;-0.005924363
4;0.005086769
5;0.009083637
1;0.008135367
2;0.004124811
3;-0.008894253
4;-0.005204886
5;0.004720386
1;-0.002874888
2;0.008617273
3;-0.001052829
4;0.013923212
2;-0.013030291
3;0.001064842
4;-0.020490174
5;-0.004994482
1;-0.01873634
2;0.00720119
3;0.012891716
4;-0.017915616
5;0.006004622
1;0.007624792
2;0.021151776
3;-0.000313178
4;-0.001844085
5;0.003825893
1;-0.010246787
2;0.000677482
3;-0.007601337
4;-0.016031082
5;-0.000653267
1;-0.005110632
2;0.007277568
4;-0.009270352
5;-0.015186335
1;0.00282957
2;-0.016358347
3;0.024740297
4;-0.003904051
5;-0.013083119
1;0.010465069
2;0.016261037
3;0.005415789
4;-0.001098725
5;-0.00525744
1;-0.009541339
2;-0.000352275
3;-0.016712344
4;0.003530279
5;-0.000958634
1;0.005352881
2;-0.004859623
3;-0.001088257
4;-0.017384984
5;0.003397865
1;-0.011171881
2;-0.038897805
3;0.003346681
4;0.00456609
5;-0.019193908
1;0.001160939
2;0.020759728
3;-0.025786078
4;-0.011914098
5;-0.029298029
1;0.042609486
2;-0.001354911
3;-0.017467836
4;-0.026653139
5;-0.008527752
1;-0.034892819
2;0.026135082
3;-0.01748146
4;0.011190472
5;0.040632385
1;-0.000159069
2;-0.042377457
3;-0.030531017
4;0.02016335
5;0.043959721
1;-0.001276933
2;-0.010248404
3;-0.04351764
4;-0.040259438
5;0.000353003
1;-0.055476497
2;-0.001785728
3;0.036422326
4;0.020945207
5;-0.055491549
1;-0.053876875
2;-0.025574358
3;-0.015251738
4;0.04083562
5;0.007225273
1;0.068009375
2;-0.004716878
3;0.010457431
4;-0.052496319
5;0.001436924
1;-0.04087823
2;0.052951588
3;-0.004356787
4;0.035426654
5;0.017404362
1;-0.024515421
2;0.007636235
3;-0.045074467
4;0.040574989
5;-0.000272629
1;0.03463817
2;-0.015112141
3;0.012876613
4;0.030347874
5;-0.018686566
1;-0.015666206
2;0.02818224
3;-0.043141117
4;-0.02606083
5;0.010283788
1;-0.028153817
2;-0.045687513
3;0.013375257
4;-0.009292896
5;0.033601342
1;-0.014535297
2;0.030718813
3;0.029085205
4;-0.046757507
5;-0.026781803
1;-0.004515641
2;-0.009311346
3;-0.036593378
4;-0.0248994
5;-0.012499303
1;-0.033954992
2;-0.018602264
3;0.015401367
4;0.061298081
5;-0.003700964
1;-0.060448185
2;0.018234508
3;0.038927507
4;-0.02751006
5;-0.033819116
1;-0.01176129
2;-0.01449234
3;-0.014121804
4;0.037707284
5;0.05079526
1;-0.005874706
2;0.067266992
3;-0.00595738
4;0.036921186
5;-0.008230239
1;-1.90E-05
2;-0.011443369
3;-0.042137739
4;0.027328248
5;-0.005952389
1;0.020710613
2;-0.051191269
3;0.039384658
4;0.021116362
5;-0.012949994
1;0.034503073
2;0.008883366
3;-0.010690091
4;-0.031985878
5;-0.01735566
1;-0.001465998
2;0.003576137
3;-0.009781288
4;0.03680909
5;0.004370161
1;0.014466117
2;-0.00978444
3;-0.007496801
4;0.042426288
5;0.004733216
1;-0.003059932
2;-0.024726066
3;0.030197042
4;0.004885805
5;-0.001003509
1;-0.008419151
2;-0.023463664
3;-0.006982168
4;-0.013149227
5;0.008742436
1;-0.022262639
2;0.008666834
3;0.014950917
4;-0.016645136
5;-0.019497647
1;0.031039016
2;-0.011165335
3;-0.019698192
4;-0.007560868
5;0.009333527
1;0.001546074
2;-0.002055473
5;-0.022797228
1;0.004409504
2;0.012734507
4;0.04190147
5;-0.002237229
1;0.006998927
2;-0.015469776
3;-0.021391429
4;0.018635333
5;0.002483993
1;0.003061638
2;0.00132727
3;-0.012481359
4;0.002526585
5;-0.027636156
1;-0.012131134
2;-0.009207611
3;-0.020599097
4;-0.004585133
5;-0.006660307
1;-0.036116724
2;0.001533279
3;0.014177241
4;0.025749661
5;0.008116914
1;0.006754135
2;-0.032397715
3;0.007348523
4;-0.016935099
5;-0.014032228
1;-0.008762976
2;0.024788858
3;-0.025380608
4;-0.004329692
5;0.024739913
1;0.019044792
2;0.019417352
3;-0.027405118
4;-0.019316664
5;0.008994935
1;-0.015749759
2;-0.037393413
3;-0.009285083
4;0.021298185
5;0.013993248
1;0.002965747
2;-0.031595376
3;-0.00797917
4;-0.007766222
5;-0.022890216
1;-0.024094615
2;-0.008064705
3;-0.03692066
4;0.061204112
5;0.070022856
1;0.032926262
2;-0.013095082
3;0.015194067
4;-0.015215535
5;0.033720487
1;-0.058344672
2;0.024967617
3;-0.002948053
4;-0.023491208
5;0.003724454
1;-0.042813548
2;0.006312003
3;0.040474615
4;0.016198974
5;0.017513533
1;0.033853629
2;-0.014468815
3;-0.001895689
4;-0.027895591
5;0.01046989
1;0.01289681
2;0.016058311
3;-0.009063652
4;0.001190935
2;0.005501277
3;0.0163583
4;-0.020332425
5;-0.012582968
1;0.028483901
2;-0.002977744
3;0.004366812
5;0.003194302
1;0.011108727
2;0.020265718
3;-0.011049982
4;-0.028440002
5;0.009724034
1;-0.001773875
2;0.000337481
3;-0.000607548
4;0.01146407
5;-0.000370565
1;-0.043533492
2;0.00347112
3;0.001368422
4;0.007630814
5;-0.002106741
1;-0.00402582
2;0.002059897
3;0.019907935
4;0.006612862
5;0.00757268
1;0.018732119
2;-0.002927202
3;0.008008877
4;-0.009767343
5;0.019304434
1;-0.01235451
2;0.00932394
3;0.012262974
4;0.009646141
5;-0.0138061
1;0.020865157
2;0.008238168
3;0.00410933
4;-0.015369868
5;0.00793078
1;-0.022466017
2;-0.005110432
3;0.001725682
4;-0.001687014
5;0.001789946
1;-0.008047683
2;-0.02332362
3;0.021691343
4;0.004219634
5;-0.006388223
1;0.035110624
2;-0.001327011
3;-0.012042121
4;-0.013353388
5;0.012824574
1;0.016421322
2;-0.003422532
3;-0.009039485
4;-0.006799292
5;-5.11E-05
1;-0.015506883
2;0.003744934
3;-0.001038494
4;0.021597729
5;-0.01517381
1;0.017726886
2;-0.007147282
3;0.009539416
4;0.011831973
5;-0.012740184
1;-0.008755322
2;0.01441188
3;-0.019469204
4;0.001409687
5;0.01109596
1;0.00718627
2;0.006225251
3;-5.30E-05
4;0.016582139
5;0.005354008
1;0.006647148
2;0.00290996
3;-0.009212572
4;0.007918958
5;0.006802922
1;-0.011368101
2;-0.010589511
3;0.007138178
4;0.013003423
5;-0.003475842
1;0.0141233
2;0.001609533
3;0.017343153
4;-0.00353847
5;-0.005273815
1;0.004989375
2;-0.010157818
3;-0.013887517
4;0.00585298
5;-0.007702251
1;0.004744098
2;0.014290695
3;0.002218179
4;0.006191879
5;-0.012188141
1;-0.027249872
2;-0.005164167
3;-0.000692209
4;-0.010236727
5;-0.004274664
1;-0.008758196
2;-0.016990462
3;0.017711497
4;0.000604641
5;0.031876707
1;-0.004560859
2;-0.008142503
3;-0.001888255
4;0.023239454
5;-0.00569137
1;0.016266863
2;-0.004605362
3;0.008952601
4;-0.005195727
5;-0.001123493
1;0.00151359
2;0.001338868
3;-0.018182319
4;-0.011698035
5;0.00060638
1;0.012268786
2;0.013684484
3;0.004405359
4;0.006043567
5;-0.004189008
1;0.019339237
2;-0.00415509
3;-0.009257832
4;0.005563219
5;0.011929683
1;-0.008124121
2;-0.005603683
3;0.0014669
4;0.000439651
5;0.010508539
1;-0.026235733
2;-0.001901011
3;-0.002849337
4;-0.005696073
5;0.012474547
1;0.013552538
2;0.001786185
3;-0.000866341
4;0.004810981
5;-0.002003953
1;0.018936076
2;-0.005285759
3;0.008623772
4;-0.001537477
5;-0.01133511
1;-0.006450933
2;0.006155848
3;-0.005009459
4;0.00841211
5;0.000778266
1;0.005694583
2;-0.001095023
3;-0.001932113
4;0.006684754
5;-0.000334035
1;-0.001709036
2;0.001152062
3;0.002912821
1;0.002983892
2;0.002380153
3;0.008104934
5;0.010874078
1;0.003189415
2;-0.003461916
3;-0.009026046
4;0.008166345
5;-0.005003129
1;-0.004120596
2;0.004506557
3;0.010118703
4;0.003983695
5;0.012284416
1;0.004936323
2;-0.008103269
3;0.004413514
4;0.00521435
5;-0.00060631
1;-0.004787581
2;0.005886247
3;0.002530994
4;-0.012074908
5;-0.006536347
1;0.007278774
2;-0.00734199
3;-0.008457387
4;0.000759226
5;0.003983403
1;0.01070471
2;0.001287475
3;0.002559113
4;0.001008233
5;-0.008790246
1;0.007841829
2;0.006976561
3;0.001402971
4;0.013470399
5;-0.006950886
1;-0.000570707
2;-0.012869399
3;0.00519628
4;0.003198009
5;0.002943578
1;0.006269496
2;0.009686533
3;-0.007118392
4;0.004891556
5;-0.004200031
1;0.005374896
2;-0.011797844
3;0.005619671
4;-0.030162243
5;0.004200761
1;-0.02430872
2;0.003965444
3;0.018774502
4;-0.018233963
5;0.006469316
1;-0.020709583
2;0.000194939
3;-0.006080751
4;0.014657083
5;0.006140085
1;0.011565782
2;-0.003881851
3;0.001416085
4;0.012268478
5;0.018875335
1;0.010979873
2;-0.009323451
3;-0.003087961
4;0.001485016
2;0.009203237
3;-0.011526722
4;-0.00232621
5;0.007714421
1;-0.002177447
2;0.007982099
3;-0.008056899
4;0.011263684
5;0.00681326
1;-0.00681326
2;-0.00091442
3;-0.015857104
4;-0.00895853
5;-0.004103938
1;0.00845561
2;-0.001266495
3;0.00769569
4;-0.020107604
5;-0.000536375
1;-0.027707201
2;0.014821997
3;-0.011733914
4;0.013902695
5;-0.003042607
1;-0.014041045
2;0.004526724
3;0.020570683
4;-0.009195892
5;-0.000817515
1;0.00602558
2;-0.005052951
3;0.013586713
4;0.005300253
5;-0.007458364
1;0.004807662
2;-0.012382769
3;0.005985686
4;0.002229955
5;0.012103656
1;0.006295583
2;0.000330392
3;-0.006512434
4;0.003262866
5;-0.003238537
1;-0.014232907
2;0.009912052
3;0.008399696
4;0.000963326
5;0.006118818
1;-0.000165749
2;-0.010741173
3;0.005342
4;0.009526697
5;-0.003566226
1;0.007772239
2;-0.004011663
3;-0.006272828
4;-0.00450788
5;-0.008414833
1;0.000846304
2;-0.007484189
3;-7.65E-05
4;0.002730941
5;-0.000525965
1;-0.004603764
2;0.001245243
3;-0.002034243
4;-0.010524528
5;-4.15E-05
1;-0.004934045
2;0.004099994
3;0.008303866
4;-0.017927587
5;-0.001554594
1;-0.009769229
2;0.009155129
3;0.003030382
4;0.018801863
5;0.000907982
1;-0.006411892
2;0.007425882
3;-0.011909134
4;0.004259704
5;-0.026384364
1;-0.008921285
2;0.010173109
3;-0.00855888
4;-0.002492434
5;-0.002690905
1;0.009095231
2;0.004666801
3;0.002360555
4;0.000829817
5;-0.001807287
1;0.014498599
2;0.001305667
3;0.000244797
4;0.009572259
5;0.005330357
1;-0.0034395
2;-0.011735734
3;0.005258416
4;0.005561235
5;0.008921438
1;0.001932152
2;0.00247717
3;-0.001247335
4;-0.00696633
5;0.006982646
1;0.012911144
2;-0.00467349
3;-0.004373051
4;-4.60E-05
5;0.009312676
1;-0.006064695
2;0.007384197
3;-0.010515707
4;-0.010621988
5;0.005571486
1;-0.004523611
2;0.002878053
3;0.004135982
4;-0.011486783
5;0.024299878
1;0.009843728
2;0.000843804
3;-0.001499702
4;-0.001565805
5;-0.005557222
1;-0.002740605
2;-0.010189519
3;0.001210698
4;-0.007981812
5;0.001584032
1;-0.002987492
2;0.011072926
3;-0.009470303
4;0.005943
5;-9.76E-05
1;-0.021411876
2;0.002883018
3;0.016144787
4;0.01173764
5;-0.00403843
1;0.007324425
2;0.008472152
3;0.00108549
4;-0.001986093
5;0.004915539
1;-0.001058484
2;-0.00186831
3;0.003963022
4;0.012831762
5;0.000344248
1;-0.003693801
2;-0.007012283
3;0.013057877
4;-0.003583285
5;-0.008286663
1;-0.006478275
2;0.001546131
3;-0.005142709
4;0.009761545
5;-0.004060804
1;-0.000420479
2;-0.007130032
3;0.011379562
4;0.003874792
5;-0.007357544
1;-0.004269696
2;0.005310515
3;-0.003281991
4;-0.007332702
5;0.005577538
1;0.009907189
2;0.002217753
3;-0.002993157
4;0.002017427
5;-0.017404772
1;0.005092594
2;0.00159011
3;0.009535221
4;0.00354847
5;0.000806025
1;-0.001327147
2;0.001868494
3;0.000608992
4;0.000206398
5;-0.00177537
1;0.008993344
2;0.001974355
3;-0.008824053
4;0.007057163
5;0.005554392
1;-3.61E-05
2;-0.007462364
3;-0.008571336
4;0.004697894
5;0.005329905
1;0.006938979
2;-0.001655395
3;-0.001552164
4;-0.006891079
5;0.003053287
1;-0.001422841
2;0.008622761
3;-0.000572028
4;0.002980229
5;-0.005424048
1;0.011135721
2;0.006491917
3;0.003178347
4;-0.005781258
5;0.007371704
1;0.006017719
2;-0.000283824
3;-0.002804896
4;0.000188917
5;0.011613829
1;-0.00115583
2;0.004560745
3;-0.00533121
4;-0.000878406
5;0.005854754
1;-0.001589739
2;-0.00505674
3;-0.006301152
4;0.000120681
5;0.014203508
1;-0.001838316
2;0.006884342
3;0.001906945
4;-0.000337269
5;0.007415773
1;0.004005089
2;-0.005521545
3;-0.004585346
4;-0.007027876
5;0.002712867
1;-0.000155599
2;0.007184121
3;-0.014410276
4;0.003147254
5;0.004627095
1;-0.004396471
2;0.003509826
3;-0.00365613
4;0.011318475
2;0.000818632
3;-0.004183521
4;0.000779599
5;0.0030192
1;-0.006827039
2;0.008751619
3;0.004649224
4;0.004222881
5;-1.94E-05
1;-0.001618557
2;-0.005066704
3;0.004879686
4;-0.001395243
5;-0.019361092
1;-0.020720197
2;0.003235603
3;-0.003126736
4;0.000253131
5;0.007353271
1;0.003233314
2;-7.51E-06
3;-0.016503925
4;-0.004140772
5;6.65E-05
1;0.006893873
2;0.004347227
3;0.00798135
4;0.007923129
5;0.00350437
1;-0.003295403
2;-0.004972306
3;-0.005193137
4;0.009035505
5;0.000557662
1;-0.001721289
2;-0.001194936
3;0.016575991
4;0.003144946
5;0.00249323
1;0.005402622
2;-0.003968167
3;-0.000436461
4;0.008985742
5;-0.001318159
1;0.000735481
2;-0.003425557
3;0.013862166
4;0.001308304
5;-0.005092155
1;-0.003851278
2;0.008230894
3;-0.00224854
4;-0.004237814
5;0.007289716
1;0.004623506
2;-0.001368847
3;-0.00319252
4;0.00018878
5;0.008508199
1;-0.006538884
2;0.006801826
3;0.001781918
4;0.002510117
5;-0.009552149
1;-0.010096346
2;0.008776387
3;0.008912726
4;-0.000598022
5;0.009476513
1;-0.00117644
2;-0.002782557
3;0.006375495
4;-0.013959291
5;0.018705076
1;0.004929335
2;-0.001801898
3;0.006893552
4;0.00625626
5;0.000660976
1;-0.002357725
2;0.01383316
3;-0.001325396
4;0.001644044
5;-0.002293812
1;0.001493612
2;-0.000303068
3;0.00278973
4;0.006549483
5;-0.002360333
1;0.001151695
2;0.010370397
3;-0.001744676
4;-0.00815465
5;-0.00839356
1;0.004357591
2;0.011347195
3;0.007854744
4;-0.00398619
5;-0.007260554
1;-0.002214008
2;-0.004939889
3;-0.001112087
4;-0.002155654
5;0.012969501
1;-0.000436825
2;-0.01106876
3;-0.002737845
4;-0.010432973
5;-0.008212209
1;0.004267025
2;-0.001057591
3;0.009753367
4;0.005619094
5;-0.004349261
1;0.005690991
2;0.009538816
3;0.003045073
4;-0.004524071
5;0.005747078
1;3.12E-05
2;-0.00858787
3;0.003814506
4;0.002002276
5;0.006697189
1;-0.000845242
2;0.005780388
3;-0.014164902
4;-0.004466031
5;0.006509572
1;0.019841166
2;-0.004415328
3;0.011552177
4;-0.004525807
5;0.004610592
1;0.004883686
2;0.005974494
3;-0.012143783
4;-0.012531089
5;-0.001789164
1;0.00163927
2;0.002962835
3;-0.00764064
4;-0.00999877
5;0.002680889
1;0.00157836
2;-0.006272401
3;-0.019477248
4;0.003552466
5;-0.005513204
1;0.012618945
2;-0.005665082
3;0.003566531
4;-0.01743993
5;-0.002239379
1;0.025047069
2;-0.000383263
3;-0.00115067
4;0.016205611
5;-0.000737719
1;0.001099713
2;-6.66E-06
3;-0.005207133
4;-0.000162951
5;0.012642152
1;0.00263293
2;-0.001165912
3;-0.006851278
4;0.00244596
5;0.007280241
1;0.006595515
2;-0.001215203
3;0.006059134
4;-0.004743639
5;0.002969312
1;-0.00548619
2;0.002928841
3;-0.004656993
4;0.015004839
5;0.005600641
1;-0.002568443
2;0.005716298
3;-0.003559736
4;0.002004178
5;-0.001911919
1;0.00259692
2;0.004328184
3;-0.00396019
4;-0.000365854
5;0.006669144
1;-0.002032073
2;0.001834367
3;0.010349198
4;-9.47E-05
5;0.001215601
2;0.002443552
3;-0.002613815
4;0.00335787
5;-0.012162677
1;0.008382176
2;0.004628676
3;0.012800341
4;-0.000709146
5;0.006608807
1;0.001630016
2;-0.002703087
3;0.005857025
4;-5.11E-05
5;-0.008153405
1;0.00114561
2;-0.010131275
3;-0.007317949
4;0.008762671
5;-0.008471436
1;-0.004512121
2;-0.000772606
3;0.008948287
4;0.017692693
5;0.016288171
1;-0.004004699
2;0.002266111
3;0.010334471
4;-0.014405
5;0.001960377
1;-0.000601693
2;0.000164134
3;-0.008203104
4;0.012315882
5;-0.009105567
1;0.009432407
2;0.000802525
3;-0.005507607
4;0.007873119
5;0.005396535
1;-0.00402007
2;0.002404766
3;0.009900883
4;-0.000240032
5;0.006636147
1;0.001294012
2;-0.01588571
3;0.011366131
4;-0.009639778
5;-0.003988707
1;0.004314063
2;-0.00370092
3;-0.004557454
4;0.007683441
5;0.012192139
1;0.007507351
2;0.001895424
3;0.002102471
4;-0.00037449
5;0.002935595
1;-0.00050002
2;0.00195391
3;0.008937211
4;0
5;0.00459597
1;-0.010840909
2;-0.002414563
3;0.005858545
4;0.011487264
5;-0.003680358
1;0.006569256
2;-0.00945417
3;0.002919391
4;0.000254707
5;-0.009117797
1;0.002954109
2;-0.015077638
3;-0.00539142
4;0.003437472
2;-0.001304102
3;0.012126018
4;0.009387494
5;0.008717764
1;-0.005908081
2;0.002658564
3;0.003238094
4;-0.007408878
5;-0.004835641
2;0.010123207
3;-0.00905601
4;0.007625924
5;0.010019
1;-0.000756945
2;0.005621757
3;-0.006403905
4;-0.002908587
5;-0.021605716
1;-0.016759567
2;0.003319361
3;-0.032272347
4;-0.002364433
5;0.007282901
1;-0.026865535
2;0.024224814
3;-0.012551241
4;0.016194579
5;0.019122871
1;-0.005918265
2;-0.024513826
3;0.007392097
4;0.003464453
5;0.002505303
1;-0.008841927
2;-0.024320838
3;0.005580575
4;-0.029538035
5;0.01773965
1;-0.009482379
2;-0.022609378
3;-0.000465719
4;0.023371463
5;-0.006303985
1;0.00724331
2;0.008716358
3;0.000903076
4;0.005963672
5;0.002981006
1;-0.003355819
2;-0.006320057
3;0.000578299
4;0.022038558
5;0.017383547
1;0.002947749
2;0.000654323
3;-0.012635981
4;0.009132576
5;-0.002568508
1;0.005790968
2;-0.013760123
3;0.005547836
4;-0.018217315
5;-0.014892353
1;-0.006444345
2;-0.003276887
3;0.023380475
4;0.003809889
5;-0.009601885
1;0.019804458
2;0.003694137
3;0.002000786
4;0.011707449
5;0.005443834
1;-0.003803578
2;-0.012290203
3;0.015644242
4;-0.008505605
5;0.011425982
1;-0.016926991
2;0.002339715
3;0.011448024
4;-0.00970034
5;0.001782746
1;0.012242427
2;0.013401172
3;0.004348287
4;0.001464674
5;-0.001780064
1;-0.006062317
2;0.004628181
3;-0.008931551
4;0.00590846
5;-0.000336464
1;0.00728878
2;0.002289298
3;0.004344928
4;-0.003430674
5;0.003558011
1;0.003810651
2;-0.005857715
3;-0.011144738
4;-0.010894786
5;0.002660442
1;-0.003012276
2;0.01328734
3;0.002330499
4;-0.002744165
5;0.004095936
1;0.000404204
2;-0.00603532
3;0.014890567
4;0.002995851
5;-0.012824962
1;0.000882544
2;0.014103926
3;0.004494072
4;0.001317055
5;0
1;-0.001311333
2;-0.004461477
3;0.007017747
4;0.006065406
5;-0.001224151
1;0.000507249
2;0.004728864
3;0.000640122
4;0.009053244
5;-0.001545535
1;0.001631328
2;-0.011060632
3;0.010933805
4;-0.000289151
5;0.002908222
1;0.006759914
2;-0.001344261
3;0.00327705
4;0.002120473
5;-0.006973367
1;-0.006283565
2;-0.002520784
3;0.004128895
4;-0.011383027
5;0.004927511
1;0.012303366
2;0.006534994
3;-0.000114024
4;0.002101829
5;-0.000201907
1;0.007873466
2;-0.002604216
3;0.006416223
4;-0.00105471
5;-0.012061801
1;0.002759205
2;0.00084478
3;-0.00125735
4;-0.005080292
5;-0.006546898
1;-0.015107629
2;-0.000454079
3;0.014037203
4;-0.010012326
5;-0.013909156
1;0.007967716
2;0.011939213
3;-0.001693696
4;0.005329081
5;0.000919786
1;0.008028368
2;-0.00013635
3;0.008994188
4;0.00614088
5;0.005798482
1;-0.002041197
2;-0.008272343
3;0.005393142
4;-0.000731078
5;-0.010297118
3;0.015658023
4;-0.00120108
5;0.001516914
2;0.013611968
3;-0.001209409
4;-0.006501308
5;-0.010315718
1;0.00022472
2;0.002613193
3;-0.005633011
4;0.019412493
5;0.001393018
1;0.002393167
2;-0.007046512
3;-0.00533654
4;-0.001212577
5;0.010682535
1;-0.006238809
2;-0.000844476
3;0.011238709
4;-0.005135475
5;-0.004807229
1;0.006677404
2;0.004596428
3;-0.006625283
4;0.009571913
5;0.002654428
1;0.000670869
2;-0.000762466
3;0.004608182
4;-0.006667806
5;0.004816189
1;-0.00855656
2;0.006840537
3;0.007564551
4;-0.000866624
5;-0.001275092
1;0.004594241
2;-0.004618744
3;-0.003311711
4;0.002332839
5;0.001491566
1;0.008042612
2;-0.030687118
3;-0.01298026
4;-0.010555265
5;-0.006193108
1;-0.007339717
2;0.009628466
3;0.003294103
4;0.01260385
5;0.002455231
1;-0.007571242
2;-0.011552867
3;-0.025487065
4;0.017524197
5;-0.001427775
1;0.014166683
2;0.008085997
3;-0.000198084
4;0.017331107
5;0.006477297
1;-0.010427307
2;0.001927736
3;-0.006170715
4;0.014098669
5;0.000466904
1;0.002021327
2;0.011684073
3;0.004733253
4;0.000412878
2;0.004325825
3;-0.002491712
4;-0.000518222
5;0.007002805
1;0.012467429
2;-0.000653578
3;-0.003795084
4;-0.001184742
5;0.01867161
1;-0.003640287
2;-0.005301897
3;0.010360633
4;-0.00048605
5;-0.002302276
1;0.00492314
3;0.005035922
4;0.002359434
5;0.010693287
1;0.000436562
2;-0.006150826
3;0.002876085
4;-0.00644378
5;0.006278521
1;-0.004009263
2;0.003865466
3;-0.005278579
4;0.001509352
5;0.012226264
1;-0.001842336
2;-3.12E-05
3;0.004992672
4;-0.011815882
5;0.001516629
1;0.002305228
2;-0.002486837
3;-0.002354004
4;0.010184385
5;0.010454661
1;-0.006887962
2;-0.007746457
3;-0.016700218
4;-0.014725131
5;-0.001223057
1;0.009608156
2;-0.007083847
3;0.006103583
4;0.018856295
5;0.009553655
1;-0.002973979
2;-0.002546301
3;0.003554475
4;-0.010475981
5;-0.001085204
1;-0.003392624
2;-0.00827859
3;-0.001965527
4;0.010820345
5;0.008062233
1;-0.004631738
2;0.007091167
3;0.004641722
4;-0.006341728
5;0.007097418
1;0.000322756
2;-0.014094731
3;-0.003016563
4;0.016847527
5;0.002440061
1;0.001248003
2;-0.004317456
3;-0.017071678
4;0.011529402
5;-0.018023122
1;0.008691114
2;-0.01706732
3;-0.01198184
4;-0.028156437
5;-0.005493427
1;0.000425143
2;0.018376574
3;-0.016971346
4;0.004899285
5;-0.014925862
1;-0.011661384
2;0.015674479
3;0.022673533
4;-0.021894533
5;-0.031817635
1;0.021901581
2;-0.016405236
3;-0.00658161
4;-0.033108526
5;0.018470574
1;0.006643147
2;0.003586566
3;0.018175586
4;0.000934656
5;0.008302798
1;0.003792146
2;-0.021035218
3;0.008340817
4;0.013050295
5;0.012469032
1;-0.002020512
2;0.003788422
3;-0.021591552
4;0.00450569
5;-0.026625308
1;-0.008074722
2;0.017028824
3;0.005291745
4;0.010467877
5;-0.004871737
1;-0.018136291
2;0.020017558
3;0.032177823
4;-0.007366329
5;0.002087905
1;-0.001432441
2;-0.008981822
3;0.008679623
4;0.007457926
5;-0.003088466
1;0.010021887
2;0.004495135
3;0.00119082
4;-0.00030834
5;0.00667091
1;-0.002371358
2;0.005564822
3;-0.004006699
4;0.00416022
5;-0.003225484
1;-0.006267084
2;-0.005712426
3;0.007666627
4;-0.008900425
5;-0.004650799
1;-0.013894582
2;0.007703499
3;-0.005339336
4;0.014977145
5;0.005983487
1;0.007105143
2;-0.005542912
3;0.007555898
4;-0.020215096
5;-0.001833847
1;-0.006277947
2;0.00435316
3;-0.004599469
4;-0.009119053
5;-0.019264101
1;0.002057915
2;0.000604995
3;0.013394494
4;-0.0093909
5;-0.006766072
1;-0.016622934
2;0.013549582
3;-0.02303192
4;0.006446019
5;0.019213795
1;-0.01143592
2;-0.004447079
3;0.023108915
4;0.00661333
5;0.012860601
1;-0.007276119
2;-0.014718424
3;0.019964469
4;0.00259247
5;0.007898213
1;0.005609592
2;-0.004559215
3;0.003236813
4;-0.026895376
5;0.002581218
1;-0.016273389
2;-0.000999615
3;-0.002171388
4;0.002548855
5;0.016433372
1;0.002052234
4;0.002348388
5;-4.09E-05
1;-0.00234314
3;-0.011414937
4;-0.000771419
5;-0.018064928
1;0.001108296
2;0.007825769
3;-0.011023715
4;-0.006458214
5;-0.005388136
1;0.005958299
2;-0.028664488
3;-0.004854819
4;-0.013156969
5;-0.012623235
1;-0.070773718
2;0.020463863
3;-0.04342353
4;0.058334908
5;-0.007590855
1;-0.006131772
2;0.019030682
3;-0.013832082
4;-0.000775913
5;0.021989442
1;-0.000888291
2;-0.04036854
3;0.008249563
4;-0.019419429
5;-0.002999965
1;-0.005738729
2;0.033186538
3;0.003030083
4;0.000669134
5;-0.018039125
1;0.018687243
2;0.004930439
3;-0.015058066
4;0.009520671
5;-0.007084318
1;0.019440646
2;0.010879243
3;-0.000854968
4;-0.021068396
5;-0.015445802
1;-0.010070029
2;-0.014174364
3;0.017071488
4;-0.016613928
5;-0.012711785
1;-0.011315227
2;0.013203479
3;0.014887473
4;-0.014347393
5;-0.00824958
1;-0.035714005
2;0.033630021
3;-0.005830269
4;-0.004891276
2;0.034316136
3;-0.003270474
4;0.009120762
5;-0.005015172
1;0.002371587
2;0.033206611
3;0.009402839
4;-0.004918458
5;0.002658155
1;0.008881291
2;-0.006474419
3;-0.007707703
4;-0.003194861
5;-0.012734514
1;-0.00657439
2;0.002972611
3;0.015446903
4;0.001448971
5;0.020267738
1;-0.010401186
2;-0.007709338
3;0.014670299
4;-0.003058478
5;0.009822683
1;0.006914278
2;-0.007137275
3;0.003898281
5;0.014537944
1;-0.001253322
2;-0.004441689
3;0.006799002
4;-0.003895023
5;-0.018973946
1;0.00314992
2;0.00450332
3;0.011253452
4;0.000448938
5;0.004051093
1;0.012536196
2;-0.017107443
3;-0.005421325
4;0.000236668
5;-0.019066054
1;0.000824587
2;-0.006354903
3;0.01307007
4;0.000963104
5;0.007683583
1;-0.015894617
2;0.009779368
3;-0.013868598
4;-0.001631011
5;-0.023034542
1;0.000846301
2;-0.00801221
3;-0.021263825
4;0.002440748
5;0.002137986
1;-0.00525909
2;0.006119408
3;-0.014525654
4;-0.005941295
5;-0.018047533
1;0.000465599
2;-0.008371658
3;0.013880279
4;-0.024570329
5;-0.006543904
1;0.008498529
2;-0.021340682
3;-0.010357028
4;0.010997198
5;-0.018116661
1;0.017794324
2;-0.015544162
3;0.014869222
4;-0.025225285
5;-0.03142766
1;0.010163653
2;-0.019840528
3;0.012552773
4;0.027234595
5;0.017212622
1;0.006440641
2;2.77E-05
3;0.018654387
4;-0.013875265
5;0.006691012
1;-0.012119717
2;-0.000916143
3;0.018360711
4;-0.001862865
5;-0.01792231
1;-0.007844163
2;0.024397251
3;0.014031299
4;0.002043622
5;0.007692277
1;0.010329714
2;-0.004418704
3;-0.025896341
4;0.004066244
5;0.007371691
1;-0.001073861
2;-0.026431712
3;0.007605806
4;-0.014130941
5;0.022020267
1;-0.010182448
2;0.002906786
3;0.00103642
4;0.020015225
5;0.004720444
1;-0.00233843
2;0.01485734
3;-0.020463201
4;-0.032711798
5;-0.025258175
1;0.033626851
2;-0.010850837
3;-0.0022572
4;-0.008107649
5;0.019481537
1;-0.038512669
2;-0.019759932
3;-0.02158721
4;-0.010618386
5;0.088678607
1;-0.023715546
2;-0.020014227
3;-0.006125267
4;0.02692053
5;-0.015120327
1;-0.051731041
2;0.019691128
3;0.005549909
4;-0.022765276
5;0.02920883
1;-0.094715368
2;0.005437804
3;-0.065129229
4;-0.015617955
5;-0.080479234
1;0.105945896
2;0.027102142
3;-0.070632624
4;-0.060996615
5;0.045752667
1;0.034993974
2;0.007767327
3;-0.052338779
4;0.003840194
5;-0.036002695
1;-0.040394303
2;0.015389473
3;0.088327559
4;0.001541762
5;0.022989051
1;0.011660793
2;0.045199173
3;-0.019970017
4;-0.065933407
5;0.023882577
1;0.010503518
2;-0.049509099
3;-0.031187986
4;0.010917441
5;0.00670944
1;-0.033814916
2;0.011054222
3;-0.04108557
4;-0.03542378
5;-0.033836532
1;0.096169283
2;0.011736874
3;-0.012449588
4;0.025090721
5;0.003773954
1;-0.057479746
2;0.023253467
3;0.004351583
4;-0.001735198
5;-0.056331435
1;0.083271697
2;0.015376269
3;0.006802573
4;-0.004279831
5;-0.028386517
1;-0.008732315
2;0.020506146
3;-0.002999888
4;-0.002399605
5;-0.002554161
1;-0.023377875
2;-0.007309217
3;-0.003907368
1;0.00464549
2;0.027226648
3;0.000261068
5;0.040117078
1;0.00304936
2;0.010745884
3;-0.014870548
4;-0.00652435
5;-0.007497208
1;-0.016310505
2;-0.01496922
3;-0.046694104
4;-0.018559102
5;0.006942082
1;-0.00901039
2;-0.0217795
3;-0.006760618
4;-0.012449968
5;-0.007162422
1;0.03660666
2;-0.000284269
3;0.040293717
4;-0.021776284
5;-0.011976071
1;-0.01486146
2;0.017705505
3;0.028623525
4;-0.000880155
5;0.018258471
1;0.003860873
2;-0.037082561
3;0.002304716
4;-0.02115545
5;0.01124429
1;-0.011959714
2;-0.029806316
3;-0.000403527
4;-0.000511601
5;-0.043416651
1;-0.008279807
2;-0.007292266
3;-0.004118438
4;0.017612404
5;-0.015552916
1;-0.04581474
2;-0.010479047
3;0.046327471
4;-0.040441634
5;-0.013785269
1;-0.005999535
2;0.05573151
3;0.003941645
4;0.007469602
5;0.004214915
1;0.031301614
2;-0.008771513
3;-0.002511028
4;0.006013747
5;0.005082507
1;0.027712078
2;0.001678285
3;0.006609084
4;-0.000477053
5;-0.017950171
1;-0.043633134
2;0.031848212
3;0.011429303
4;0.052295395
5;-0.011198611
1;-0.009846407
2;-0.009410124
3;0.006439592
4;0.018021807
2;0.008717249
3;-0.004837997
4;0.01741103
5;0.017546542
1;-0.040445282
2;0.001527761
3;0.017102754
4;-0.005508925
5;0.030839542
1;-0.000135369
2;-0.016709714
3;0.02137579
4;0.013672807
1;0.024422032
2;-0.00401364
3;0.017980022
4;-0.009790393
5;0.018607781
1;-0.019484679
2;-0.005423045
3;-0.024499972
4;0.001074623
5;0.004034571
1;0.023803669
2;0.009070127
3;0.008637504
4;-0.026366471
5;0.003276769
1;0.002533985
2;0.010430066
3;0.007546171
4;-0.009502157
5;0.004265181
1;0.030598108
2;-0.000429151
3;-0.020453216
4;0.000718851
5;0.008125041
1;-0.014902119
2;0.002146852
3;0.005608
4;0.00591562
5;-0.002642216
1;-0.032561556
2;-0.001750206
3;-0.016567988
4;0.010360113
5;0.008482857
1;-0.030901565
2;-0.002060875
3;0.021563682
4;-0.006824374
5;-0.010605821
1;0.020227118
2;-0.016810939
3;0.024086331
4;-0.03176755
5;0.00099424
1;-0.012045288
2;-0.010958022
3;-0.0128289
4;0.005378058
5;-0.014258759
1;0.022860297
2;0.00971323
3;0.028595583
4;0.008918666
5;0.005852179
1;0.016174421
2;0.009720437
3;0.00065981
4;0.02055834
5;-0.002157216
1;0.001754019
2;-0.012349243
3;0.010348643
4;0.020547369
5;-0.002687359
1;0.014927704
2;-0.000411264
3;-0.005145003
4;0.005564893
5;0.012376265
1;-0.00472553
2;-0.013895338
3;0.01466547
4;0.004877968
5;-0.008296746
1;-0.021860722
2;0.009024307
3;-0.000101434
4;0.015809038
5;0.031034082
1;0.010005615
2;0.007756988
3;-0.003339256
4;-0.005414897
5;0.012152698
1;-0.010780484
2;-0.019373328
3;-0.002881271
4;-0.005506115
5;0.012653494
1;0.014912868
2;0.002223198
3;0.012683633
4;-0.000490992
5;0.007800318
1;-0.001146608
2;0.005773241
3;0.016278446
4;0.005616391
5;-0.001939161
1;-0.004104718
2;0.002975507
3;-0.000452565
4;-0.016736207
5;-0.005127054
1;0.022702829
2;-0.002853741
3;-0.004912284
4;-0.019861806
5;-0.019230866
1;0.006856084
2;0.025574849
3;-0.003666989
4;0.013327854
5;-0.001893138
1;0.012083214
2;-0.011614854
3;0.021156272
4;0.000298719
5;-0.014583805
1;0.016777683
2;-0.005386544
3;0.000457089
4;-0.013613291
5;-0.003305771
1;-0.016892396
2;-0.00013354
3;-0.021645802
4;0.013619447
5;-0.02904717
1;0.008767641
2;-0.015286072
3;0.023732329
4;0.010407924
5;-0.000388348
1;0.020874185
2;2.64E-05
3;0.007579004
4;-0.001658258
5;-0.000541103
1;0.014904105
2;-0.008866159
3;-0.000235072
4;-0.017906804
5;-0.008240829
1;0.022224227
2;-0.007515379
3;0.006463207
4;-0.034705201
5;0.011409886
1;-0.011159865
2;0.025642878
3;0.005330416
4;0.000840023
5;0.012428012
1;-0.001709453
2;-0.014360243
3;-0.007400577
4;0.010850093
5;0.001404875
1;0.007000144
2;0.000952439
3;0.010825135
4;-0.011678374
5;-0.009542042
1;0.020249828
2;0.006774417
3;0.003168089
4;0.000506169
1;0.008758459
2;0.003245175
3;-0.006201036
4;0.000210879
1;0.019531959
2;-0.000264113
3;0.001185469
4;0.001773088
5;0.00504094
1;-0.000506909
2;-0.01070239
3;0.000202477
4;0.003719772
5;-0.015405284
1;0.005819599
2;0.008065519
3;-0.020336729
4;-0.017145602
5;-0.010772022
1;-0.010241282
2;0.006638676
3;-0.01248622
4;-0.019067273
5;0.013642725
1;0.006012173
2;0.013234699
3;-0.004906921
4;-0.027857982
5;-0.034607018
1;0.012135086
2;0.00152077
3;0.006304887
4;-0.005201077
5;-0.004900354
1;0.002816204
2;0.016438365
3;0.015193179
4;0.00605378
5;0.005775972
1;-0.003412066
2;-0.013301803
3;0.002322594
4;-0.020366505
5;0.018513176
1;0.016244604
2;0.011180021
3;0.007995402
4;-0.003678828
5;0.021195212
1;-0.001760951
2;0.001656098
3;0.008541401
4;-0.003709118
5;-0.000394585
1;-0.009334566
2;0.012271127
3;0.004796865
4;-0.004992367
5;-0.003240241
1;0.000651944
2;0.00623055
3;-0.000693464
4;0.012746877
5;-0.002891329
1;0.002936323
2;-0.00331745
3;-0.003366237
4;0.015039793
2;0.004873794
3;-0.006675016
4;-0.012119422
5;0.017955396
1;-9.88E-06
2;-0.00458028
3;0.00635626
4;0.001957321
5;-0.019627369
1;-0.004061787
2;0.014050289
3;-0.012238544
4;-0.013419045
5;0.006767463
1;0.011597009
2;-0.038972082
3;-0.015095417
4;0.014059663
5;-0.006171658
1;0.00300048
2;-0.037028606
3;-0.014541601
4;-0.022225176
5;-0.047073609
1;0.092207981
2;-0.007308331
3;0.010951938
4;-0.000624212
5;-0.046959354
1;-0.004732614
2;0.020604371
3;-0.029641712
4;-0.022797023
5;-0.000518704
1;5.54E-05
2;-0.029471745
3;0.0229391
4;0.03366966
5;-0.002911781
1;-0.002135956
2;-0.001278058
3;-0.000451133
4;0.015821626
5;-0.029014077
1;-0.012196392
2;-0.009820393
3;0.019455348
4;0.020068428
5;0.010995337
1;0.019639818
2;0.009734487
3;0.003930531
4;0.001943197
5;0.001120716
1;0.013185595
2;-0.008286045
3;-0.017294306
4;-0.024018995
5;-0.010072042
1;0.015986406
2;-0.040939087
3;0.002879633
4;-0.030370369
5;0.002532794
1;-0.00476289
2;0.026911755
3;0.017397786
4;0.015611943
5;0.004576525
1;0.003701139
2;0.019458189
3;-0.001314859
4;-0.014182197
5;-0.023062369
1;-0.003959075
2;-0.005265781
3;0.007440489
4;0.030067851
5;0.001798097
1;0.008043416
2;0.008276574
3;0.001079496
4;-0.005039432
5;-0.002404371
1;0.02945108
2;-0.001205407
3;0.003518809
4;0.00092227
5;-0.012871422
1;0.016366724
2;-0.012464283
3;-0.027802255
4;-0.001991901
5;-0.002809744
1;-0.003692862
2;0.018051017
3;-0.00415809
4;-0.020922245
5;-0.013039523
1;0.007658933
2;-0.017637312
3;-0.011790435
4;0.00717381
5;0.009283315
1;-0.005841791
2;0.001083436
3;0.037406165
4;0.002092273
5;0.011164427
1;0.003406315
2;-0.011167415
3;0.009124475
4;0.012147146
5;0.000985504
1;0.011031786
2;0.001922682
3;-0.00498272
4;-0.005162893
5;-0.003829285
1;0.017574284
2;-0.000953461
3;-0.013126148
4;-0.006564922
5;0.019183596
1;-0.004323964
2;-0.001012153
3;-0.006728501
4;-0.005888132
5;-0.006234436
1;-0.011517582
2;0.022250415
3;0.00879843
4;0.001475706
5;-0.001935317
1;0.001410046
2;-0.005222597
3;0.020979495
4;-0.002398167
5;0.002144762
1;0.001861165
2;-0.007152917
3;0.005495527
4;0.01300752
5;-0.002512003
1;0.000377332
2;-0.004490688
3;-0.00962134
4;0.004985234
5;-0.000349489
1;0.001983163
2;0.006386565
3;-0.005910253
4;0.019032189
5;-1.28E-05
1;-0.000773904
2;0.008145695
3;-0.014618292
4;-0.005441103
5;-0.009412329
1;0.008607838
2;-0.02668937
3;0.007910223
4;0.019743942
5;-0.002021188
1;-0.010748829
2;-0.025048669
3;0.006207168
4;0.00341235
5;-0.008484415
1;-0.02489807
2;-0.007318519
3;0.016168534
4;0.020968012
5;0.000936301
1;-0.00035201
2;0.016209929
3;0.005621227
4;0.006780234
5;-0.000181455
1;0.009055791
2;0.00267597
3;-0.005828058
4;0.002103353
5;-0.005417957
1;0.004574058
2;0.010856969
3;-0.001982874
4;-0.002142759
5;-0.002798365
1;-0.009842168
2;-0.000898858
3;0.008240717
4;-0.010305707
5;-0.01201236
1;0.024938871
2;0.003881344
3;-0.002920479
4;-4.87E-05
5;-0.009997509
1;-0.016576601
2;0.015629335
3;0.021302229
4;0.007515282
5;0.002123621
1;-0.001977713
2;0.00933146
3;-0.009004503
4;-0.002989343
5;0.013181872
1;0.003915212
2;-0.003375214
3;0.007299854
4;0.002589832
5;-0.014202864
1;0.000794224
2;0.01661811
3;-0.001496471
4;-0.00738978
5;0.002627479
1;0.010712795
2;0.004261465
3;-0.004276133
4;0.001075022
5;0.00150553
1;-0.001144191
2;0.003343507
3;0.009906152
4;0.000252903
5;0.001162532
1;-0.014472271
2;-0.011571521
3;-0.009214552
4;-0.000867532
5;0.015034899
1;0.009771822
2;-0.010565675
3;-0.008104746
4;0.006532386
5;-0.010036008
1;-0.007440158
2;0.006369989
3;-0.005518309
4;-0.007494569
5;-0.008947602
1;-0.01297362
2;-0.025381019
3;-0.022546195
4;0.023962861
5;0.006321411
1;0.024429998
2;-0.003011355
3;0.00538531
4;0.013982977
5;0.000891551
1;0.001149783
2;0.002724507
3;0.00914607
4;-0.008800075
5;0.016305804
1;-0.002924296
2;-0.000291911
3;0.001587165
4;-0.004918006
5;0.008308856
1;-0.005730448
2;-0.015495675
3;0.007423467
4;-0.008986323
5;0.001029595
1;-0.023739232
2;0.007019446
3;0.024274558
4;0.00430076
2;0.005803786
3;0.005529405
4;0.009098736
5;0.000491974
1;0.000450358
2;-0.002907769
3;-0.0131968
4;-0.009508024
5;0.013181585
1;-0.01258499
2;0.011228726
3;0.001373513
4;-0.008609979
5;-0.001104184
1;-0.007249675
2;-0.012164459
3;0.009197522
4;0.012426244
5;-0.009201184
1;-0.021239544
2;0.002530721
3;0.003086977
4;-0.003000177
5;0.008581431
1;-0.002141
2;0.016205209
3;-0.010569923
4;-0.019082197
5;0.000208212
1;-0.007036325
2;0.002202883
3;-0.008804322
4;0.010540968
5;-0.019147511
1;0.000662052
2;0.014851313
3;-0.015050933
4;-0.003826743
5;0.008253669
1;-0.006317412
2;0.020168125
3;-0.001471264
4;-0.021825714
5;-0.00078969
1;0.003099714
2;0.014471177
3;0.018606217
4;0.014666788
5;0.006293233
1;-0.001058616
2;-0.006083753
3;-0.004405454
4;0.004689417
5;-0.016826879
1;-0.027469458
2;-0.008808189
3;0.005061201
4;-0.011144658
5;-0.00659018
1;-0.020571937
2;0.012045353
3;0.016014732
4;0.01641752
5;0.006775969
1;-0.007766831
2;-0.006601917
3;-0.014307704
4;-0.005750191
5;-0.010802455
1;-0.023337266
2;-0.01835559
3;-0.019448198
4;-0.039734892
5;-0.012665897
1;-0.04790922
2;0.016187284
3;-0.056073906
4;0.028452594
5;0.039417877
1;0.007804234
2;-0.002522428
3;0.007228754
4;-0.056346435
5;-0.01938341
1;0.011327747
2;0.01076003
3;0.017732055
4;-0.00656704
5;-0.010105393
1;0.021327853
2;0.001754848
3;0.03024309
4;0.002781106
5;-0.036578265
1;-0.048476734
2;-0.011366083
3;0.035619995
4;0.004107809
5;-0.036714451
1;-0.041100923
2;0.01395564
3;0.018552671
4;0.03219089
5;-0.004785501
1;-0.03050941
2;0.014871857
3;-0.016294637
4;-0.053931739
5;0.010168567
1;0.0173672
2;0.055784582
3;-0.009224189
4;0.010635519
5;-0.015205939
1;-0.018660876
2;-0.026407968
3;0.042362265
4;0.033550996
5;0.006543608
1;0.021068283
2;-0.00251782
3;0.023888542
4;-0.013346622
5;0.009664656
1;-0.016237953
2;-0.007914856
3;0.005156844
4;-0.023479748
5;0.027904058
1;0.015369995
2;-0.014440221
3;-0.001472278
4;0.060891458
5;-0.005951858
1;-0.032101818
2;-0.055316049
3;0.013678979
4;0.026921763
5;-0.022764006
1;-0.006407447
2;0.012710475
3;-0.021916271
4;-0.003361567
5;0.027210242
1;-0.012920559
2;-0.019428745
3;0.005158638
4;-0.017978523
5;-0.004421295
1;-0.03465074
2;-0.00841545
3;-0.016950719
4;-6.38E-05
5;0.012227184
1;0.053151405
2;0.004579713
3;0.041375305
4;-0.007851015
5;0.011120228
1;0.011413472
2;-0.006785892
3;-0.001148592
4;-0.025670033
5;0.024526425
1;-0.026434242
2;-0.00352447
3;-0.033876687
4;0.007551627
5;-0.008852802
1;0.000639031
2;0.026932149
3;-0.008189521
4;0.013545986
5;0.009812369
2;0.000328757
3;-0.010375543
4;0.018223857
5;0.010258751
1;0.019583491
2;0.007143219
3;-0.016074146
4;-0.01537919
5;-0.002403591
1;-0.003086969
2;0.0262223
3;-0.001857966
4;-0.001514487
5;-0.001091227
1;0.008879617
2;0.013853977
3;-0.001548604
4;0.019415612
5;-0.002237447
1;0.005081153
2;-0.004734984
3;-0.003065504
4;0.015204668
5;-0.013310603
1;-0.016135457
2;0.010027216
3;0.020675773
4;0.002728304
5;0.015066608
1;-0.006629432
2;0.001839571
3;-0.000451511
4;0.004304505
5;-0.015172735
1;0.003376897
2;-0.002636022
3;0.004348225
4;0.000855003
5;0.013572836
1;0.009525314
2;-0.00210442
3;-0.005170273
4;-1.74E-05
5;0.005704103
1;-0.007405425
2;0.00363719
3;-0.000445961
4;0.013601699
5;0.000411376
1;-0.003900582
2;-0.036494028
3;0.008814412
4;0.025043917
5;0.002618494
1;0.000739516
2;0.017073745
3;0.004033924
4;0.004394861
5;0.004075244
1;-0.004726256
2;-0.013237475
3;-0.00098042
4;-0.015689274
5;0.001070713
1;0.007394533
2;-0.009292091
3;-0.011432439
4;-0.014396976
5;0.012546951
1;0.01135531
2;-0.016341712
3;-0.027771585
4;0.001911574
2;-0.031271812
3;0.006224373
4;0.00986565
5;-0.024990153
1;0.00506384
2;0.026850742
3;-0.01598736
4;-0.020663909
5;0.004576753
1;-0.02869951
2;0.022640887
3;0.020035717
4;-0.001281183
5;0.011377072
1;-0.01650583
3;0.004202437
4;-0.000920975
5;-0.019229043
1;0.016389464
2;-0.028214434
3;-0.001970065
4;0.0036871
5;-0.000127797
1;-0.023201682
2;-0.006140482
3;0.003088075
4;-0.01210444
5;-0.001325584
1;0.006346177
2;0.018635055
3;-0.026554943
4;0.011579997
5;0.003184261
1;-0.00163194
2;0.013620396
3;-0.022662225
4;0.000474092
5;-0.022301795
1;0.001361567
2;0.010642141
3;0.023936794
4;0.004150358
5;-0.006359805
1;-0.002930537
2;0.001362964
3;-0.005552142
4;0.000795053
5;0.018029694
1;-0.006964819
2;0.016730364
3;0.002754452
4;-0.003941845
5;-0.007516409
1;-0.02266258
2;-0.002959724
3;0.016593998
4;-0.003741746
5;0.046411128
1;0.01353167
2;0.009521834
3;-0.001055215
4;-0.011817699
5;-0.018934164
1;-0.003790955
2;0.005877902
3;-0.005735362
4;-0.007014807
5;0.014449293
1;-0.000286132
2;-0.000921837
3;0.018224656
4;0.008690569
5;-0.021603527
1;-0.029344072
2;-0.008694707
3;0.002293542
4;0.039878966
5;0.022528009
1;0.012277268
2;-0.008786619
3;0.009042555
4;-0.027191095
5;0.042911838
1;0.008078854
2;0.015090354
3;-0.004358975
4;0.00535174
5;-0.006119865
1;-0.002684338
2;0.006939423
3;-0.000310169
4;0.009030768
5;0.002264357
1;-0.002238499
2;0.009351127
3;-0.01480472
4;-0.008439016
5;0.000189345
1;0.00859049
2;-0.00907412
3;-0.005159651
4;-0.010240042
5;0.009999818
1;0.011836836
2;-0.015955977
3;0.001983886
4;0.030104924
5;0.002609218
1;-0.003701019
2;0.008873677
3;0.001833052
4;-0.011836843
5;0.022444111
1;-0.007817544
2;-0.011604375
3;0.005431193
4;-0.006220074
5;0.005908571
1;-0.009533449
2;0.004732552
3;-0.028570279
4;0.007143138
5;-0.02487566
1;0.023612986
2;-0.006059111
3;-0.002407538
4;-0.001416144
5;0.016284421
1;-0.014718554
2;-0.006996321
3;-0.005011383
4;0.014116132
5;-0.007244108
1;0.009163921
2;0.023309085
3;0.007557901
4;0.002174813
5;-0.00869924
1;-0.006099212
2;-0.022280395
3;0.005851042
4;-0.004375543
5;0.006882255
1;-0.007656401
2;0.014720001
3;-0.008759316
4;0.01336217
5;0.004896779
1;-0.012667005
2;0.008707808
3;-0.020055113
4;-0.000560342
5;0.004652158
1;-0.003487821
2;0.005539128
3;-0.008953859
4;-0.005195797
5;-0.012159723
1;0.028923578
2;0.006514417
3;0.004409598
4;0.005980883
5;0.008703602
1;-0.007926366
2;0.000339851
3;0.003722223
4;0.015158243
5;-0.003255613
1;0.002613749
2;0.003886912
3;0.002794599
4;0.003100605
5;0.001098892
1;0.001798355
2;0.009382496
3;0.000139864
4;-0.000968478
5;4.12E-05
1;-0.001422807
2;0.002890187
3;0.004364705
4;0.000583797
5;-0.001454669
1;-0.002403607
4;0.005909771
5;-0.014808668
1;0.00573451
3;0.025183704
4;-0.003423163
5;0.002375461
1;-0.006827508
2;0.000334659
3;0.003117202
4;-0.003862242
5;0.000782817
1;0.000601543
2;-0.00294372
3;0.003008439
4;0.009559153
5;-0.000675956
1;0.005716502
2;-0.005868855
3;-0.003974732
4;0.006953443
5;0.006902779
1;0.000722313
2;0.001303076
3;-0.005376542
4;-0.008780924
5;0.010905861
1;-0.030572346
2;0.009460803
3;-0.014119293
4;-0.011554598
5;0.013364702
1;0.000295887
2;0.00981314
3;0.003236244
4;-0.007852779
5;-0.002518429
1;0.001820562
2;0.018582542
3;-0.006967808
4;-0.023200417
5;0.022229564
1;0.004052453
2;-0.027076859
3;0.019025899
4;0.008499624
5;-0.0062213
1;0.002658689
2;0.020657135
3;-0.003552467
4;0.005291032
5;0.012148545
1;-0.001010888
2;0.000964014
3;-0.00102397
4;0.009222108
5;-0.007141397
1;-0.00483996
2;-0.013082297
3;0.014150876
4;-0.014389267
5;-0.001208725
1;-0.01128539
2;0.005526576
3;-0.00991928
4;0.005315031
2;0.019624369
3;-0.013335594
4;-0.00769942
5;-0.016964697
1;0.000900377
2;0.001073935
3;0.01968927
4;0.008498104
5;-0.012354653
1;-0.0050593
2;-0.006676363
3;-0.023764952
4;3.61E-05
5;0.014507958
1;4.65E-05
2;0.035220004
3;0.015707136
4;-0.000642944
5;-0.007952443
1;0.015271051
2;-0.003088504
4;0.000521028
5;0.013945677
1;-0.001511511
2;0.003648278
3;0.008875858
4;-0.007026152
5;0.006406692
1;-0.002185079
2;0.005273508
3;0.004068805
4;-0.00079384
5;0.005563687
1;0.005378796
2;0.003308093
3;0.003692218
4;-0.020942965
5;-0.002614862
1;0.009650538
2;0.013771515
3;-0.019051803
4;0.005568095
5;-0.012012882
1;-0.007095996
2;0.001315236
3;-0.01887108
4;-0.009954796
5;0.015171616
1;-0.002127454
2;-0.01401992
3;-0.004434364
4;0.00112755
5;0.001888694
1;0.01525688
2;-0.00080526
3;-0.005509184
4;-0.037256888
5;-0.011116104
1;-0.017208266
2;0.014958632
3;0.020668156
4;0.009655227
5;-0.00620711
1;0.007612218
2;-0.006633802
3;-0.010896626
4;0.028572155
5;-0.01466609
1;0.018470558
2;0.005146482
3;-0.000788643
4;0.007380529
5;-0.003596553
1;0.006074754
2;-0.007128462
3;0.00543569
4;0.014300592
5;-0.00062905
1;0.003712542
2;-0.00428081
3;0.01005862
4;-0.001699759
5;0.003235391
1;1.76E-05
2;0.004449748
3;0.001523943
4;0.012455017
5;0.000722023
1;0.001067244
2;-0.004305584
3;0.00146697
4;0.006375588
5;0.003004595
1;-0.001195352
2;0.00510034
3;0.005288374
4;-0.005117344
5;0.007469832
1;-0.00972489
2;-0.013571171
3;-0.003441069
4;0.010906438
5;0.002546568
1;-0.000575179
2;-0.024491447
3;-0.002085964
4;0.006515845
5;-0.01327523
1;0.018194938
2;-0.008004975
3;0.001596583
4;0.006605576
5;0.010523943
1;-0.002190489
2;0.018710925
3;0.000599824
4;-0.00303438
5;0.001914579
1;0.009125811
2;-0.00161731
3;0.005986134
4;0.008509633
5;-0.000566013
1;-0.007540862
2;0.005624028
3;-6.20E-05
4;-0.002059158
5;1.19E-05
1;-0.010403193
2;0.012748313
3;-0.009202005
4;-0.007284486
5;0.008748004
1;0.000319334
2;-0.007723758
3;-0.001568897
4;0.021824294
5;0.000443228
1;0.000705915
2;0.007798147
3;-0.002894208
4;-0.000961883
5;0.010882537
1;-0.002127772
2;0.004318542
3;-0.008127589
4;0.003521415
5;-0.000790828
1;-0.00485693
2;0.006208914
3;-0.000930755
4;0.006013547
5;-0.00622882
1;0.003597387
2;-0.008253451
3;0.007866302
4;-0.001386568
5;-0.00481185
1;0.006946925
2;-0.006163276
3;-0.005606973
4;0.010317026
5;0.001940267
1;0.006606386
2;-0.011262814
3;-0.000917962
4;-0.003395812
5;0.005773283
1;0.005463565
2;-0.005687966
3;0.003614674
4;0.00217789
5;-0.001677207
1;-0.002190883
2;-0.026808569
3;-0.005749352
4;-0.011786622
5;0.007159831
1;0.001144798
2;-0.010445991
3;-0.001046711
4;-0.004350189
5;-0.002315217
1;0.014712494
2;-0.012515245
3;0.009995009
4;0.010832921
5;0.00946337
1;0.0051183
2;0.000739889
5;0.013945514
1;-0.000453623
2;0.004722548
4;-0.016113958
5;0.004807129
1;-0.004745625
2;0.008277807
3;-0.000403583
4;-0.008442091
5;0.006007753
1;0.002976322
2;0.002560479
3;0.013448537
4;-0.002959081
5;0.001903602
1;-0.001072788
2;0.000233614
3;0.000256682
4;-0.010230233
5;-0.028308906
1;-0.004071746
2;0.009779366
3;-0.006787148
4;0.005527182
5;-0.003426901
1;-0.014013696
2;0.002358606
3;8.26E-05
4;0.016930559
5;0.00952447
1;0.002114513
2;0.010842257
3;0.005164865
4;0.00169407
5;0.006319261
1;-0.001145781
2;-0.001029324
3;0.002396271
4;0.003309346
5;0.005853586
1;0.00865214
2;-0.001036941
3;-0.004003882
4;-0.000118272
5;0.002655471
1;-0.026949711
2;0.024182779
3;-0.001058364
4;0.005855864
5;-0.011526337
1;0.001011759
2;-0.004843735
3;-0.010041697
4;-0.013030802
5;-0.008064407
1;0.01309817
2;0.00962126
3;-0.001206312
4;0.00459706
5;0.001701452
1;-0.013688695
2;0.015725703
3;0.009400626
4;-0.001389743
5;0.007326273
1;-0.004489509
2;0.007988049
3;0.000934793
4;0.004159827
5;0.007884633
1;-0.010867052
2;-0.002539244
3;0.004025938
4;-0.006592038
5;-0.010850568
1;0.004274087
2;-0.008982971
3;0.01378377
4;0.005918001
2;0.011754259
3;-0.007415574
4;0.006373599
5;-0.008048753
1;0.003795983
2;0.008294115
3;-0.002290467
5;-0.006532873
1;0.001013355
2;-0.0077879
3;0.004139953
4;0.013581217
5;-0.006669274
1;0.00364957
2;0.002527041
3;-0.000883849
4;-0.01254436
5;0.002550216
1;0.003020379
2;-0.003902669
3;0.003739336
4;0.00205203
5;0.003330602
1;0.007489991
2;0.000622745
3;0.000414948
4;-0.000247182
5;-0.002417659
1;-0.000814568
2;-0.002705227
3;-0.000597466
4;0.010548479
5;0.007095437
1;0.001744775
2;0.001280471
3;-0.008719076
4;-0.000155881
5;-0.00244458
1;-0.007340978
2;0.005752758
3;-0.001257385
4;0.007185454
5;-0.004766945
1;-0.005690698
2;0.000613245
3;-0.012861384
4;-0.004712246
5;-0.000594821
1;-0.003194195
2;0.008617832
3;-0.003682981
4;0.0101091
5;-0.004665781
1;-0.014247419
2;-0.014455648
3;0.003978232
4;-0.013527356
5;0.003536886
1;0.007740152
2;-0.010335896
3;0.014698738
4;-0.012191032
5;0.004436268
1;-0.007076377
2;0.014936422
3;0.001555025
4;0.007813882
5;-0.018327516
1;0.003278268
2;0.004778233
3;-0.012279651
4;-0.01546107
5;-0.010264124
1;0.003429932
2;0.003706469
3;-0.006099531
4;-0.013715712
5;-0.000486885
1;0.011956272
2;-0.008502586
3;0.007809109
4;0.002533268
5;-0.007415494
1;0.013394592
2;0.005609848
3;-0.003215921
4;0.012219911
5;-0.009391894
1;0.020782816
2;0.011745286
3;0.000420997
4;-0.006670268
5;0.003429719
1;-0.00029906
2;-0.000319706
3;0.00989531
4;0.016389636
5;-0.001881661
1;-0.00257995
2;-0.00505417
3;-0.00035493
4;-0.00222455
5;0.000180127
1;-0.002946905
2;-0.004408354
3;0.005035891
4;0.007484205
5;-0.000779752
1;-0.004193735
2;-0.018905572
3;0.012394908
4;-0.013328969
5;0.009021745
1;-0.008381348
2;0.013259357
3;-0.011608612
4;-0.028487255
5;0.009166681
1;0.001115746
2;-0.018216864
3;-0.009793256
4;-0.006419127
5;-0.016491836
1;0.001224178
2;0.002338695
3;-0.037007351
4;-0.005370104
5;0.028815596
1;-0.010453187
2;0.022298904
3;0.005826803
4;0.012729559
5;-0.006946199
1;-0.007819492
2;0.003880917
3;-0.000493718
4;0.007416526
5;0.021936963
1;-0.009270137
2;-0.015338675
3;0.01876387
4;0.004566099
5;-0.008978899
1;0.007828671
2;0.005026632
3;-0.015247245
4;0.001928816
5;0.003458714
1;0.005609514
2;0.008548108
3;0.000893468
4;-0.007524387
5;0.026342091
1;0.004867105
2;0.003170017
3;-0.002030671
4;0.002037517
5;0.0017874
1;-0.002931279
2;0.002502959
3;0.000810919
4;-0.015597368
5;0.021866582
1;-0.010005814
2;-0.025822613
3;-0.008485834
4;-0.000484991
5;-0.028060136
1;-0.025524197
2;0.021688603
3;0.004560581
4;0.032911335
5;-0.001846631
1;0.003008449
2;0.014129579
3;-0.004440932
1;0.00512668
2;-0.016907101
3;0.006388628
5;-0.004799987
1;-0.033703787
2;-0.00679941
3;0.007132578
4;0.035226719
5;-0.019225026
1;0.011697097
2;0.014566168
3;-0.015749393
4;0.023393263
5;0.012966094
1;0.003489641
2;0.01155771
3;0.008689047
4;0.015044067
5;0.019120634
1;0.007393908
2;-0.010951424
3;-0.002873805
4;0.004433935
5;-0.005885886
1;0.005073712
2;0.01079579
3;0.003925673
4;0.001489425
5;-0.002612215
1;-0.008552724
2;0.009537098
3;-0.003470926
4;0.009955874
5;0.006991708
1;-0.001558145
2;0.000429205
3;0.009429549
4;0.007111512
5;-0.000492541
1;0.006478791
2;0.004952445
3;-0.000863988
4;0.005800172
5;0.008286315
1;-0.006922855
2;-0.009823746
3;0.009829846
4;0.009343384
5;0.000169221
1;-0.005484004
2;-0.011253639
3;0.023443081
4;-0.002087115
5;0.004627031
