2;0.004694458
3;0.012087207
4;-0.004923412
5;-0.00290027
1;-0.005414509
2;0.002054401
3;-0.009775491
4;0.002194391
5;-0.015756891
1;-0.005857211
2;-0.007253017
3;0.010501896
4;-0.015708908
5;-0.000813374
1;-0.016364433
2;-0.002615406
3;-0.005470832
4;0.004946929
5;0.010685533
1;0.006159432
2;-0.00292423
3;0.006567534
4;0.003630078
5;0.003956694
1;-0.002848944
2;-0.011693034
3;-0.005919862
4;0.010176011
5;-0.007492607
1;-0.011607564
2;0.002751033
3;0.002221497
4;0.006721475
5;0.005215866
1;-0.012459603
2;-0.008788671
3;-0.007626726
4;0.004195285
5;-0.020254871
1;0.011446581
2;0.002442221
3;0.000266064
4;-0.007566016
5;0.007299952
1;-0.010835502
2;-0.006522007
3;0.006432337
4;0.008794111
5;-0.007002236
1;-0.005160317
2;0.000764509
3;0.000719004
4;0.003945309
5;0.012892505
1;-0.01150638
2;0.009649451
3;-0.00416852
4;0.003814428
5;0.011006539
1;0.0062417
2;-0.014021788
3;0.003875632
4;-0.005288686
5;-0.00669492
1;-0.01176879
2;0.00856066
3;-0.0040695
4;0.00353381
5;-0.008250058
1;0.002967094
2;-0.004589228
3;-0.000902324
4;0.002974583
5;0
1;0
2;-0.00342605
3;-0.003891055
4;-0.00965707
5;0.001097946
1;-0.012838683
2;0.000324142
3;-0.007808545
4;-0.004442685
5;-0.01273542
1;-0.00152019
2;0.006869949
3;0.009258673
4;-0.001263897
5;0.012706415
1;0
2;0.009115666
3;-0.008884446
4;-0.002639074
5;0.008724005
1;0.017584272
2;-0.001039149
3;0.004465199
4;0.027650713
5;-0.006720131
1;0.005712795
2;0.012714065
3;-0.010394335
4;-0.004513098
5;-0.005063079
1;0
2;0.013154623
3;0.021802751
4;-0.000468953
5;0.011152453
1;0.003199733
2;0.000462272
3;-0.00911668
4;0.008402169
5;-0.004973667
1;-0.007549767
2;0.009280711
3;0.01453094
4;-0.000998253
5;-0.00446271
1;-0.009154343
2;-0.000337539
3;0.000632791
4;-0.000379627
5;0.003453507
1;0.008373505
2;0.000541859
3;-0.011019742
4;-0.007527736
5;0.007991079
1;-0.001095521
2;-0.000126484
3;-0.006853978
4;-0.010284074
5;0.003681984
1;-0.001068947
2;-0.004287252
3;0.014078731
4;0.004227442
5;0.004923527
1;0.010148979
2;0.003525877
3;-0.005397563
4;-0.006138703
5;0.005347383
1;-0.016975911
2;0.00050841
3;0.001608262
4;-0.008749631
5;-0.005990348
1;-0.005853759
2;0.004178609
3;0.005487453
4;-0.014859754
5;-0.008672779
1;-0.028593672
2;0.007001824
3;0.000760065
4;0.003301806
5;-0.004956806
1;-0.006422226
2;0.006511755
3;0.002369616
4;-0.007710622
5;-0.020550848
1;-0.009368939
2;-0.02274584
3;-0.001566617
4;-0.014259297
5;0.005478939
1;0
2;0.018849223
3;-0.000188156
4;0.013039701
5;0.004262818
1;0.00175544
2;-0.008621942
3;0.001953398
4;-0.014650048
5;0.000942552
1;0.01128844
2;-0.00125836
3;-0.000933141
4;-0.007120469
5;-0.015778953
1;0.000238772
2;-0.014573521
3;0.000871713
4;-0.023955881
5;0.004254904
1;-0.017531203
2;0.004461719
3;0.00040008
4;0.00453968
5;-0.009451724
1;0.020243908
2;0.013498518
3;0.013750066
4;-0.007985803
5;0.034884775
1;0.026557768
2;-0.031139357
3;-0.005780227
4;-0.00928037
5;-0.000856613
1;0.000713895
2;-0.008744531
3;-0.00751521
4;0.007035156
5;0.003068369
1;0.00620379
2;0.011823264
3;-0.00778765
4;-0.010383023
5;-0.012332157
1;-0.000484825
2;-0.013769749
3;0.008030992
4;-0.010936038
5;0.001330475
1;0.009508011
2;0.009563412
3;0
4;-0.005134426
5;-0.009073676
1;0.005522311
2;0.001996154
3;-0.00487568
4;0.006819315
5;0.003875974
1;0.013401099
2;0.009166315
3;0.005234009
4;0.000752198
5;0.019821978
1;-0.008606383
2;0.003525541
3;-0.007063555
4;-0.004065521
5;0.006441096
1;0.006168708
2;-0.007612012
3;0.002930984
4;0.011501016
5;0.002705865
1;-0.000412286
2;-0.007681201
3;-0.004117803
4;0.007068473
5;-0.00175091
1;-0.004854042
2;0.001805681
3;0.007787161
4;-0.009175857
5;0.002590675
1;-0.003749397
2;0
3;0
4;0.005319038
5;-0.003419439
1;-0.007853383
2;0
3;-0.007116468
4;-0.004945725
5;0.003911501
1;-0.006038609
2;-0.006360982
3;0.01371569
4;-0.009533771
5;-0.001233748
1;-0.012085461
2;-0.00476914
3;-0.007804776
4;0.023946906
5;-0.000903192
1;-0.008933109
2;-0.001152295
3;-0.000528579
4;0.008995706
5;0.001760941
1;0.00710735
2;-0.001984972
3;0.018189138
4;0.008188993
5;-0.002121772
1;0.003088912
2;0.013533491
3;-0.003275112
4;0.022035363
5;0.000668315
1;0.014942146
2;-0.006382766
3;0.001456215
4;0.011661173
5;0.001089016
1;0.009273771
2;-0.002548212
3;-0.006769096
4;0.006769096
5;0.00082132
1;0.009118735
2;-0.005710989
3;0.01104889
4;0.013914665
5;0.002516885
1;-0.00167722
2;0.015490628
3;0.016311837
4;-0.009065727
5;0.007071789
1;0.001668668
2;-0.001750138
3;-0.002692231
4;0.021177642
5;-0.002562667
1;-0.001444391
2;-0.012768882
3;-0.007265042
4;0.013669863
5;-0.013956648
1;-0.003530092
2;0.002135963
3;0.011220715
4;-0.00329195
5;0
1;0
2;0.012862174
3;0.012301948
4;0.002141328
5;0.008205498
1;-0.006068745
2;-0.001067806
3;-0.003329373
4;0.005068916
5;-0.002174902
1;0.006589225
2;-0.009205367
3;0.010070181
4;-0.002596689
5;-0.007235378
1;-0.011694639
2;0.005205634
3;-0.006089274
4;-0.002615327
5;-0.004360648
1;0.010826145
2;-0.004815032
3;0.008889659
4;0.008850845
5;-0.003166188
1;0
2;0.007031156
3;-0.006753714
4;0.007265293
5;-0.006908695
1;-0.015047481
2;-0.009252031
3;-0.001746867
4;0.005069668
5;-0.00730849
1;0.005162088
2;0.006505993
3;-0.006789825
4;0.006830103
5;-0.00472356
1;0
2;0.003474189
3;0.005309106
4;-0.000682169
5;0.00332619
1;0.006500133
2;-0.003902988
3;0.006166106
4;0.001505905
5;-0.007552306
1;0.002231877
2;0.012147741
3;-0.008848916
4;-0.002224518
5;0.003057439
1;0.000673761
2;-0.003174606
3;-0.012518411
4;-0.001933691
5;0.003059953
1;-0.011808136
2;0.001178982
3;-0.009758167
4;0.006217043
5;-0.015491445
1;0.011855894
2;0.006770286
3;-0.004889587
4;0.00902702
5;0.005771847
1;-0.007230164
2;0.008517217
3;0.008206119
4;0.000836837
5;-0.005231746
1;0
2;0.023506286
3;0.001641331
4;-0.005363833
5;-0.002279517
1;0.006666691
2;0.011425587
3;-0.002863557
4;-0.00034883
5;0.003753221
1;0.002198948
2;0.000231187
3;-0.002623256
4;0.001119583
5;0.003851046
1;-0.006284843
2;-0.004691113
3;0.009321823
4;0.001231243
5;-0.011602853
1;-0.000466926
2;0.006014414
3;0.009203523
4;0.003214699
5;0.00145088
1;-0.031195012
2;0.005495598
3;0.018385438
4;0.008076754
5;0.006725333
1;0
2;-0.007946055
3;0.001678109
4;0.005320779
5;0.002838814
1;0.012731849
2;-0.003963659
3;-0.001649918
4;-0.000487997
5;0.00153826
1;-0.005337757
2;-0.008478476
3;-0.001597748
4;0.005808121
5;-0.006112744
1;-0.007569133
2;-0.004461203
3;-0.004171501
4;0.001972044
5;0.004471004
1;-0.008031241
2;-0.001124881
3;0.008194233
4;-0.000847229
5;0.001309052
1;0.008696207
2;0.00907492
3;-0.000529321
4;-0.007059121
5;-0.000380938
1;-0.010879666
2;0.001270281
3;-0.005941834
4;-0.00516015
5;-0.006164911
1;0.007603117
2;0.00085417
3;0.000892216
4;0.003754092
5;0.004778613
1;-0.009813091
2;-0.006309415
3;0.000624927
4;-0.012889714
5;-0.005393628
1;0.017267637
2;-0.002034509
3;0.009278096
4;-0.00431647
5;-0.006451005
1;-0.008547902
2;0.00516899
3;-0.002640344
4;0.001498364
5;0.008240188
1;-0.001603473
2;0.008030606
3;-0.011323823
4;0.005912196
5;-0.005872927
1;-0.017309077
2;-0.01602934
3;0.003849509
4;-0.003687126
5;-0.007006424
1;0.004038761
2;0.006209814
3;-0.009758158
4;-0.007752136
5;-0.003464778
1;-0.002192303
2;0.002192303
3;0.001486375
4;-0.006955398
5;-0.007631874
1;0.008711474
2;-0.007330923
3;-0.004945318
4;0.01794573
5;0.011610625
1;-0.004415018
2;-0.003241893
3;-0.007964553
4;-0.009156811
5;-0.014106388
1;-0.005400247
2;0.016491557
3;0
4;0
5;0.014282685
1;0.000537334
2;0.029759376
3;0
4;-0.000120339
5;0.004522812
1;-0.004362363
2;-0.004139794
3;-0.00638386
4;0.012407007
5;-0.008038952
1;0.004911443
2;0.010466698
3;0.008232128
4;0.001772107
5;-0.00192978
1;0.003227333
2;-0.000589588
3;-0.008449531
4;0.00130763
5;-0.005917765
1;0.011682607
2;0.004752655
3;-0.002157498
4;0.001687168
5;0.007965681
1;-0.004287336
2;-0.001328904
3;-0.003801019
4;-0.005037992
5;-0.006770292
1;0.008386789
2;-0.000512265
3;-0.005295618
4;-0.000435963
5;-0.003454784
1;0.010722372
2;0.005846708
3;-0.007540388
4;0.002637745
5;-0.000432585
1;0.006820881
2;-0.005052395
3;0.007120809
4;-0.001170275
5;3.90E-05
1;-0.003049021
2;0.004336198
3;-0.002732349
4;-0.007887497
5;-0.002050716
1;0.006923982
2;0.00940403
3;-0.020561032
4;-0.011603695
5;-0.006962779
1;-0.002142844
2;0.008263011
3;-0.010694426
4;0.001175922
5;-0.004467738
1;-0.006370489
2;0.007224964
3;0.002518484
4;0.002957204
5;-0.009877928
1;0.002040484
2;-0.005231976
3;-0.012993356
4;-0.001329456
5;-0.009481911
1;0.007609369
2;0.001373541
3;-0.004585825
4;0.017890157
5;0.054395521
1;0.007126841
2;0.003659833
3;0.015150938
4;-0.000606198
5;0
1;0
2;-0.004862862
3;-0.006878658
4;0.000766636
5;0.012641046
1;0.005734566
2;-0.002712275
3;0.005229606
4;-0.004060919
5;0.002145318
1;0
2;0.000901917
3;0.013617327
4;0.001185054
5;0.008770047
1;0.004429402
2;-0.005640834
3;-0.000698157
4;-0.009528806
5;-0.004500407
1;0.007797745
2;-0.001110248
3;0.004175526
4;-0.003657257
5;0.004799714
1;0
2;-0.003837926
3;-0.002220907
4;-0.001631806
5;0.004961319
1;-0.003700145
2;0.003072085
3;-0.009282015
4;0.00037294
5;-0.005008982
1;-0.00854304
2;-0.003938504
3;0.000265579
4;-0.008380682
5;-0.00398636
1;-0.003886638
2;0.008714234
3;-0.006865235
4;-0.013834481
5;0.008586745
1;-0.013437136
2;0.004030607
3;-0.010995163
4;0.009705571
5;-0.00911347
1;-0.0072477
2;0.002144134
3;-0.010887228
4;-0.007163008
5;0.008445317
1;-0.011316848
2;0.009954341
3;-0.008497323
4;0.01018015
5;-0.002846435
1;-0.005031103
2;0.002297323
3;0.000965717
4;-0.001207292
5;-0.020955744
1;-0.011663628
2;0.004938487
3;-0.011533385
4;0.004846064
5;-0.009337058
1;-0.012359423
2;0.010759624
3;0.020765454
4;-0.004798553
5;-0.004988371
1;0.008548125
2;-0.005261317
3;-0.006124636
4;-0.006372653
5;-0.011633695
1;-0.010436811
2;-0.00694672
3;-0.002818308
4;0.006448703
5;0.016600022
1;0.008155721
2;-0.009047157
3;0.00373024
4;-0.001736222
5;0.002666612
1;-0.02335036
2;-0.013109658
3;0.001752081
4;0.011573901
5;0.000432507
1;0
2;-0.006159204
3;0.006332155
4;0.029353105
5;-0.0083051
1;0.004224406
2;-0.014650255
3;-0.00437281
4;0.005612577
5;0.012862323
1;0.021365303
2;-0.021744977
3;0.003495992
4;0.043443959
5;0.032907996
1;-0.002691582
2;0.01006596
3;-0.002129102
4;0.01564905
5;-0.007736242
1;-0.015888728
2;0.002146133
3;-0.004884253
4;0.007531302
5;-0.008824735
1;-0.041399026
2;0.017063255
3;0.011467512
4;0.008584083
5;0.000944882
1;0.0062765
2;0.010696537
3;-0.003876425
4;-0.010973886
5;0.006770401
1;-0.000663272
2;0.021162359
3;0.010907057
4;0.004675901
5;0.004354525
1;-0.003038661
2;0.003076118
3;-0.007292991
4;-0.003060822
5;0.006037071
1;0.011036194
2;0.006600684
3;-0.005150735
4;0.007181492
5;-0.003103183
1;-0.002704657
2;0.007097997
3;-0.006578728
4;0.010916173
5;-0.01065664
1;-0.006657888
2;-0.000149287
3;0.009213916
4;0.000813279
5;0.009634907
1;-0.003482855
2;0.001541285
3;-0.006437751
4;0.011813616
5;0.006652272
1;0.006752269
2;0.004739005
3;-0.0100431
4;0.002493181
5;-0.004195001
1;-0.001777327
2;0.005539177
3;-0.006919691
4;-0.008836689
5;-0.003784891
1;0.002059581
2;-0.001433903
3;0.005467201
4;0.002740679
5;0.01786666
1;0.00643158
2;0.012142387
3;-0.005150468
4;3.54E-05
5;0
1;0
2;0.007153837
3;-0.005387052
4;0.004930455
5;0
1;0.005255793
2;-0.009797975
3;-0.002685704
4;-0.003367305
5;-0.006161317
1;-0.009259658
2;-0.005604484
3;-0.004579162
4;0.005050424
5;0.002136018
1;-0.000723563
2;-0.009271614
3;0.004046448
4;0.008909874
5;0.002844542
1;-0.003349484
2;0.022755815
3;-0.001129106
4;-0.005522724
5;-0.003449444
1;0.015692695
2;-0.006049966
3;0.013804921
4;-0.002752759
5;-0.00104734
1;0.002476933
2;-0.01357606
3;-0.005276496
4;0.006335519
5;0.00306484
1;0.001019529
2;-0.011912267
3;0.000639864
4;0.008386906
5;0.000810187
1;-0.000598771
2;-0.007177868
3;-0.000354925
4;0.004144753
5;0.013797681
1;0.005077742
2;-0.000104078
3;0.012515463
4;-0.004739508
5;0.005937995
1;0.011974154
2;-0.002505418
3;0.00230251
4;-0.001116732
5;-0.012778529
1;0.002226676
2;-0.001061335
3;-0.010121962
4;-0.003535777
5;0.007059097
1;-0.012560887
2;-0.000978166
3;-0.000174773
4;-0.002730425
5;3.51E-05
1;-0.002245851
2;0.005081045
3;0.006167589
4;-0.000104219
5;-0.002957398
1;-0.010895758
2;-0.002327633
3;-0.003572506
4;-0.000106309
5;0
1;0
2;0.008820577
3;-0.001652341
4;-0.000844803
5;-0.00540246
1;0.001980759
2;0.009180346
3;0.004715589
4;0.003999518
5;-0.01303098
1;-0.007589031
2;0.003678165
3;-0.012575654
4;-0.003760682
5;0.009393094
1;0
2;-0.000177756
3;-0.005740687
4;-0.003654084
5;0.002652331
1;0.012839156
2;0.002223831
3;0.008671437
4;-0.004027956
5;-0.000807542
1;0.00389126
2;-0.003785892
3;-0.009740681
4;-0.001029007
5;-0.001634394
1;0.004753636
2;0.004273133
3;0.003236818
4;0.002946233
5;-0.005126416
1;0
2;0.002987752
3;0.004831773
4;-0.003569058
5;-0.008059593
1;0.005251391
2;-0.000140617
3;0.007879158
4;-0.002409682
5;0.000629173
1;0.008247398
2;-0.005386165
3;0.004519389
4;-0.002535296
5;0.001285816
1;0.008300525
2;0.001445535
3;-0.002375911
4;-0.002070608
5;-0.002490403
1;0.003284643
2;-0.003804258
3;0.004839277
4;-0.003869546
5;-0.010824085
1;-0.006741362
2;0.003376362
3;7.02E-05
4;-0.000842963
5;-0.000949184
1;-0.004335496
2;0.002187721
3;-0.001693301
4;-0.000211864
5;0.000458983
1;0.003488437
2;-0.00670575
3;-0.003476414
4;0.002129851
5;0.002691315
1;0.005818173
2;0.012300106
3;0.001665626
4;0.011513795
5;0.003045809
1;0.005180476
2;0.001121172
3;-0.001257157
4;0.000713715
5;0.008929235
1;0.005574038
2;-0.00496812
3;0.011543029
4;0.000997473
5;0.00033227
1;-0.000598166
2;0.005535956
3;0.015938422
4;-0.002638825
5;-0.002580394
1;-0.005115101
2;0.002396862
3;0.009757767
4;0
5;0.006925818
1;0
2;-0.00019353
3;-0.00481804
4;-0.004059963
5;-0.004991935
1;0.000555892
2;-0.006691182
3;-0.001053671
4;-0.001384631
5;0.001911605
1;-0.004025212
2;0.001057362
3;-0.012829637
4;0.004838746
5;0.000532499
1;-0.000332779
2;-0.000965685
3;0.001963689
4;-0.002063641
5;0.001298593
1;0.00699663
2;0.003496507
3;-0.002241636
4;0.002439186
5;0
1;0.009893286
2;0.00568839
3;0.005043658
4;-0.002712654
5;0.005224976
1;-0.002060927
2;-0.002420566
3;-0.004469209
4;0.0017512
5;0.011116417
1;0.005368797
2;-0.002552976
3;0.008495255
4;0.010087404
5;0.003350402
1;-0.004448768
2;-0.006141655
3;-0.003481237
4;0.002754343
5;0.002526051
1;-0.002083531
2;-9.48E-05
3;-0.000569044
4;-0.004214669
5;-0.020338814
1;-0.002596055
2;0.005960883
3;0.000807168
4;0.000387209
5;-0.000193586
1;-0.001873265
2;0.001356852
3;0.007237667
4;0.001761269
5;-0.005614838
1;-0.01210645
2;-0.00042346
3;-0.000684429
4;0.008408731
5;0.005898961
1;0.007811539
2;0.009868866
3;0.020719167
4;-0.002880552
5;0.003189795
1;0.000958047
2;0
3;0.012310776
4;-0.001771263
5;-0.003153273
1;-0.002056509
2;-0.001906813
3;0.009314934
4;0.00983316
5;0.007791505
1;0.008296079
2;-0.006709133
3;0.003971281
4;0.012085097
5;0.004641061
1;0
2;0
3;0.014459906
4;-0.009636111
5;-0.00303774
1;0
2;-0.002900294
3;-0.008633317
4;0.0070184
5;0.012556743
1;-0.001568263
2;-0.007819834
3;-0.01232
4;-0.003565066
5;0.012010913
1;0.002115035
2;0.008532076
3;0.011024258
4;-0.001468662
5;0.004083869
1;-0.000803951
2;-0.010800925
3;-0.002296479
4;-0.002564328
5;0.005847545
1;0.012797039
2;-0.002954127
3;0.011082978
4;-0.00821477
5;-0.004621863
1;-0.016332222
2;0.006152251
3;-0.003231773
4;-0.006465697
5;-0.008281926
1;-0.004568114
2;0.00879133
3;0.007194381
4;0.002221249
5;-0.012544415
1;-0.00959475
2;-0.004967096
3;0.002456709
4;-0.022514341
5;0.004184043
1;0.014192361
2;-0.017428116
3;-0.006903244
4;-0.000492717
5;0.009655987
1;0.008475271
2;-0.012632772
3;-0.005436883
4;-0.003950257
5;-0.013072488
1;0.012917864
2;0.010460346
3;-0.00752657
4;0.003939315
5;-0.011616183
1;-0.006265509
2;0.001093836
3;-0.014535871
4;-0.010705853
5;0.002335739
1;0.000159783
2;-0.001951095
3;-0.009974664
4;-0.001942125
5;0
1;0
2;0.009608948
3;0.004897812
4;-0.000798658
5;-0.002624085
1;0.009122579
2;0.003075218
3;-0.004218947
4;-0.004492242
5;0.011619178
1;-0.009545779
2;-0.003255564
3;-0.009540249
4;0.000935559
5;0.010425282
1;-0.008846495
2;0.006162359
3;0.007872174
4;-0.006401398
5;-0.001470777
1;0
2;-0.008128167
3;-0.009561697
4;0.01149531
5;0
1;-0.002643543
2;0.012351579
3;-0.001851025
4;0.002329181
5;-0.005945359
1;-0.001154809
2;0.002532418
3;-0.002243591
4;0.002019458
5;0.001439977
1;-0.006061888
2;-0.006228338
3;-0.022391194
4;-0.000331104
5;-0.017808392
1;0
2;0.001381192
3;-0.013079612
4;0.016541044
5;0.005686965
1;0.003862037
2;-0.001529713
3;0.011054225
4;-0.003065717
5;0.008874631
1;-0.013043234
2;0.007695013
3;0.002037665
4;-0.00516797
5;-0.002378987
1;-0.017284381
2;-0.010454648
3;0.006846788
4;-0.006098819
5;-0.022616534
1;0.008067212
2;0.003133126
3;0.012740766
4;-0.00924054
5;0.005874735
1;0.011512283
2;-0.001819591
3;-0.006191132
4;0.005988751
5;-0.0006749
1;0.007197905
2;-0.006691687
3;0.013871428
4;0.014895333
5;0.007967129
1;0.002338878
2;0.003012978
3;-0.004571622
4;0.005800123
5;0.006312624
1;-0.002764919
2;0.003567243
3;-0.011259091
4;0.004402584
5;-0.004305259
1;0.004789653
2;0.019217525
3;0.000918027
4;-0.003137431
5;0.005381463
1;0.001388144
2;-0.001040927
3;-0.000505082
4;-0.00913538
5;0.001305629
1;-3.18E-05
2;0.001621751
3;0.013570014
4;-0.002416483
5;0.002761219
1;-0.006318094
2;0.001197529
3;0.009435363
4;0.009007111
5;0.009508788
1;0
2;-0.004758478
3;0.000523005
4;-0.010761104
5;0.001925706
1;0.005816668
2;-0.011199298
3;-0.00046807
4;-0.007487621
5;-0.012881352
1;-0.003350301
2;-0.002367925
3;-0.013416959
4;0.010625857
5;-0.015410321
1;0.004557151
2;-0.013668384
3;-0.00743547
4;0.00212061
5;0.00231428
1;-0.009422764
2;0.002895996
3;0.009988177
4;-0.015320634
5;0.011231593
1;-0.014243643
2;0.006115001
3;-0.015273622
4;0.009460235
5;0.00478014
1;0.011142546
2;0.013332876
3;0.008909106
4;0.013264324
5;-0.011266643
1;0.004336033
2;-0.011248205
3;-0.007972578
4;0.000783801
5;-0.009973836
1;-0.00122074
2;-0.009353302
3;-0.000333289
4;0.009851643
5;0.017732005
1;0.004400447
2;-0.0003552
3;-0.004856264
4;0.007468874
5;-0.002192842
1;-0.010319071
2;-0.000652571
3;0.011617095
4;0.001257436
5;-0.008932966
1;0.006287291
2;0.012871926
3;0.003533966
4;-0.006056761
5;0.001118479
1;-0.003198979
2;-0.013646033
3;-0.016770234
4;0.003001272
5;-0.0010214
1;0.00447325
2;0.00458401
3;0.006609711
4;-0.013658111
5;-0.007363536
1;0.005354677
2;-0.005752462
3;-0.001194307
4;0.000431442
5;-0.012184891
1;-0.011451474
2;0.00101871
3;0.011540536
4;-0.002418543
5;0.013429298
1;0.006878334
2;0.007780097
3;0.004014038
4;0.006913255
5;-0.002688217
1;0
2;0
3;0.00401347
4;-0.009803045
5;-3.26E-05
1;0
2;6.52E-05
3;-0.004609885
4;-0.006344636
5;0.010726162
1;-0.003006145
2;0.001504202
3;-0.003600776
4;-0.005326682
5;0.00496589
1;0.009273536
2;-0.00727442
3;0.000163685
4;-0.008646392
5;-0.011156235
1;-0.013716345
2;0.004997309
3;0.004436087
4;0.008381383
5;0.004942377
1;-0.008740356
2;-0.001436326
3;0.00855403
4;0.005750181
5;0.008204299
1;0.000751425
2;0.003488357
3;-6.51E-05
4;0.008587916
5;0.003511093
1;-0.009303895
2;-0.003185751
3;0.001171456
4;-0.007770199
5;-0.00226404
1;-0.008444993
2;0.001588878
3;-0.001290771
4;0.009820801
5;-0.003811406
1;-0.00409039
2;-0.005302767
3;0.010544681
4;-0.00098694
5;-0.004321086
1;-0.007698727
2;-0.008329339
3;0.0050594
4;-0.001739422
5;0.011384943
1;-0.003083097
2;0.012800386
3;-0.001180793
4;0.015339572
5;-0.001552544
1;0.011233722
2;0.003450924
3;0.00149808
4;-0.001051609
5;0.00540559
1;-0.001142277
2;-0.006849233
3;0.00446529
4;0.010730498
5;-0.012131727
1;0.001655788
2;0.014215554
3;0.000658483
4;0.00334841
5;0.003119251
1;-0.002088822
2;-0.004159441
3;0.005905621
4;-0.000311594
5;0
1;0
2;-0.004466454
3;-0.007667448
4;0.001450007
5;0.00790642
1;0.002933286
2;0.001743408
3;0.003508721
4;-0.002669234
5;-0.000279751
1;0.001149586
2;0.008595421
3;0.004423427
4;0.000520921
5;-0.003867408
1;0
2;0.002917289
3;0.008822734
4;0.008414093
5;-0.002293233
1;0.000120828
2;-0.002994784
3;-0.001030584
4;-0.003524126
5;-0.007576257
1;0.007180537
2;0.002220094
3;0.010726637
4;0.000270453
5;-0.005151157
1;0
2;-0.000362483
3;0.002866066
4;0.006366388
5;0.001316262
1;0.009402592
2;0.001006423
3;-0.002725605
4;0.002962263
5;-0.012830421
1;0.002065158
2;0.001016048
3;-0.002452228
4;0.009120507
5;-0.001276628
1;0.004505447
2;-0.001213287
3;0.000325661
4;0.00751983
5;-0.007194276
1;-0.020991711
2;0.001208021
3;-0.009248235
4;0.003436377
5;0.006234321
1;0.002741668
2;0.007642891
3;0.013552794
4;-0.001945985
5;0.021778068
1;-0.002283931
2;0.002601533
3;-0.003875862
4;-0.000985822
5;-0.005235309
1;0.003900002
2;-0.006381791
3;-0.004512167
4;-0.00143997
5;0.003727897
1;0.005405655
2;0.00037876
3;0.006214447
4;0.001157307
5;0.003060402
1;-0.001615649
2;-0.003876647
3;0.014389152
4;-0.006967271
5;0.001954585
1;0.000315824
2;-0.004228823
3;-0.000144152
4;0.001843584
5;-0.002074271
1;-0.007555508
2;0.000871359
3;0.005991768
4;0.001585997
5;0.011231566
1;0.007352244
2;-0.001556773
3;-0.004058989
4;0.001165452
5;0.001391077
1;0
2;-0.006346517
3;0.000399623
4;-0.007505263
5;0.009045173
1;0.003782658
2;0.002749786
3;0.007136742
4;-0.003406871
5;0.002507008
1;-0.001464005
2;-0.003782537
3;0.009821796
4;-0.001513411
5;-0.000224404
1;-0.008819567
2;0.002289851
3;0.005659675
4;-0.001011321
5;-0.012187859
1;-0.002221653
2;0.004637079
3;-0.010930006
4;-0.001723148
5;0.008358189
1;0.003414721
2;0.001135654
3;0.005630789
4;8.46E-05
5;-0.005063016
1;-0.004604374
2;-0.014404014
3;0.004095529
4;0.014146933
5;0.012465262
1;-0.003003385
2;0.001376501
3;0.008609177
4;-0.004015846
5;-0.007629771
1;-0.005619182
2;0.001075452
3;0.000706904
4;-0.005157718
5;-0.006184558
1;0.003453249
2;0.005426843
3;-0.002951278
4;0.001221296
5;-0.006435652
1;0.004105377
2;0.002159951
3;0.004164607
4;0.00127142
5;-0.00515217
1;0.003795931
2;0.003133516
3;0.006601797
4;0.010971679
5;-0.000443213
1;0.005415874
2;-0.006829929
3;0.007821501
4;-0.008265538
5;0.005950339
1;0.006874769
2;-5.48E-05
3;0.001834536
4;0.002404438
5;0.004384121
1;-0.002911527
2;-0.001499884
3;-0.000382148
4;-0.006381573
5;-0.002613661
1;0.006069696
2;0.000766388
3;0.002049937
4;0.002508864
5;-0.007929822
1;-0.012847787
2;-0.005353421
3;0.010235675
4;0.005409148
5;0.006857232
1;0
2;0
3;0.004935454
4;8.16E-05
5;0.003421127
1;0
2;-0.000379548
3;0.007482982
4;-0.000403785
5;-0.002588091
1;0.004336649
2;-0.005471048
3;-0.0078136
4;-0.004531565
5;0.000656437
1;0.00147541
2;0.012993008
3;-0.001726278
4;0.011941802
5;-8.00E-05
1;0.001546131
2;-0.005127395
3;0.006192301
4;-0.006406514
5;0.000133889
1;-2.68E-05
2;0.000187419
3;0.006404633
4;-0.001730542
5;0.007565638
1;-0.009219104
2;0.000240189
3;-0.005726841
4;-0.004761594
5;0.002128033
1;0.00276774
2;0.005619345
3;-0.000694018
4;0.009249481
5;-0.002357398
1;-0.007079016
2;-0.007963683
3;0.002956912
4;0.003857699
5;8.02E-05
1;-0.009698511
2;0.003153599
3;0.005983302
4;-0.002839617
5;0.006710986
1;0.004227999
2;0.00225294
3;-0.004830158
4;-0.000186242
5;-0.012827383
1;-0.009695667
2;-0.009570759
3;0.000219786
4;0.011335667
5;-0.010100269
1;0.00678117
2;0.006356472
3;-0.002060068
4;0.003494187
5;0.00234967
1;-0.006794001
2;-0.005719904
3;0.00313638
4;5.45E-05
5;0.007351877
1;0.005041733
2;0.00271254
3;-0.000912311
4;0.008154362
5;0
1;0
2;0.000798488
3;0.002338561
4;-0.006177132
5;0.006017859
1;0.006272102
2;0.009138959
3;-0.005163229
4;0.003959986
5;0.009481954
1;-0.001141405
2;-0.005126415
3;-0.004025833
4;0.000445207
5;0.003528447
1;-0.006176413
2;0.00228134
3;-0.003121764
4;-0.007807594
5;-0.006588759
1;0
2;-0.007652621
3;-0.004225946
4;0.005648517
5;0.00697612
1;-0.004056801
2;0.005467482
3;0.004379046
4;-0.006002834
5;0.009545093
1;-0.003012767
2;0.002959989
3;-0.00667234
4;-0.004579835
5;0.001360163
1;0
2;0.002156464
3;0.004113648
4;-0.007710343
5;0.000293549
1;-0.002297316
2;0.004269861
3;-0.00047945
4;0.001836646
5;-0.014329771
1;0.005917495
2;0.00718822
3;0.003588091
4;-0.001991794
5;-0.002155603
1;0.002102435
2;-0.001356762
3;-0.000852243
4;-0.006871042
5;-0.001396011
1;-0.00309427
2;-0.008470613
3;0.00433899
4;-0.004529251
5;0.00871477
1;0.003926531
2;2.68E-05
3;-0.003118366
4;0.012442131
5;-0.004637659
1;-0.00045426
2;0.002882385
3;0.003591337
4;-0.004471184
5;-0.005536772
1;-0.008079111
2;-0.018007198
3;0.007105167
4;0.00957622
5;0.004619195
1;-0.007900688
2;0.007334566
3;-0.010735884
4;0.004324478
5;-0.003098671
1;0.001496171
2;-0.002803753
3;0.009414452
4;0.008389852
5;0.009646977
1;0.00468323
2;2.64E-05
3;0.005974095
4;7.87E-05
5;-0.000183676
1;-0.001943788
2;0.005270968
3;0.00180305
4;0.001851925
5;0.009208526
1;-0.002378307
2;0.005034282
3;-0.00286256
4;0.004894898
5;0.004205889
1;0
2;-0.000460759
3;0.003322942
4;-0.008636982
5;-0.004488824
1;0.004334372
2;-0.007364089
3;0.004347495
4;0.003737166
5;0.001490965
1;0.004561888
2;0.001354304
3;-0.00268484
4;0.006889364
5;0.008936203
1;0.002341067
2;-0.001232782
3;-0.004187695
4;0.004691055
5;-0.002569789
1;-0.011263723
2;-0.002349877
3;0.006423514
4;-0.000635413
5;0.003350427
1;0.001848078
2;0.009690608
3;0.005719796
4;-0.003767893
5;0.006180859
1;0.001663295
2;0.001016474
3;-0.006538327
4;-0.00364818
5;0.008326318
1;0.002628057
2;0.002991534
3;-0.006538561
4;0.004388527
5;0.002717662
1;0.00492236
2;-0.0039113
3;-0.007123806
4;-0.007224925
5;0.00573439
1;0.000720703
2;-0.007931403
3;-0.00743965
4;0.003827274
5;-0.007719903
1;-0.005179912
2;-0.001783622
3;0.00371653
4;-0.009009645
5;0.002662845
1;0.000920104
2;0.005070914
3;-0.001882665
4;-0.000203744
5;0.00814281
1;0.000984811
2;0.004030131
3;-0.003853472
4;-0.002273704
5;0.016281325
1;0.008893572
2;0.003397763
3;-0.004730471
4;0.000246932
5;0.001923979
1;-0.004816906
2;0.005679028
3;-0.00402137
4;0.00148214
5;-0.022011819
1;0.01218885
2;0.005989604
3;-0.013270006
4;0.002056891
5;-0.004596208
1;0.005372713
2;-0.003561847
3;0.009652729
4;0.008203776
5;0.006470763
1;0.002351559
2;0.001295891
3;0
4;0
5;-0.000366591
1;0.00601949
2;0.00068009
3;0
4;-0.014946645
5;0.007880339
1;0.004148371
2;-0.006768257
3;0.002130709
4;-0.000122332
5;-0.00746602
1;0.012420694
2;0.01471841
3;-0.002233672
4;0.009238494
5;0.00242707
1;-0.003261248
2;0.00035759
3;0.005609313
4;0.012343218
5;-0.012414326
1;-0.001613133
2;0.006012279
3;-0.007081227
4;0.004955024
5;0.011147548
1;-0.004218624
2;0.000727811
3;0.00482301
4;-0.003650237
5;0.009774154
1;-2.32E-05
2;-0.000789596
3;0
4;0.005283049
5;0.003207165
1;-0.000737429
2;-0.001268728
3;0.00577697
4;-0.000298388
5;-0.004440413
1;-0.001315198
2;0.00313516
3;-0.003550845
4;0.002284133
5;-0.007146605
1;-0.000278571
2;0.011679571
3;0.000550598
4;0.008950444
5;0.00476213
1;0.003861052
2;0.001553757
3;-0.004917229
4;-0.00562347
5;0.006030397
1;-0.011594201
2;-0.00378003
3;-0.005662347
4;-0.017252445
5;-0.000775294
1;-0.009445617
2;0.013175607
3;0.007186051
4;0.002646733
5;0
1;0
2;-0.015138708
3;-0.002710763
4;-0.005206373
5;0.005206373
1;0.008250814
2;-0.000561995
3;0.00537284
4;0.004857368
5;-0.00990234
1;-0.004458845
2;0.008221631
3;0.001817886
4;0.001000756
5;0.002694731
1;0.004213359
2;0.004011625
3;0.009526281
4;0.000182311
5;-0.004293126
1;0.004566531
2;0.009860783
3;0.000631399
4;0.002026799
5;0.002381863
1;0
2;0.014195383
3;0.004019085
4;0.009410131
5;0.010964903
1;0.008322181
2;0.004572364
3;-0.000874396
4;-0.001216896
5;0.002709306
1;-0.010429365
2;-0.008149018
3;0.007459897
4;0.002108934
5;0.002147398
1;0
2;0.004238292
3;-0.000876153
4;-0.001112323
5;-0.010975405
1;-0.012739581
2;-0.001096419
3;-0.000153595
4;0.004182503
5;0.014922413
1;0.008937338
2;0.011224034
3;-0.003127512
4;0.006876069
5;0.005387571
1;-0.007976365
2;-0.013344422
3;-0.005396621
4;-0.000708862
5;-0.012933266
1;-0.00394779
2;0.004470085
3;0.009462734
4;0.003850337
5;-0.003785683
1;-0.007723215
2;0.026509926
3;0.004873582
4;0.016759061
5;-0.003919337
1;-0.000436432
2;-0.010910111
3;0.00081925
4;0.00113324
5;0.006626763
1;0.01199157
2;0.008589022
3;0.013159819
4;-0.003066621
5;-0.014614251
1;-0.014768571
2;0.008495348
3;0.005719474
4;-0.002382567
5;-0.002347032
1;0.002285339
2;0.002874981
3;0.010342915
4;-0.004026524
5;-0.001672309
1;-0.000735069
2;0.013169432
3;0.01313753
4;0.011984718
5;-0.010970549
1;0.000119246
2;0.008686502
3;-0.014326495
4;-0.002461256
5;-0.025465255
1;-0.006350013
2;0.016247844
3;0.008954135
4;0.003945096
5;-0.015568534
1;0
2;-0.003024299
3;0.004207007
4;-0.012612577
5;-0.00577468
1;0.010879883
2;0.016696918
3;0.004975285
4;0.00288919
5;0.000580842
1;-0.001803716
2;-0.006984941
3;-0.009192715
4;-0.010327961
5;-0.001360404
1;0.011219365
2;0.014879871
3;0.007347748
4;0.006580999
5;-0.004448865
1;0.010277827
2;-0.009541604
3;0.009837086
4;-0.002307079
5;0.031250721
1;-0.001148699
2;0.004567832
3;0.013805338
4;-0.003957341
5;0.00653062
1;-0.0057945
2;0.001056046
3;-0.00823268
4;-0.00845433
5;0.001819035
1;0.013830796
2;-0.000226436
3;-0.00666505
4;0.00458699
5;-0.003182122
1;-0.011467293
2;0.002855256
3;-0.014863354
4;-0.031027212
5;-0.004276385
1;-0.026400742
2;-0.017778524
3;0.024182664
4;-0.014451806
5;0.008378142
1;0.013150661
2;-0.001836023
3;0.002223198
4;-0.009107624
5;-0.020648414
1;0.008859971
2;-0.002729026
3;-0.015409014
4;-0.001993342
5;0.006516611
1;0.02606092
2;-0.00444793
3;-0.00316263
4;0.016080852
5;0.015645849
1;-0.017644422
2;-0.007191107
3;0.005679329
4;-0.000449889
5;-0.011768715
1;0.018455248
2;0.01127353
3;-0.001387172
4;0.02220324
5;0.011853208
1;0.008615486
2;-0.001987554
3;-0.009002952
4;-0.018649843
5;0.001845037
1;0.015068644
2;0.015806318
3;-0.00242443
4;-0.004344014
5;-0.029074041
1;-0.00039847
2;0.006277335
3;-0.007134583
4;0
5;0
1;0.019454906
2;0.003904425
3;0.000603824
4;0
5;0.011230634
1;0.013198355
2;0.00036098
3;-0.007684645
4;0.002485376
5;-0.019045625
1;-0.013618182
2;0.00297458
3;0.004513883
4;0.011467413
5;0.018660228
1;0.001993035
2;0.000871889
3;-0.001118431
4;-0.003648321
5;-0.013743089
1;0.010711714
2;0.016869809
3;0.008655149
4;0.009226559
5;0.006635505
1;0.025413984
2;0.002461693
3;-0.003033387
4;0.001892486
5;0.004147352
1;-0.005128856
2;0.002211483
3;-0.000962464
4;-0.009928041
5;0.005352601
1;0.006712992
2;0.015817584
3;0.00243158
4;-0.000856501
5;0.005771544
1;-0.008520795
2;-0.009124762
3;0.016514797
4;0.003423143
5;0.000433572
1;0.009199316
2;-0.002218726
3;-0.012928227
4;-0.00656245
5;0.01521134
1;0.006205953
2;0.001648437
3;0.000223017
4;-0.006021731
5;-0.002159436
1;0.000484119
2;0.008571481
3;0.011705207
4;0.015847074
5;-0.006959925
1;-0.001562592
2;0.006152215
3;-0.002643999
4;-0.010494053
5;0.005690228
1;-0.004624013
2;0.00342787
3;0.01429337
4;0.005832466
5;0.001881654
1;0.00683651
2;-0.001934459
3;-0.006387274
4;0.008272597
5;0
1;0
2;-0.000229328
3;-0.004926846
4;-0.011941083
5;-0.013384746
1;0.005372056
2;0.000151145
3;-0.004004649
4;-0.005596288
5;-0.005815354
1;-0.024426613
2;0.014606904
3;0.00455339
4;0.016205771
5;0.013720302
1;0
2;-0.00396773
3;0.000985065
4;-0.009119623
5;0.00534105
1;0.009751621
2;-0.011948411
3;0.002715935
4;-0.004093485
5;-0.005174329
1;-0.015599771
2;0.008817555
3;0.00502326
4;0.004762316
5;0.003363835
1;0
2;0.00253222
3;-0.016975469
4;-0.001346687
5;0.001431859
1;-0.005602734
2;0.000753412
3;0.009556573
4;-0.006395015
5;0.014651222
1;0.015102372
2;-0.002985671
3;-0.005396775
4;-0.022788341
5;-0.014231503
1;-0.009420643
2;0.002446399
3;0.017816842
4;-0.003538064
5;-0.011072586
1;-0.006212609
2;0.010361885
3;0.005683748
4;0.009276552
5;0.003135547
1;0.001207288
2;-0.008858905
3;0.014856687
4;0.006784481
5;0.004720227
1;0.00031723
2;0.002184481
3;0.001032215
4;-0.006661516
5;-0.006723053
1;0.004794801
2;0.023553135
3;0.008374397
4;-0.005656871
5;0.009307842
1;0.00080952
2;-0.007521336
3;-0.023610478
4;-0.002239717
5;-0.014138501
1;-0.009566514
2;-5.14E-05
3;0.00140411
4;0.011331662
5;-0.01253017
1;-0.004705164
2;-0.012749398
3;-0.018226144
4;-0.006840922
5;0.015309182
1;-0.016471796
2;-0.028095202
3;0.005396984
4;-0.011545282
5;0.010226263
1;0.002233983
2;0.032570308
3;0.008128764
4;-0.004735216
5;-0.034172953
1;0.013906866
2;0.017969631
3;-0.019465248
4;-0.032420215
5;-0.022434756
1;0
2;-0.015415192
3;0.012840157
4;-0.022638249
5;0.009391749
1;0.034243407
2;-0.000523795
3;-0.006175234
4;-0.033445244
5;-0.003510418
1;0.028883708
2;0.002483343
3;0.00189154
4;-0.030468754
5;-0.015174262
1;-0.013000512
2;0.022391361
3;0.021594171
4;-0.009073196
5;-0.020844272
1;0.006401125
2;0.002979752
3;-0.008709298
4;-0.031328395
5;-0.032678451
1;-0.021641214
2;0.043215497
3;-0.005184409
4;-0.02729026
5;0.026150635
1;0.043470555
2;-0.009493679
3;0.009632622
4;0.003546419
5;0.015074775
1;-0.010890751
2;0.033770901
3;-0.008643658
4;0.0044459
5;-0.002450465
1;0.002756352
2;0.01887831
3;-0.007021139
4;0.012128871
5;0.014800815
1;0.015888841
2;-0.003916809
3;0.021390613
4;-0.025778941
5;0.002041784
1;-0.01045328
2;-0.000294491
3;0.008158372
4;-0.005088883
5;0.002602593
1;0.008620664
2;-0.001416482
3;-0.00522927
4;0.023863518
5;0.019658519
1;0.022636473
2;-0.008603348
3;-0.007443602
4;0.01253556
5;0.002792987
1;-0.017311294
2;-0.036595287
3;-0.005486808
4;0.010638302
5;0.002834591
1;-0.000932017
2;0.006969043
3;0.009464128
4;-0.001553481
5;-0.021175581
1;-0.001300085
2;0.004075162
3;0.013104098
4;0.009685819
5;0.009923859
1;0.023171181
2;-0.005665641
3;0.011147059
4;-0.007065247
5;0
1;0
2;0.012584108
3;-0.009962786
4;0
5;0
1;-0.000544125
2;0.013313706
3;0.031488519
4;-0.007771468
5;0.00751122
1;-0.010169967
2;-0.008482879
3;-0.030885092
4;-0.00512413
5;0.020542844
1;0.030321679
2;-0.015850227
3;0.012857461
4;-0.013737137
5;-0.027114885
1;0.003355451
2;0.000815869
3;-0.001581351
4;-0.000663892
5;0.003993717
1;0.019549848
2;9.98E-05
3;-0.012164155
4;-6.73E-05
5;-0.014345064
1;-0.003490106
2;-0.009470746
3;-0.00167964
4;0.020294554
5;0.010507563
1;0.01210982
2;0.014078935
3;-0.004956111
4;-0.000575975
5;-0.007219532
1;0.006396135
2;0.013955123
3;0.024458003
4;-0.016158126
5;-0.005072053
1;-0.018666773
2;6.60E-05
3;-0.002147058
4;0.008757402
5;0.016901353
1;0.000547751
2;0.004627778
3;0.000609013
4;0.014979767
5;-0.008480067
1;-0.012074772
2;-0.000789769
3;-0.009933239
4;-0.004292167
5;0.007965833
1;-0.00168886
2;-0.015114958
3;-0.007253369
4;0.01128779
5;0.008867714
1;0.018350916
2;0.001805531
3;0.004952437
4;0.005496913
5;0
1;0
2;0.013385526
3;0.008984814
4;-0.005468177
5;0.005406382
1;-0.004893923
2;0.011100675
3;-0.002998457
4;-0.004243932
5;-0.007061573
1;0.014641686
2;-0.030465695
3;-0.001393419
4;0.016126593
5;0.002242712
1;0.011692422
2;0.013743612
3;0.000788333
4;-0.015454936
5;0.008367993
1;0
2;-0.002919308
3;-0.020317983
4;0.000765129
5;-0.00792946
1;-0.00113343
2;0.004635786
3;-0.005533996
4;0.017735256
5;-0.02448974
1;-0.02159523
2;0.006563125
3;0.009668883
4;0.016066955
5;-0.002373972
1;-0.004891451
2;-0.011581974
3;-0.002002227
4;-0.005998587
5;0.004297551
1;0
2;0.003815269
3;0.008317315
4;0.007335537
5;0.002029882
1;0.007907036
2;0.003036558
3;0.003337346
4;-0.00771604
5;0.012631878
1;-0.008455335
2;0.003260518
3;0.008289579
4;-0.001738663
5;0.005252903
1;0.008162314
2;-0.004400899
3;-0.008567824
4;-0.012359603
5;0.002910032
1;-0.004610169
2;-0.015527847
3;0.001805855
4;0.026611187
5;0.000462221
1;0.015301547
2;0.004329208
3;-0.003510368
4;-0.006096699
5;0.000807933
1;-0.002609075
2;-0.015380063
3;0.004257401
4;0.01561945
5;-0.001781053
1;-0.01220219
2;-0.014244127
3;-0.009778568
4;-0.005068274
5;-0.014458237
1;-0.006189169
2;0.015074409
3;0.005477721
4;-0.028951574
5;0.018527746
1;0.009009502
2;-0.005997306
3;-0.002450726
4;-0.021691699
5;0.00317445
1;0.000898143
2;-0.024470651
3;0.00600362
4;0.022831929
5;0.014808633
1;-0.001554425
2;-0.011111315
3;0.005708156
4;-0.013604327
5;0.010212467
1;0.022603719
2;-0.00110784
3;0.008577383
4;0.002258222
5;-0.001363733
1;0
2;-0.020410165
3;0.004759404
4;-0.012925339
5;0.021808364
1;0.006846162
2;-0.010437455
3;-0.008899136
4;0.001118729
5;-0.011179403
1;-0.003559874
2;-0.008628462
3;-0.007928667
4;-0.008789774
5;0.004181052
1;0.002761177
2;-0.016514717
3;-0.007311846
4;0.009391163
5;-0.005391664
1;0.023469395
2;-0.011815657
3;0.002228172
4;0.001526921
5;-0.009849669
1;0.013673323
2;0.005207058
3;0.002134297
4;0.016751083
5;-0.000177421
1;0.005693988
2;-0.009653814
3;-0.010009605
4;-0.012178414
5;-0.022115795
1;-0.006470536
2;0.020990579
3;0.002166595
4;-0.011284232
5;0.019936984
1;-0.008203356
2;0.013717183
3;-0.007694817
4;0.016958454
5;0.017187318
1;0.004513672
2;-0.005105308
3;0.004595948
4;0.008008225
5;0.003988057
1;0.002780638
2;0.009555257
3;0.001785368
4;0.016063861
5;-0.006093566
1;0.003372891
2;0.007532475
3;-0.004155668
4;-0.000747721
5;-0.010511794
1;-0.006236335
2;0.014210871
3;0.004215034
4;0.018272106
5;0.000299231
1;0.001121319
2;-0.014312295
3;0.007369853
4;0.001157921
5;0.01321319
1;-0.007174678
2;-0.004956992
3;-0.006249879
4;0.009233009
5;0.008747997
1;-0.004282471
2;-0.001282357
3;-0.010243118
4;0.005741873
5;0.007852779
1;0.00098099
2;-0.003527131
3;0.003140795
4;0.007137916
5;0.004373024
1;0
2;0
3;0.004310099
4;0.013700536
5;0
1;0
2;-0.038883695
3;-0.019694921
4;-0.01366413
5;0.008894438
1;0.01569527
2;-0.013529986
3;0.002129992
4;-0.000199016
5;0.019212552
1;0.001695717
2;-0.025035276
3;-0.009127406
4;-0.015132145
5;-0.000378102
1;0.005264783
2;-0.0167067
3;0.016048156
4;0.010205603
5;-0.010205603
1;-0.016941113
2;0.003567053
3;0.001889834
4;0.003405377
5;-0.022272351
1;-0.010793694
2;0.026959809
3;0.004697974
4;-0.005652962
5;-0.01387007
1;-0.020340127
2;-0.010502175
3;0.023403468
4;0.01001894
5;-0.007160032
1;-0.013620317
2;-0.011061346
3;0.021285799
4;-0.009386209
5;0.018120596
1;-0.016003464
2;0.021570386
3;0.02100494
4;0.010502558
5;0.008576169
1;0.012301673
2;-0.015543917
3;-0.008588543
4;0.018682023
5;0.00558746
1;-0.015619085
2;0.00311873
3;-0.006200683
4;0.016964027
5;0.000106746
1;0.010089219
2;-0.000996798
3;-0.001254961
4;-0.002272005
5;0.021586216
1;-0.007642097
2;-0.005563359
3;-0.007744078
4;-0.023552147
5;0.014632078
1;-0.012013404
2;-0.005446476
3;-0.007449493
4;0.011192285
5;0.018247953
1;-0.00557113
2;-0.023884784
3;-0.004461908
4;0.000975779
5;-0.028545787
1;-0.030151717
2;0.013158303
3;0.018093471
4;0.009061634
5;0
1;0
2;0.006675102
3;-0.00422665
4;-0.012415927
5;0.023684413
1;0
2;0.00724367
3;-0.03003841
4;0.002390105
5;0.006303082
1;-0.003612982
2;-0.014992056
3;-0.0037793
4;0.02352173
5;0.006001902
1;-0.005713754
2;0.011252616
3;-0.019529811
4;0.005921557
5;-0.030560106
1;-0.001638951
2;0.008463791
3;0.00521082
4;0.01821957
5;-0.002281492
1;0
2;0.022694092
3;-3.14E-05
4;0.017319352
5;0.023808285
1;-0.012100564
2;1.53E-05
3;-0.006589759
4;-0.001107658
5;-0.008160535
1;-0.002003931
2;0.00251592
3;0.013740839
4;-0.006985466
5;0.005408408
1;-0.005500851
2;0.005638752
3;-0.007551152
4;-0.009929028
5;-0.003482936
1;0.002141178
2;-0.004679012
3;-0.009740951
4;-0.011870285
5;0.011743564
1;0.024674453
2;-0.008287212
3;-0.005390849
4;0.00579594
5;0.012061677
1;-0.004828878
2;0.001483542
3;0.006572136
4;-0.006587578
5;-4.63E-05
1;0.007707197
2;-0.011559931
3;0.002322702
4;0.000541188
5;-0.014104255
1;0.000454556
2;0.00147197
3;-0.000563477
4;-0.005494864
5;-0.002585162
1;0.004661059
2;0.002212685
3;0.001863642
4;-0.011677448
5;0.007318298
1;0.003811381
2;-0.004660331
3;0.008753511
4;-0.004171457
5;-0.000438466
1;0.005529363
2;0.008623283
3;0.00870266
4;-0.00213022
5;0.003904491
1;-0.000229254
2;0.006490462
3;-0.002828684
4;-0.001402097
5;0.001021287
1;0
2;0.003437266
3;0.004363181
4;0.008669661
5;0.018162472
1;0.000456114
2;-0.006730355
3;-0.008596638
4;-0.000821883
5;-0.013318582
1;-0.002837053
2;-0.004034259
3;-0.011861698
4;0.011861698
5;-0.021306923
1;-0.001106997
2;-0.001045756
3;-0.019490659
4;-0.012933805
5;0.001080201
1;0.008216367
2;-0.007040758
3;0.008988645
4;-0.000829783
5;0.004793652
1;-0.00154229
2;0.009580817
3;-0.001593073
4;0.0074075
5;0.001440516
1;-0.01997538
2;-0.002733268
3;-0.021043533
4;0.00233479
5;0.012591829
1;0.012180731
2;-0.013195804
3;-0.008922052
4;0.011433686
5;0.009187593
1;0.006289629
2;0.019209799
3;-0.011026021
4;-0.010339395
5;0.010150929
1;0.003418271
2;0.007796216
3;0.00297767
4;-0.010210523
5;-0.001033074
1;0.007115913
2;0.005566812
3;0.001622336
4;-0.005449099
5;-0.006540857
1;-0.019787628
2;0.021769975
3;0.003020586
4;-0.000295428
5;0.001507323
1;-0.014876967
2;0.005845764
3;-0.025517904
4;0.010536764
5;0.006389292
1;0.007416014
2;-0.019787568
3;-0.013677547
4;-0.003688932
5;0.004580681
1;-0.001897949
2;0.022525174
3;-0.004088359
4;-0.006701505
5;0.009089737
1;0.012971498
2;0.003134602
3;0.001969766
4;-0.021979601
5;-0.014148601
1;0.011382878
2;0.007734361
3;-0.018971519
4;-0.009957616
5;-0.002947681
1;0
2;0
3;0.019601625
4;0.000803768
5;-0.000112489
1;0
2;-0.007711457
3;-0.022072843
4;0.023836555
5;0.002018783
1;-0.007855754
2;-0.010050993
3;-0.004642748
4;0.009035117
5;0.008240821
1;0.000778223
2;-0.014200147
3;0.018582537
4;0.002014943
5;-9.66E-05
1;0.00364914
2;-0.002779855
3;0.00796536
4;-0.001405751
5;0.006167399
1;0.00359995
2;0.002766472
3;-0.005858155
4;-0.007283307
5;0.000735518
1;0.002043815
2;0.00385271
3;-0.010815579
4;-0.003153206
5;-0.006758093
1;0.01242993
2;-0.002068983
3;-0.008432338
4;0.003507329
5;-0.017841628
1;0.000935784
2;-0.01886739
3;-0.001288434
4;0.005127146
5;-0.009944167
1;-0.004536073
2;0.004115371
3;-0.003929477
4;-0.00157274
5;-0.00849825
1;0.012332746
2;0.013514059
3;-0.001698048
4;0.000233236
5;-0.014412397
1;-0.015463787
2;-0.018325302
3;-0.016692465
4;0.018177195
5;-0.029474326
1;-0.002015404
2;0.017002839
3;-0.018968166
4;-0.041625465
5;0.016329407
1;0.031754483
2;0.026804616
3;-0.02012041
4;-0.004570457
5;0.008073399
1;-0.002701696
2;-0.02804833
3;0.013201632
4;0.015433871
5;-0.003617478
1;0.010972342
2;0.024368264
3;-0.002570939
4;-0.003721434
5;0
1;0
2;-0.000954223
3;0.022161524
4;-0.003162784
5;0.001395579
1;-0.001446673
2;-0.005293909
3;-0.002194073
4;0.006976892
5;0.014061502
1;0.002617803
2;-0.006557401
3;-0.004022926
4;-0.02372005
5;0.017961827
1;0
2;0.002738866
3;0.001239378
4;0.011857413
5;-0.011331566
1;-0.035611713
2;0.026429131
3;0.007009554
4;0.003494905
5;0.001759789
1;0.00448696
2;0.005873387
3;-0.013323312
4;0.003115109
5;-0.0044216
1;0
2;-0.00440713
3;-0.011491619
4;-0.000120761
5;0.002309191
1;0.008040434
2;0.011223386
3;-0.003568986
4;0.007898909
5;0.00038659
1;-0.015257131
2;-0.009687589
3;0.00278729
4;-0.011682699
5;-0.005158783
1;-0.009021879
2;0.001550388
3;0.003374344
4;-0.010263735
5;0.004298191
1;-0.000670928
2;-0.018935097
3;0.00935189
4;0.005424019
5;0.000726892
1;0.013064486
2;-0.013525381
3;-0.007010455
4;-0.009130026
5;-0.012766748
1;-0.001881606
2;-0.000182869
3;-0.013996803
4;0.016499202
5;0.010055809
1;-0.003600478
2;-0.016318465
3;-0.004283453
4;0.006050563
5;-0.009293799
1;0.003372747
2;-0.015869057
3;-0.008399525
4;0.001969362
5;0.021892129
1;0.008037058
2;0.015015133
3;0.00321416
4;0.00675569
5;-0.006629501
1;-0.003828793
2;0.001880108
3;-0.010950506
4;-0.013530364
5;0.004487501
1;0.000718345
2;0.014023578
3;-0.008423482
4;-0.013233509
5;-0.008889444
1;0.002878614
2;0.013496933
3;-0.003985613
4;-0.002258173
5;0.01387531
1;0
2;-0.006821584
3;-0.003151408
4;-0.015795236
5;0.002303868
1;-0.006174307
2;0.012626785
3;-0.01187407
4;-0.021254745
5;-0.02608522
1;-0.007244687
2;-0.058853142
3;0.028273297
4;0.012518356
5;-0.038728885
1;0.029645764
2;-0.010300062
3;-0.026541724
4;-0.035526336
5;-0.027408118
1;0.039839036
2;0.010671309
3;0.006987581
4;0.014271308
5;0.028925157
1;-0.024317433
2;0.009711136
3;0.01019146
4;0.027158671
5;0.003939441
1;-0.000655497
2;-0.004560625
3;0.028202481
4;0.002287266
5;-0.003763195
1;-0.015314415
2;0.00301481
3;0.023489316
4;-0.016939374
5;-0.019401222
1;0.010448049
2;0.023949623
3;-0.004960969
4;-0.015798733
5;0.019873553
1;-0.020011179
2;-0.016314352
3;0.007188903
4;0.006230919
5;0.011430713
1;0.015398908
2;0.000959398
3;0.000421844
4;0.011777846
5;-0.00644348
1;-0.018864126
2;0.025118126
3;-0.006902546
4;-0.000496231
5;0.010029336
1;0.008843787
2;-0.007389544
3;0.002845703
4;0.006022702
5;-0.009906934
1;0.00175543
2;-0.006907346
3;-0.011612935
4;0.000633781
5;-0.000941213
1;-0.007523039
2;0.00915519
3;0.023024838
4;0.006782981
5;-0.0197665
1;-0.015254322
2;-0.004678235
3;-0.007937167
4;-0.008847619
5;-0.002742728
1;0.014768884
2;0.002877308
3;-0.005938664
4;-0.007920989
5;0.015430898
1;0.003521471
2;0
3;0
4;0.006890871
5;0.005585538
1;-0.004780215
2;0
3;0.000172485
4;0.019076036
5;0.00093962
1;-0.00568879
2;-0.00819428
3;-0.004179834
4;-0.007255867
5;0.001520796
1;-0.016505257
2;0.010214593
3;-0.007460981
4;0.002123495
5;-0.002279525
1;0.002279525
2;0.002080155
3;0.006098819
4;0.010063654
5;-0.007673015
1;0.005855998
2;-0.017808293
3;-0.00823823
4;0.014726083
5;0.004809512
1;-0.004325584
2;-0.014404724
3;-0.00385554
4;0.010430649
5;0.000214527
1;0.006550136
2;-0.005069202
3;0.003537556
4;0.010595793
5;-0.005061938
1;-0.005456248
2;-0.012062449
3;-0.013502632
4;0.009725256
5;-0.004444847
1;0.009831139
2;0.007480723
3;0.00763762
4;-0.015059529
5;0.013242647
1;0.014023859
2;-0.005355789
3;0.006023251
4;0.00695318
5;0.000681315
1;-0.005083181
2;-0.001217726
3;0.003705643
4;-0.002012646
5;0.005931362
1;0.00135944
2;0.003051999
3;-0.009297998
4;-0.002585504
5;-0.00053314
1;-0.008972616
2;-0.001557827
3;0.003688694
4;0.0108903
5;0
1;0
2;-0.003877152
3;-0.000685767
4;-0.007325059
5;0.004615496
1;-0.010564628
2;0.000193084
3;0.009511346
4;-0.017692064
5;0.004583244
1;0.007797461
2;0.011184195
3;0.000760182
4;-0.006575648
5;0.002711737
1;-0.004223568
2;-0.00585836
3;0.005226158
4;-0.003974774
5;-0.007434978
1;-0.000989053
2;0.002267553
3;-0.007793181
4;0.00943733
5;0.005589191
1;0
2;-0.016119694
3;0.017272189
4;-0.002210116
5;-0.005092211
1;0.006476507
2;0.006644797
3;0.003733836
4;-0.002017588
5;-0.005828135
1;-0.001899081
2;-0.002095087
3;-0.00875444
4;0.00453173
5;-0.001198716
1;-0.006365616
2;-0.012164099
3;0.001732761
4;-0.008336839
5;0.008749895
1;0
2;0
3;-0.019039119
4;-0.006353824
5;-0.007531925
1;0.001583982
2;0.001338335
3;-0.016982986
4;-0.016584611
5;-0.030014909
1;0.026845534
2;-0.011587223
3;-0.010604735
4;-0.015618717
5;0.00546503
1;-0.013884101
2;0.019427401
3;-0.021830162
4;0.00213852
5;0.025161432
1;0.006294041
2;-0.03011297
3;-0.034502382
4;0.017735522
5;0.031806707
1;-0.003124663
2;-0.012773298
3;-0.027403254
4;-0.043936687
5;-0.001419413
1;-0.055887805
2;0.006836013
3;0.041089494
4;0.025142997
5;-0.047414665
1;-0.050750213
2;-0.009673126
3;-0.021192395
4;0.048776296
5;0.012727855
1;0.045266506
2;-0.005200642
3;0.015497931
4;-0.048666532
5;0.007660042
1;-0.019624019
2;0.033125553
3;-0.008899322
4;0.035061
5;0.019129617
1;-0.0235966
2;0.011797671
3;-0.023832084
4;0.036810218
5;0.000577534
1;0.022132023
2;-0.013188304
3;-0.000938892
4;0.015887601
5;-0.010176302
1;0
2;0.01355301
3;-0.040286521
4;-0.015253794
5;0.004267128
1;-0.011036957
2;-0.037082791
3;-0.000422061
4;-0.003981095
5;0.023700944
1;-0.010967599
2;0.02746018
3;0.008394793
4;-0.030331656
5;-0.019004884
1;0.009016119
2;-0.004733883
3;-0.04050943
4;-0.013517767
5;0.012145687
1;-0.031767919
2;-0.018433826
3;0.006840975
4;0.040896661
5;0.014592025
1;-0.048613583
2;0.0201092
3;0.028017983
4;-0.006422135
5;-0.017286403
1;-0.008663991
2;-0.013419804
3;0.003184844
4;0.009282352
5;0.045566499
1;-0.0055295
2;0.049303576
3;-0.017733733
4;0.027467577
5;-0.009685422
1;0.000798616
2;-0.003610943
3;-0.027568262
4;0.023871131
5;-0.012900557
1;0.009678763
2;-0.03852764
3;0.016829561
4;0.009201298
5;-0.010626352
1;0.035513961
2;0.001110092
3;-0.010279128
4;-0.005473441
5;-0.011508401
1;-0.004720388
2;0.017159432
3;-0.013728726
4;0.005864539
5;0.009454071
1;0.005945726
2;-0.004748867
3;-0.000390654
4;0.022958437
5;-0.003538473
1;-0.01277526
2;-0.012498332
3;0.017821097
4;0.009892512
5;-0.003830138
1;-0.003628198
2;-0.019175041
3;-0.006597759
4;-0.00400941
5;-0.004698054
1;-0.020032378
2;-0.002264949
3;0.012633239
4;-0.010012473
5;-0.014641775
1;0.026940997
2;-0.019081502
3;-0.018983253
4;0.001615299
5;0.012546567
1;0.012010161
2;0.001319965
3;0
4;0
5;-0.029005443
1;0.018422254
2;0.010151854
3;0
4;0.017384304
5;-0.001122965
1;-0.000899281
2;-0.011057056
3;-0.008271849
4;0.002341325
5;0.010141587
1;-0.006513201
2;-0.000684073
3;-0.014757589
4;-0.001544481
5;-0.015891485
1;-0.011053908
2;-0.011150702
3;-0.015833743
4;-0.01528755
5;-0.005120481
1;-0.034698943
2;0.002639584
3;-0.001778084
4;0.026875954
5;-0.003162567
1;0.033626804
2;-0.027283786
3;0.024379372
4;-0.022459264
5;0.000611434
1;-0.005600226
2;0.024862282
3;-0.014577558
4;-0.001466743
5;0.000304595
1;0.022042703
2;0.009997523
3;-0.019275618
4;0.007895924
5;0.010735968
1;-0.006811264
2;-0.021930883
3;-0.007817304
4;-0.006533416
5;0.023722654
1;0.007928873
2;-0.016252068
3;-0.017193836
4;-0.002275633
5;-0.018107491
1;-0.016022977
2;0.004819426
3;-0.049181239
4;0.059037795
5;0.032420631
1;0.032908036
2;0.006693824
3;0.004818517
4;7.97E-05
5;0.02501835
1;-0.030984542
2;0.004983156
3;0.008232896
4;-0.017016709
5;-0.005539435
1;-0.026006
2;0.019594768
3;0.018445846
4;0.00470464
5;0.011416642
1;0.031330786
2;-0.017169783
3;-0.001914569
4;-0.015160701
5;0.001261266
1;0.010786915
2;0.017383233
3;-0.015955458
4;0.008858415
5;0
1;0
2;0.007301266
3;0.012379347
4;-0.017163984
5;-0.007413925
1;0.017950677
2;-0.00317739
3;-0.000458377
4;-0.011760169
5;0.018512664
1;0
2;0.013519492
3;-0.003375299
4;-0.016158295
5;0.010255461
1;0.00452444
2;0.003129971
3;-0.006244613
4;0.00904077
5;0.009404419
1;-0.026959319
2;0.007658418
3;-0.008902436
4;0.013649936
5;-0.00268497
1;0
2;0.003160987
3;0.019717167
4;0.002869231
5;-0.008731317
1;0.019860266
2;-0.003298972
3;0.002644894
4;-0.005418619
5;0.011265882
1;-0.005241621
2;-0.003906776
3;0.009003837
4;0.002671
5;-0.006557875
1;0.004537235
2;0.008989309
3;0.00395361
4;-0.018109267
5;0.006898575
1;-0.017507722
2;-0.006626767
3;0.001722272
4;-0.0064615
5;0.006436917
1;-0.009038214
2;-0.016835709
3;0.010789486
4;0.004457345
5;-0.000820253
1;0.013166698
2;-0.000294536
3;-0.004650427
4;-0.006408137
5;0.007246319
1;0.01698124
2;-0.00609958
3;-0.006210593
4;-0.005040767
5;0.004083747
1;-0.007120449
2;0.008739485
3;0.00164089
4;0.015323086
5;-0.004444022
1;0.004251214
2;-0.002848248
3;0.001014713
4;0.003808059
5;-0.014197007
1;0.00041471
2;0.005084489
3;-0.012354578
4;0.006171952
5;0.012664846
1;0.006943388
2;0.002128602
3;-0.001171366
4;0.01356557
5;0.00223922
1;0.005822023
2;-0.004998309
3;-0.007888376
4;0.001445344
5;0.000568088
1;0
2;-0.011543212
3;0.006918132
4;-0.001998954
5;-0.008828759
1;0.010352134
2;0
3;0.013630401
4;-0.003125406
5;0.001975077
1;0.008164456
2;-0.006591889
3;-0.002771256
4;-0.002330976
5;-0.001037736
1;0.005436139
2;0.008902032
3;-0.001396648
4;0.005042008
5;-0.01346311
1;-0.006788316
2;-0.00153848
3;0.003475961
4;-0.008105654
5;-0.010790482
1;-0.003469967
2;-0.012484981
3;0.018861403
4;0.009524677
5;0.015301309
1;-0.000912911
2;0.000444855
3;-0.000796197
4;0.010556463
5;-0.000672472
1;0.011829545
2;-0.006485465
3;0.007974396
4;-0.006683151
5;0.000990361
1;0.000828386
2;0.001080472
3;-0.015443875
4;-0.010650128
5;-0.000283046
1;0.002897426
2;0.005067935
3;-0.00168646
4;0.008218009
5;-0.003097167
1;0.010440688
2;-0.000531
3;-0.006231416
4;0.004821744
5;0.012113559
1;-0.008051703
2;0.000759765
3;0.006011674
4;0.000388825
5;0.005473218
1;-0.01330163
2;0.003634862
3;-0.006288822
4;-0.00449314
5;0.002550135
1;0.014572626
2;0.001459322
3;-0.004201303
4;-0.002130219
5;-0.004251072
1;0.015401442
2;-0.007077138
3;0.002987153
4;-0.003147023
5;-0.002561407
1;-0.00165009
2;0.004531211
3;-0.010143518
4;-0.00094615
5;0.003756241
1;9.20E-05
2;-0.003455827
3;0.004880754
4;0.00984982
5;0.003405379
1;0.002648169
2;0.003812794
3;0.000855317
4;0
5;0
1;0.002875696
2;0.002889819
3;0.001452953
4;0
5;0.007410656
1;0.000687095
2;-0.001796308
3;-0.007172961
4;0.004728352
5;-0.006227351
1;-0.003746121
2;-0.002137306
3;0.004785719
4;-0.001188674
5;0.007110942
1;0.006706665
2;-0.004169722
3;0.002641364
4;-0.007654688
5;-0.003580383
1;-0.003435774
2;0.000337363
3;0.004733551
4;-0.012748495
5;-0.0047261
1;-0.00212036
2;0.002097584
3;0.001797682
4;-0.003210787
5;0.004165203
1;0.00717433
2;-0.00665206
3;-0.002022475
4;-0.004194312
5;0.007804629
1;-0.000884344
2;0.012041275
3;-0.004177716
4;0.016230752
5;-0.000132882
1;0.002057682
2;-0.006096836
3;0.002398828
4;0.001839641
5;-0.005261943
1;0.009923441
2;0.000683038
3;-0.003309362
4;0.007485559
5;-0.002635569
1;0.001472382
2;-0.002594606
3;0.000726288
4;-0.02226887
5;0.004981722
1;-0.012274514
2;0.003619177
3;0.006279773
4;-0.013303865
5;0.004492044
1;-0.019174443
2;-0.003536636
3;-0.002086232
4;0.01476458
5;-0.00368797
1;0.011227612
2;0.001383299
3;-0.00616016
4;0.005684159
5;0.012370177
1;0.0033757
2;-0.001764673
3;-0.000917072
4;0.004688346
5;0
1;0
2;0.005796474
3;-0.006754681
4;0.004471195
5;0.007033249
1;0.001959598
2;0.005002643
3;-0.006389377
4;0.007002015
5;-0.000393796
1;0.000415669
2;0.000830819
3;-0.011252619
4;-0.001105706
5;-0.006615484
1;0
2;0.012725775
3;0.004892131
4;-0.011732857
5;-0.003949154
1;-0.023208742
2;0.013446682
3;-0.009427649
4;0.009225595
5;-0.002697965
1;-0.008773573
2;0.002585798
3;0.012919088
4;-0.009684925
5;0.000609474
1;-0.000564315
2;-0.002464141
3;0.004584315
4;0.003441338
5;-0.005155173
1;0
2;-0.001807216
3;2.26E-05
4;0.002844824
5;0.004297018
1;0.008294165
2;0.002934509
3;-0.003402158
4;-0.00075761
5;-0.000468222
1;-0.011393834
2;0.005713144
3;0.007262845
4;0.000489738
5;0.002778057
1;-0.00079929
2;-0.007513384
3;0.004064683
4;0.00367079
5;-0.00202283
1;0.005458916
2;-0.001395179
3;-0.010761536
4;-0.008865147
5;-0.003917533
1;-0.000930687
2;-0.00743108
3;-0.002818162
4;0.005194817
5;0.002758057
1;-0.007585834
2;-0.000527662
3;0.003413403
4;-0.007322172
5;-0.000345626
1;-0.00418
2;0.00422609
3;0.008696006
4;-0.016353029
5;0.004633607
1;-0.009125486
2;0.008801831
3;0.007234054
4;0.014222462
5;-0.001268145
1;0.000588982
2;0.00316549
3;-0.004888104
4;0.00120161
5;-0.017255007
1;-0.005432095
2;0.008424455
3;-0.008934506
4;0.003680432
5;-0.006164848
1;0.011258022
2;0.001952027
3;-0.000780353
4;0.001674716
5;0.001511716
1;0.008228436
2;0.000499274
3;0.0009298
4;0.009542681
5;0.008094856
1;0
2;-0.00688317
3;0.009552152
4;0.003658257
5;0.00710083
1;0.002852568
2;0.00039433
3;-0.001578255
4;-0.004485298
5;0.001541341
1;0.002965894
2;-0.00283389
3;0.000637776
4;0.001757277
5;0.00754308
1;-0.002508043
2;0.006290903
3;-0.003499737
4;-0.005239843
5;0.00214292
1;-0.008092771
2;0.005730926
3;0.004543774
4;-0.003777751
5;0.019262824
1;0.004731583
2;0.005389356
3;-0.00016997
4;-0.001616162
5;4.26E-05
1;-0.002855805
2;-0.008057129
3;-0.002822457
4;-0.001165778
5;-0.00144832
1;0.000843307
2;0.006162617
3;-0.008369694
4;0.000216596
5;-0.000433238
1;-0.011067651
2;0.004110194
3;0.010137385
4;0.002739166
5;-0.004014249
1;0.010669062
2;0.004142207
3;0.0053763
4;0.002074777
5;0.002429211
1;-0.00490674
2;0.000233192
3;0.003554732
4;0.008915676
5;0.003552476
1;0.001917266
2;-0.006831384
3;0.005331227
4;0.001958089
5;-0.009303754
1;-0.005835342
2;0.001962958
3;-0.004861664
4;0.007178479
5;-0.00248552
1;0.00172788
2;-0.009859384
3;0.006886423
4;0.003267667
5;-0.000694803
1;-0.005300571
2;0.001248479
3;-0.005258371
4;-0.003300579
5;0.001193725
1;0.009076705
2;-0.002959958
3;0.001142736
4;0.001479384
5;-0.008142539
1;0.007276308
2;0.000401517
3;0.009337215
4;0.002153664
5;0.002169877
1;0
2;0
3;0.004512427
4;6.22E-05
5;-0.001204019
1;0
2;0.006769301
3;-0.00849482
4;0.003800509
5;0.006158062
1;-0.00276437
2;-0.004555156
3;-0.007310781
4;0.003485015
5;0.004261473
1;0.005358172
2;-0.004715331
3;-0.001161561
4;-0.003638598
5;0.000520611
1;0.001913518
2;0.00635896
3;0.000804929
4;0.001298902
5;-0.00425348
1;0.00402681
2;0.011046892
3;0.002036163
4;-0.001608225
5;0.006741279
1;0.007720801
2;0.003147778
3;-0.00102144
4;0.001921846
5;0.008801156
1;-0.000475907
2;0.003385907
3;-0.001127362
4;0.000830811
5;-3.95E-05
1;0.000711603
2;-0.005528215
3;-0.008861095
4;-0.003292977
5;0.006954702
1;-0.007679005
2;0.006419924
3;-0.001541033
4;0.004396666
5;0.004278145
1;-0.001808516
2;-0.003247629
3;-0.002957932
4;-0.00682857
5;0.004022451
1;-0.001426118
2;0.005052541
3;-0.012598528
4;-0.003144114
5;0.000243769
1;0.002069638
2;0.000769948
3;-0.005463218
4;0.002461127
5;0
1;0
2;-0.000711274
3;-0.003727206
4;-0.001286358
5;0.00399658
1;-0.003526765
2;0.009390695
3;0.000909983
4;0.005965114
5;0.001345287
1;-0.002088983
2;-0.005463999
3;0.002947413
4;-0.003109166
5;-0.010938403
1;-0.013273575
2;0.005886805
3;-0.006943898
4;-0.000497843
5;0.006143428
1;0.003211796
2;-0.003995721
3;-0.011645297
4;0.000167022
5;0.002397858
1;0
2;0.01233587
3;0.004351492
4;0.004047099
5;0.003380446
1;-0.001749889
2;-0.003652059
3;-0.003480828
4;0.00366477
5;-0.001390622
1;-0.000470795
2;0.00292353
3;0.010337321
4;0.00268359
5;0.001832
1;0.003613881
2;-0.001464056
3;-0.002210168
4;0.004695786
5;-0.00172324
1;0
2;-0.004482284
3;0.009423629
4;-0.001198083
5;-0.001119508
1;-0.003807696
2;0.008974945
3;-0.004307515
4;0.001098583
5;0.004223282
1;0.003967944
2;-0.000713069
3;-0.005424052
4;0.005067327
5;0.006441055
1;-0.001103492
2;0.001989345
3;0.003378713
4;0.002956815
5;-0.006945699
1;-0.007014106
2;0.009256127
3;0.003666851
4;0.000802168
5;0.009304928
1;0.004504469
2;0.001118137
3;0.007581829
4;-0.013727725
5;0.014224772
1;0.001947569
2;-0.004818549
3;0.00548596
4;0.002627172
5;-0.005490644
1;-0.003197674
2;-0.002419402
3;0.002611168
4;0.00122643
5;0.003861082
1;0.00549823
2;-0.002754849
3;0.001406871
4;0.001272084
5;0.002274322
1;0.001626755
2;0.006893721
3;0.00090058
4;-0.003155584
5;-0.000131699
1;0.005535191
2;0.003623463
3;0.002569547
4;-0.003520835
5;-0.002391541
1;-0.000299345
2;-0.004087531
3;-0.005595817
4;-0.004430986
5;0.008183831
1;0.001091149
2;-0.003427951
3;-0.004727962
4;-0.003703391
5;-0.005265279
1;0
2;0.005284305
3;0.007789515
4;0.005948029
5;-0.000300317
1;0.002044128
2;0.004001127
3;0.001249406
4;-0.004688661
5;0.003457915
1;0.002943809
2;-0.006926128
3;0.00175941
4;0.006728259
5;0.004522127
1;0.004023036
2;-0.002452496
3;-0.008659347
4;0.002975252
5;0.005167013
1;0.007269948
2;-0.001064181
3;0.008682117
4;-0.003025611
5;-9.13E-05
1;0.004353654
2;-0.001309567
3;-0.012195496
4;-0.010259159
5;-0.001881749
1;0.002291165
2;0.001134325
3;-0.007180924
4;-0.014518422
5;0.001859548
1;0.002177722
2;-0.004284204
3;-0.01840578
4;-0.000735579
5;-0.004269281
1;0.012657541
2;-0.004908718
3;0.00878016
4;-0.008645089
5;0.005886783
1;0.019733422
2;0.005064917
3;0.002672175
4;0.013586234
5;-0.001529179
1;0.006835498
2;1.83E-05
3;-0.003871316
4;-0.003000932
5;0.007641056
1;0.000896197
2;-0.005573088
3;-0.001766395
4;0.005509656
5;0.007099282
1;-0.000181871
2;0.003504284
3;0.002624697
4;-0.003749087
5;0.002319934
1;-0.008435493
2;0.002479852
3;-0.012424341
4;0.011531573
5;0.007626555
1;-0.00320696
2;0.005140655
3;-0.001807077
4;0.000415917
5;-0.002479976
1;-0.002885953
2;0.001035545
3;0.002520789
4;-0.004683934
5;0.006583923
1;0.001481294
2;0.001461079
3;0.007094585
4;0.001716677
5;-0.000268037
1;0
2;0
3;0.004867057
4;0.002752841
5;-0.003464484
1;0
2;0.011097164
3;0.005809021
4;-0.004103181
5;0.007108495
1;-5.23E-05
2;-0.007477947
3;0.007477947
4;0.000645347
5;-0.004228484
1;0.005099913
2;-0.007203332
3;-0.006213332
4;0.005195091
5;-0.003660172
1;-0.002029418
2;-0.00479872
3;0.012453637
4;0.003185441
5;0.011156214
1;-0.001210382
2;-0.003379523
3;0.007144185
4;-0.009403562
5;0.00208576
1;0.002271999
2;-0.00444476
3;-0.003783162
4;0.014513993
5;-0.007724982
1;0.005087572
2;-0.00020715
3;-0.000138124
4;0.006436978
5;0.002963574
1;0.00286954
2;-0.000904383
3;0.002506374
4;-0.006217778
5;0.004189294
1;0.002624316
2;-0.014467914
3;0.00904128
4;-0.001901158
5;0.004396288
1;0.006651664
2;-0.006873581
3;-0.007626233
4;0.007370114
5;0.008840738
1;0.007571259
2;-0.000369642
3;0.002433765
4;0.004716359
5;0.001017286
1;-0.001284286
2;-6.68E-05
3;0.002700272
4;-0.002900582
5;0.007683135
1;-0.010675873
2;-0.006130403
3;0.003951278
4;0.00936998
5;-0.008464228
1;0.009959295
2;-0.003258794
3;0.006540094
4;0.000264686
5;-0.00324724
1;0.006764214
2;-0.008358554
3;-0.002612901
4;0.00475471
5;0
1;0
2;0.002435086
3;0.007532651
4;-0.001380308
5;0.008400177
1;-0.005559476
2;-0.001986
3;0.002903807
4;-0.007283641
5;-0.006107723
1;0
2;0.009747954
3;-0.011925283
4;0.004465887
5;0.009036554
1;-0.004046457
2;0.006325651
3;-0.003642633
4;-0.006828667
5;-0.021733985
1;-0.012047723
2;0.000838503
3;-0.029633212
4;-0.0006874
5;-0.002506842
1;-0.02228848
2;0.026046391
3;-0.016261964
4;0.016085852
5;0.019758767
1;0
2;-0.024295523
3;0.012623456
4;0.004514759
5;0.002588088
1;-0.000433776
2;-0.016148148
3;0.006416984
4;-0.025451273
5;0.016455921
1;-0.006083682
2;-0.0181864
3;-0.002321702
4;0.020223409
5;-0.003904897
1;0.00511428
2;0.005689336
3;0.001201074
4;0.003365909
5;0.001406445
1;-0.001916771
2;-0.005099936
3;0.004642182
4;0.019686602
5;0.007208695
1;0.008704761
2;-0.000152958
3;-0.009701021
4;0.010805195
5;-0.000186775
1;0.001357566
2;-0.006738043
3;0.000563241
4;-0.016446834
5;-0.010006534
1;-0.001157022
2;-0.003391114
3;0.016807118
4;-0.001229554
5;-0.008911691
1;0.019769374
2;0.002961038
3;0.004416675
4;0.008876449
5;0.007627469
1;-0.007829867
2;-0.008044687
3;0.008685475
4;-0.015921495
5;0.008697338
1;-0.010342978
2;-0.001837399
3;0.007261176
4;-0.006350641
5;-0.00056684
1;0.0086905
2;0.004588411
3;-0.000220442
4;0.000644232
5;0.000508311
1;0.001996853
2;-0.002132377
3;-0.007243328
4;0.001551697
5;0.001617338
1;0
2;0.001648693
3;0.006938831
4;-0.003920447
5;0.007271042
1;0.006266882
2;-0.00081883
3;-0.008798646
4;-0.012080843
5;0.003612388
1;-0.004859303
2;0.007610944
3;-0.000559906
4;-0.002548984
5;-3.40E-05
1;0.002260503
2;-0.00998123
3;0.005881364
4;0.005185808
5;-0.0126975
1;-0.004130602
2;0.012902963
3;0.009573343
4;0.006923583
5;-0.001759959
1;-0.000503415
2;-0.003480487
3;0.004939692
4;0.006348697
5;-0.000549739
1;0.004936804
2;0.006907063
3;0.000131728
4;0.007839447
5;0.005863878
1;0.002449371
2;-0.010390127
3;0.006819506
4;0.000910096
5;-0.000129963
1;0.001769294
2;0.002656173
3;0.005178642
4;-0.004806693
5;-0.003871798
1;-0.00555028
2;0.000391645
3;0.003322803
4;-4.88E-05
5;-0.000195163
1;0.012350027
2;0.003127885
3;-0.00080109
4;-0.001202839
5;-0.00371386
1;-0.002289843
2;-0.001227708
3;0.006958567
4;0.004020927
5;-0.01010702
1;0.002016699
2;-0.000306276
3;-0.006843081
4;-0.003300735
5;-0.002919567
1;-0.011830374
2;-0.004007955
3;0.009661273
4;-0.005851681
5;-0.00454004
1;0.004787988
2;0.005932388
3;0.000656987
4;0.006725657
5;0.003402831
1;0.00120206
2;-0.000552118
3;0.005846691
4;0.005716372
5;0.005124931
1;-0.002014808
2;-0.006971132
3;-0.000870785
4;-0.002406662
5;0.001018289
1;0
2;0
3;0.008878082
4;-0.000672743
5;-0.00324191
1;0
2;0.014379781
3;0.001282671
4;-0.005076958
5;-0.010698026
1;-0.004172613
2;0.000306692
3;-0.005729654
4;0.011201977
5;0.001427529
1;0.003919221
2;-0.007660785
3;-0.001803514
4;0.000934369
5;0.00432216
1;-0.003018725
2;0.001478387
3;0.013905059
4;-0.007231379
5;-0.006609452
1;0.001908903
2;0.000336487
3;-0.006251477
4;0.012671071
5;0.00455806
1;0.001108577
2;0.004485091
3;0.003649008
4;-0.003633251
5;0.00571915
1;-0.00460103
2;0.004444347
3;0.006154827
4;0.00188261
5;-0.002147393
1;0.003871304
2;-0.004993516
3;-0.008645722
4;0.003736855
5;0.003223185
1;0.005172882
2;-0.023364373
3;-0.018398926
4;-0.009033632
5;3.27E-05
1;-0.009445733
2;0.013085157
3;0.002928022
4;0.011498649
5;0.002806085
1;-0.001907281
2;-0.011634324
3;-0.026395435
4;0.021840507
5;-0.000424012
1;0.009545527
2;0.004979986
3;0.005850735
4;0.00973383
5;0.003381424
1;-0.007521035
2;0.000111248
3;-0.004044656
4;0.00905386
5;-0.002564875
1;0.00118826
2;0.007980108
3;-0.000219939
4;0.005108928
5;0
1;0
2;0.003199353
3;-0.000701421
4;0.000483254
5;0.007143553
1;0.008290618
2;-0.002827726
3;-0.007476555
4;-0.0013654
5;0.007147639
1;-0.00109513
2;-0.007777438
3;0.005042093
4;0.001144501
5;-0.007867764
1;0.004740487
2;-0.004600282
3;0.010058903
4;0.008186004
5;0.010029381
1;0
2;-0.008103982
3;-0.000122137
4;-0.003900966
5;0.006356115
1;-0.001554736
2;0.002011552
3;-0.001401563
4;0.003013976
5;0.00931914
1;-0.000617577
2;-0.00456077
3;0.001482266
4;-0.007722749
5;0.000776486
1;0
2;0.00544886
3;-0.000666233
4;0.00293415
5;0.008301923
1;-0.001888943
2;-0.004707873
3;-0.016738637
4;-0.002701916
5;0
1;0.009546758
2;-0.007182182
3;0.005978565
4;0.013672191
5;0.012329875
1;-0.004301914
2;-0.007982849
3;-0.000135343
4;-0.008048181
5;-0.004345389
1;0.003192511
2;-0.004426637
3;-0.004844549
4;0.006672341
5;0.005554221
1;-0.002621512
2;0.007437451
3;0.005002677
4;-0.005695709
5;0.008240011
1;0.003372433
2;-0.012260713
3;-0.002385627
4;0.012409269
5;0.002832779
1;-0.002832779
2;-0.005764827
3;-0.013927022
4;0.011069749
5;-0.008317377
1;0.005935095
2;-0.019157645
3;-0.006855582
4;-0.03197313
5;-0.005775541
1;-0.001465225
2;0.024511421
3;-0.017366641
4;0.007919792
5;-0.012136265
1;-0.005671306
2;0.019155804
3;0.013398927
4;-0.019376687
5;-0.037845209
1;0.029486607
2;-0.01221451
3;-0.005582412
4;-0.041850328
5;0.034440757
1;0.002388228
2;0.001216625
3;0.01789644
4;0.000145244
5;0.003736817
1;0
2;-0.019136622
3;0.004904214
4;0.012929329
5;0.0145904
1;0.00188612
2;0.009706978
3;-0.016778413
4;0.006770528
5;-0.01952959
1;-0.009265561
2;0.023618071
3;0.004051837
4;0.009108121
5;-0.01179162
1;-0.017078533
2;0.016124077
3;0.027733998
4;-0.004810313
5;0.004299346
1;0.001423862
2;-0.010728716
3;0.005627494
4;0.008266685
5;-0.003026282
1;0.006089543
2;-0.000907225
3;0.005339238
4;0.001941437
5;0.007288695
1;-0.008358312
2;0.011325494
3;0.002656926
4;0.013700383
5;0.000921577
1;-0.012889705
2;-0.004555473
3;0.009539645
4;-0.010280739
5;-0.012407579
1;-0.010564346
2;0.008432754
3;-0.004924602
4;0.014443172
5;0.012842384
1;0.006687987
2;-0.007033325
3;0.009356898
4;-0.020364854
5;-0.008462545
1;-0.01065281
2;0.002087151
3;-0.013966012
4;-0.000501292
5;-0.01213875
1;0.005220374
2;0.003858181
3;0.010895414
4;-0.011335597
5;-0.010813651
1;-0.027459025
2;0.01712157
3;-0.025307513
4;0.013806635
5;0.017202093
1;-0.013116418
2;-0.006460432
3;0.026594534
4;0.006779794
5;0.013050195
1;-0.00716122
2;-0.011242619
3;0.02788845
4;-0.001263541
5;0.010628527
1;0.001600573
2;-0.004350388
3;0.003497068
4;-0.030271578
5;0.005140594
1;-0.01880953
2;0.000238909
3;0.000827775
4;0.009675375
5;0.013850312
1;0.007000509
2;0
3;0
4;0.002851178
5;-0.003221657
1;-0.003092674
2;0
3;-0.00624536
4;0.009723947
5;-0.020409349
1;-0.00201826
2;0.003277607
3;-0.013271027
4;-0.008002988
5;-0.003332075
1;0.002206529
2;-0.03106129
3;-0.01381983
4;-0.006838182
5;-0.000118603
1;-0.056374301
2;0.028610488
3;-0.02303287
4;0.046398459
5;-0.001157959
1;-0.013741971
2;0.016498434
3;-0.008172364
4;0.007254387
5;0.025091584
1;-0.000497702
2;-0.026602769
3;0.001260283
4;-0.026088811
5;0.010410153
1;-0.013279344
2;0.034829691
3;-0.005072063
4;-0.000136061
5;-0.015720009
1;0.02710193
2;0.003407902
3;-0.012360513
4;0.006528123
5;-0.007393843
1;0.018674836
2;0.014544929
3;-0.001792189
4;-0.018402472
5;-0.013738613
1;-0.011228104
2;-0.008786295
3;0.014766385
4;-0.014991804
5;-0.011599338
1;-0.012499059
2;0.010830973
3;0.015000107
4;-0.014648699
5;-0.010720601
1;-0.039349279
2;0.034739705
3;-0.010796956
4;-0.009129837
5;0
1;0
2;0.034677079
3;-0.005057502
4;0.010037086
5;-0.004311863
1;0.001614744
2;0.026051479
3;0.010757634
4;-0.004166955
5;0.009427019
1;0.011319393
2;-0.004098298
3;-0.001052271
4;-0.003146709
5;-0.011736472
1;-0.010897943
2;0.012829754
3;0.023308816
4;-0.01094252
5;0.012661131
1;-0.00059457
2;-0.003027874
3;0.008070483
4;-0.005422658
5;0.006703973
1;-0.000164179
2;-0.000164206
3;-0.000344921
4;0
5;0.020841539
1;0
2;-3.22E-05
3;0.007325923
4;0.001564021
5;-0.010596869
1;0.002575371
2;-0.001415633
3;0.000659806
4;0.005742809
5;0.008362518
1;0.011387417
2;-0.029425823
3;0.001049259
4;-0.002665656
5;-0.015372504
1;0
2;-0.004742389
3;0.00183046
4;-0.000247164
5;-0.002408924
1;-0.007611283
2;0.008304856
3;-0.014566512
4;0.004212151
5;-0.014871599
1;-0.004955714
2;-0.008594744
3;-0.018008209
4;0.011673082
5;0.002121916
1;-0.00141411
2;0.011547334
3;-0.018074648
4;-0.008460361
5;-0.015464772
1;0.008221166
2;-0.005751261
3;0.005557143
4;-0.02644933
5;0.002136095
1;0.01719312
2;-0.026294083
3;-0.009829351
4;0.009226968
5;-0.011717951
1;0.018288002
2;-0.013183553
3;0.016244512
4;-0.02245806
5;-0.027222258
1;0.007347126
2;-0.024542164
3;-0.004126913
4;0.026005356
5;0.016900437
1;0.005175928
2;-0.007447683
3;0.01585001
4;-0.016204272
5;-0.001810563
1;-0.007501067
2;0.001241559
3;0.018902042
4;-0.001624726
5;-0.010625553
1;-0.006463783
2;0.024930059
3;0.005776665
4;-0.001568828
5;0.002133733
1;0.009536832
2;-0.00131813
3;-0.015642533
4;0.008934749
5;-0.007797488
1;-0.00084365
2;-0.024103817
3;0.009614559
4;-0.000297896
5;0.024900604
1;0
2;-0.006359177
3;0.010455686
4;0.013118595
5;0.006300186
1;-0.006014574
2;0.003189739
3;-0.021762666
4;-0.025337856
5;-0.022900612
1;0.038481402
2;-0.005652801
3;-0.009163655
4;-0.008947517
5;0.018314268
1;-0.040020782
2;-0.034921142
3;-0.022782229
4;-0.006617401
5;0.084691407
1;-0.014221484
2;-0.019321105
3;-0.007916614
4;0.019704114
5;-0.021098444
1;-0.054458157
2;0.017220345
3;0.011579813
4;-0.018169555
5;0.022334593
1;-0.081784413
2;0.003480383
3;-0.053178525
4;-0.012188389
5;-0.092645552
1;0.079367562
2;0.031744294
3;-0.074286545
4;-0.054969132
5;0.050891805
1;0.052662035
2;-0.012452583
3;-0.045663629
4;0.011539489
5;-0.051295869
1;-0.007962814
2;0.01897473
3;0.077429743
4;0.011530207
5;0.019749171
1;0.014965248
2;0.043209258
3;-0.023730149
4;-0.058700723
5;0.021442459
1;0.008872323
2;-0.036348301
3;-0.01535261
4;-0.00306543
5;0.015186791
1;-0.024101009
2;0.018320098
3;-0.049411704
4;-0.033172684
5;-0.024557138
1;0.09384244
2;0.004396773
3;-0.004469013
4;0.017520857
5;0.014540842
1;-0.053283687
2;0.014020063
3;0.011359237
4;-0.001535951
5;-0.027811363
1;0.060069556
2;0.018707206
3;-0.003200515
4;0.004888086
5;-0.024986592
1;-0.000654359
2;0.007336961
3;0.003498087
4;0.00150204
5;-0.010165331
1;-0.008833131
2;0.001599022
3;-0.009300636
4;0
5;0
1;0.024087388
2;0.016827568
3;0.009403144
4;0
5;0.028370066
1;0.003894376
2;0.012865611
3;-0.028734593
4;-0.000465999
5;-0.012709717
1;-0.005025533
2;-0.006118722
3;-0.050967929
4;-0.014334659
5;0.006289177
1;-0.009351296
2;-0.004170789
3;-0.007728867
4;-0.001898399
5;7.40E-05
1;0.037891115
2;-0.003474788
3;0.023747818
4;-0.02477352
5;-0.009712656
1;-0.017454317
2;0.021038593
3;0.015274749
4;7.09E-05
5;0.014787613
1;0.003651379
2;-0.022182186
3;0.005019306
4;-0.007609828
5;-0.003002934
1;-0.013166304
2;-0.024655731
3;-0.006790311
4;0.002890896
5;-0.032706045
1;-0.009922818
2;-0.00894738
3;0.008505804
4;0.0171552
5;-0.022077662
1;-0.054815959
2;-0.031860804
3;0.037389099
4;-0.032333707
5;0.00022661
1;0.003308312
2;0.047628049
3;-0.005776774
4;0.004942016
5;0.011144266
1;0.028960896
2;-0.001787311
3;-0.013599614
4;0.003122584
5;0.006788715
1;0.028196899
2;-0.010503256
3;-0.002867459
4;0.006363832
5;-0.006722843
1;-0.035504525
2;0.04245663
3;0.00748573
4;0.041933723
5;-0.023374088
1;-0.009023892
2;-0.015901395
3;-0.001272913
4;0.014717304
5;0
1;0
2;0.001329537
3;-0.005177582
4;0.021094357
5;0.009771985
1;-0.025212563
2;-0.000852301
3;0.01077559
4;-0.003106017
5;0.033719032
1;0.002643279
2;-0.017087813
3;0.022496725
4;0.012830266
5;-0.000117829
1;0
2;0.021842106
3;0.013648963
4;0.000500273
5;0.014310465
1;-0.005979158
2;-0.002257083
3;-0.021492451
4;0.007177395
5;-0.003329242
1;0.022378302
2;0.008019038
3;-0.003105905
4;-0.027889576
5;0.004546089
1;0
2;0.010573187
3;0.001019495
4;-0.006520009
5;0.006904881
1;0.019789756
2;-0.006501047
3;-0.0211285
4;0.000798148
5;0.011716184
1;-0.00755335
2;-9.08E-05
3;0.00723854
4;0.005641288
5;-0.004469959
1;-0.026461398
2;0.000600837
3;-0.011641683
4;0.000560787
5;0.015069604
1;-0.026062081
2;-0.000968798
3;0.011751017
4;-0.006422449
5;-0.00273147
1;0.012419609
2;-0.01048797
3;0.021304896
4;-0.0248176
5;0.000472222
1;-0.009820745
2;-0.001885015
3;-0.011240391
4;0.00445843
5;-0.007603314
1;0.017985189
2;0.008436269
3;0.025350254
4;0.003513893
5;0.006171025
1;0.012409018
2;0.008426009
3;0.002785548
4;0.014602347
5;0.003677601
1;0.002073625
2;-0.012572986
3;0.004120628
4;0.018324749
5;-0.005021656
1;0.01595143
2;-0.002373343
3;-0.005215443
4;0.009295817
5;0.008724225
1;-0.001988619
2;-0.010837387
3;0.009693198
4;0.008171239
5;-0.008765038
1;-0.014745432
2;0.008745287
3;0.000831956
4;0.014164513
5;0.019631127
1;0.009295139
2;0.004198518
3;-0.005342917
4;-0.004344269
5;0.008079158
1;0
2;-0.018338199
3;-0.000435807
4;-0.00432685
5;0.01138013
1;0.016658706
2;0.002854109
3;0.01145557
4;-0.003322661
5;0.00476039
1;0.001475515
2;0.004611876
3;0.016132238
4;0.007756573
5;0.001721987
1;-0.007470468
2;0.001595797
3;-0.000622447
4;-0.011762884
5;0.000570782
1;0.016296382
2;-0.001162183
3;-0.005012834
4;-0.016913099
5;-0.01177715
1;0.007110786
2;0.022377758
3;-0.005679782
4;0.008905403
5;0.001415209
1;0.009313514
2;-0.010806326
3;0.019577391
4;-0.006317357
5;-0.006299717
1;0.017437916
2;-0.007240005
3;0.002761565
4;-0.009651017
5;0.006736868
1;-0.009756362
2;0.001789718
3;-0.023460916
4;0.01121551
5;-0.018287144
1;0.011804139
2;-0.013272131
3;0.013937989
4;0.00345923
5;0.003330642
1;0.017826815
2;-0.000879054
3;0.006896973
4;0.001840032
5;0.003764345
1;0.016162763
2;-0.006860195
3;-0.000711078
4;-0.014024999
5;-0.003099127
1;0.019629363
2;-0.00589917
3;0.007634196
4;-0.032335731
5;0.009885327
1;-0.010540131
2;0.023137499
3;0.002857252
4;-0.002706667
5;0.001767682
1;-0.002200676
2;-0.016632558
3;-0.003682751
4;0.007752496
5;0.003274322
1;0.010154291
2;-0.005565475
3;0.006505713
4;-0.019492167
5;-0.003994475
1;0.018531052
2;0.006533202
3;0.00816743
4;0.005568563
5;0
1;0
2;0.006494488
3;-0.007327798
4;0.002775005
5;0
1;0.016017643
2;0.00402802
3;0.001357159
4;-0.000596923
5;0.001356129
1;0.000704461
2;-0.007139781
3;-0.004593435
4;0.0045025
5;-0.007814822
1;0.007123448
2;0.003397687
3;-0.016883672
4;-0.015935777
5;-0.006034931
1;-0.008084639
2;0.003150745
3;-0.011320444
4;-0.013856946
5;0.008283224
1;0.011288078
2;0.006818187
3;-0.005713488
4;-0.021920531
5;-0.01537255
1;0.006185262
2;0.003821998
3;0.003943854
4;0.005731788
5;-0.003687892
1;0.00484967
2;0.014714623
3;0.006178316
4;0.00914954
5;0.006196607
1;-0.001139091
2;-0.006937181
3;0.00521675
4;-0.012183446
5;0.014352198
1;0.009553621
2;0.014362047
3;0.008913314
4;-0.001084952
5;0.013049525
1;0.001231428
2;-0.000785083
3;0.006813215
4;-0.004139321
5;0.001494263
1;-0.005668666
2;0.004726117
3;0.0042965
4;-0.000354384
5;0.001328292
1;-0.000991624
2;0.005142217
3;0.000757609
4;0.008732608
5;-0.004321702
1;0.001349256
2;-0.006746929
3;0.001286128
4;0.011431697
5;0
1;0
2;0.00616038
3;-0.003170893
4;-0.008610225
5;0.010153609
1;0.001160304
2;-0.00277311
3;0.005987213
4;0.004939216
5;-0.014003168
1;-0.00280686
2;0.009694645
3;-0.010480582
4;-0.010203185
5;0.0102556
1;0.005262436
2;-0.026486483
3;-0.003020529
4;0.005569255
5;-0.011547783
1;0
2;-0.025939946
3;-0.012871004
4;-0.015260272
5;-0.026580918
1;0.050322689
2;-0.009923973
3;0.0091998
4;0.009281581
5;-0.031938096
1;-7.60E-05
2;0.008477032
3;-0.028514937
4;-0.016616224
5;-0.002012629
1;0.001322477
2;-0.025754897
3;0.019522005
4;0.030706095
5;-0.001309758
1;0
2;-0.004849455
3;-0.0023268
4;0.011561046
5;-0.016484528
1;-0.011162341
2;-0.00810122
3;0.011409938
4;0.009120865
5;0.006060507
1;0.007409013
2;0.003013467
3;0.003844798
4;0.003050003
5;-0.000590212
1;0.009156549
2;-0.00988051
3;-0.013141046
4;-0.015235684
5;-0.010584821
1;0.004981133
2;-0.031547094
3;0.000549277
4;-0.022854729
5;0.00669856
1;-0.003022276
2;0.028913492
3;0.009980243
4;0.01792485
5;0.005352412
1;0.006621448
2;0.019927849
3;-0.003325577
4;-0.008065176
5;-0.010105966
1;-0.002056815
2;-0.001710765
3;0.014506585
4;0.018844827
5;-0.000225853
1;0.00722079
2;0.002724696
3;-0.008609932
4;-0.001072063
5;-0.010594121
1;0.026111046
2;-0.000111177
3;-0.001910468
4;-0.003794647
5;-0.006244061
1;0.014540092
2;-0.006322505
3;-0.024705633
4;0.003976678
5;0.001764455
1;0.000132683
2;0.014021516
3;-0.008954863
4;-0.017424496
5;-0.003074974
1;0.007574268
2;-0.015167554
3;-0.009079105
4;0.009040314
5;0.008843976
1;0
2;0.004526804
3;0.026664218
4;0.000856818
5;0.010593476
1;0.002024404
2;-0.005789635
3;0.004041528
4;0.011809107
5;0.001345969
1;0.011547869
2;0.000341331
3;-0.002121731
4;-0.002793877
5;-0.005720197
1;0.016920573
2;-0.004705386
3;-0.004367329
4;-0.000864943
5;0.009223436
1;-0.004493424
2;0.000896716
3;-0.001632624
4;-0.003723729
5;0.007952293
1;-0.006619511
2;0.014260682
3;0.008058574
4;-0.003402833
5;-0.000795074
1;0.002612535
2;-0.001905771
3;0.015041041
4;-0.003520824
5;-0.004164267
1;0.006832167
2;-0.006744504
3;0.004373389
4;0.005049285
5;-0.002869742
1;0.001844537
2;-0.007801563
3;-0.010798727
4;0.005634116
5;-0.000475641
1;0.003412552
2;0.010967627
3;-0.001460057
4;0.019601379
5;0.002146838
1;-0.004332482
2;0.004298441
3;-0.009972628
4;-0.000292295
5;-0.003151887
1;0.004045696
2;-0.024083304
3;0.001881402
4;0.013279666
5;-0.006242684
1;-0.009112
2;-0.017670344
3;0.013489669
4;0.00736178
5;-0.005313359
1;-0.020981723
2;-0.004097738
3;0.020446876
4;0.02192882
5;-0.00387392
1;0.004341943
2;0.00659829
3;-0.00241317
4;0.002327086
5;0.000860511
1;0.008189324
2;0.005173599
3;-0.00152887
4;-0.000187022
5;-0.001582588
1;0.003366377
2;0.010166087
3;0.005311986
4;0.002103577
5;0.002132446
1;0
2;0
3;-0.002082414
4;-0.004244872
5;-0.011979016
1;0
2;0.019138055
3;0.004976042
4;-0.0040453
5;-0.005864826
1;-0.00468989
2;0.009640602
3;0.006083883
4;-0.004439078
5;-0.003625482
1;-0.002736117
2;0.011742273
3;-0.013246988
4;-0.018371758
5;0.004828217
1;0.008040448
2;-0.004417624
3;0.008665055
4;-0.000687095
5;-0.014130991
1;-0.003150467
2;0.016056924
3;0.00707485
4;-0.002803881
5;0.002353787
1;0.008897506
2;0.006637976
3;-0.006423159
4;-0.005351106
5;0.007100974
1;-0.000461932
2;-0.003802537
3;0.007952263
4;0.000345034
5;-0.000723066
1;-0.011274897
2;-0.002997105
3;-0.012298503
4;-0.000591042
5;0.013623
1;-0.00120048
2;-0.009757156
3;-0.003527221
4;0.015134517
5;-0.00245092
1;-0.002774947
2;0.000167384
3;-0.00629614
4;-0.015616565
5;-0.002843929
1;-0.009221103
2;-0.013931615
3;-0.017196156
4;0.017336613
5;0.003854852
1;0.011821907
2;-0.004052375
3;0.005744656
4;0.01455904
5;0.003378124
1;0.000626837
2;0.004680367
3;0.002710325
4;-0.006662699
5;0.016965344
1;0.001180687
2;-0.001646693
3;0.005644012
4;-0.005594072
5;0.008024448
1;-0.000396393
2;-0.014794868
3;0.007666072
4;-0.00778344
5;0.005384718
1;-0.021220911
2;0.00455512
3;0.021042457
4;-0.000664419
5;0
1;0
2;0.008454926
3;-0.000197733
4;0.00028011
5;0
1;0
2;0.002139425
3;-0.016375604
4;-0.010769503
5;0.009548859
1;-0.005721732
2;0.012740943
3;-0.007153071
4;-0.005200918
5;-0.003217956
1;-0.000371321
2;-0.010641016
3;0.010607253
4;0.005471624
5;-0.001260028
1;-0.019110591
2;0.003848033
3;0.001995141
4;0.001855146
5;0.009797116
1;0
2;0.008567481
3;-0.010303315
4;-0.013705475
5;0.001213375
1;0.001399533
2;0.0002558
3;-0.009560106
4;0.008126781
5;-0.015574092
1;0.00133457
2;0.005113775
3;-0.010480188
4;-0.007656443
5;0.002821173
1;-0.00376919
2;0.014282594
3;-0.000398327
4;-0.017227045
5;0.004097754
1;0.004308238
2;0.007763852
3;0.015332102
4;0.015201493
5;0.007389753
1;0.004613868
2;0.0010796
3;-0.003508805
4;0.008575628
5;-0.01062674
1;-0.010302277
2;-0.010205035
3;0.006352247
4;-0.0101078
5;-0.000564551
1;-0.015677465
2;0.006445599
3;0.010958731
4;0.007844379
5;0.005931626
1;-0.001635709
2;0.000742303
3;-0.012404391
4;0.0028304
5;-0.009924451
1;-0.007040824
2;-0.009745309
3;-0.023694143
4;-0.034874544
5;-0.027463874
1;-0.034512925
2;0.018742182
3;-0.031008865
4;0.030602191
5;0.029994235
1;0.005735401
2;0.001307409
3;-0.004864733
4;-0.045941424
5;-0.010145158
1;0.010753747
2;0.006670147
3;0.014803905
4;-0.014472537
5;-0.000233895
1;0
2;0.026697487
3;0.023596263
4;0.004476018
5;-0.023659688
1;-0.036446033
2;0.010566018
3;0.030893879
4;0.004090446
5;-0.023818996
1;-0.016453877
2;0.008676381
3;0.010133435
4;0.020919879
5;0.005772534
1;-0.020474934
2;0.019599057
3;-0.014138293
4;-0.047792251
5;0.004985963
1;0.004450491
2;0.039433048
3;-0.014555467
4;-0.003994475
5;-0.013229833
1;-0.010388177
2;-0.026169419
3;0.031416196
4;0.036392143
5;0.002284162
1;0.017865627
2;-0.000611411
3;0.008507548
4;-0.007081503
5;0.011591879
1;-0.005448005
2;-0.004849232
3;0.00738432
4;-0.012145749
5;0.019129835
1;0.010764093
2;-0.004081786
3;0.005000597
4;0.028509963
5;-0.002032236
1;-0.028099729
2;-0.022361361
3;0.011462022
4;0.011151824
5;-0.003323462
1;-0.002971555
2;0.010200394
3;-0.01938815
4;-0.002861022
5;0.01830773
1;-0.004772071
2;-0.00028995
3;-0.001523616
4;-0.015715511
5;-0.011162734
1;-0.026509511
2;-0.003029899
3;-0.012951295
4;-0.002376455
5;0.007209304
1;0.028271986
2;0.004544694
3;0.031065731
4;-0.002928686
5;0.011411513
1;0.002823667
2;0.00012571
3;-0.00392242
4;-0.011440922
5;0.008244848
1;-0.018490821
2;0.011412366
3;-0.022732857
4;0.006333779
5;-0.002521275
1;-0.004147956
2;0.010125636
3;-0.005532287
4;0.012409463
5;0.010155333
1;0
2;0
3;-0.000961879
4;0.01072774
5;0.000987513
1;0
2;0.022640736
3;-0.005524098
4;-0.007828037
5;0.004505951
1;-0.006641829
2;0.014926442
3;-0.004556859
4;-0.001482371
5;-0.004566784
1;0.003683376
2;0.006448566
3;0.00147415
4;0.006781109
5;-0.002197075
1;0.009382236
2;-0.005323174
3;-0.005037092
4;0.012536845
5;-0.010703824
1;-0.010943062
2;0.001849781
3;0.019020299
4;0.000932095
5;0.017953497
1;-0.001509332
2;-0.000322512
3;-0.00244769
4;0.003330108
5;-0.007337515
1;0.009066153
2;-0.000982585
3;-0.001305959
4;-0.001154735
5;0.003341676
1;0.006784607
2;-0.002880366
3;-0.001958666
4;0.003593576
5;-0.000471658
1;-0.003290948
2;0.002077089
3;-0.009559881
4;0.010133275
5;-0.003411474
1;-0.006159922
2;-0.018728104
3;0.004430146
4;0.011724349
5;0.004733052
1;0.000899807
2;0.010651058
3;-0.001764514
4;-0.00079084
5;0.004182666
1;-0.000754609
2;-0.011761367
3;0.000101838
4;-0.00788915
5;0.001572569
1;0.008130956
2;-0.005623385
3;-0.010378049
4;-0.011600857
5;0.0046045
1;0.018276957
2;-0.00624938
3;-0.023307039
4;0.00348283
5;0
1;0
2;-0.022634875
3;0.006963333
4;0.013362678
5;-0.010332507
1;0.002562269
2;0.017615667
3;-0.003769885
4;-0.000121846
5;0.004793007
1;-0.018640488
2;0.007718652
3;0.001645025
4;0.005197263
5;0.004928084
1;-0.006825965
2;0.012883295
3;-0.009351597
4;0.001475093
5;-0.019524859
1;0
2;-0.01793138
3;-0.004420515
4;0.002510363
5;0.005665738
1;-0.019926391
2;-0.005117822
3;-0.005957833
4;-0.012453971
5;-0.013351132
1;0.006980666
2;0.018454361
3;-0.025662861
4;0.015768235
5;0.000261643
1;0.000896543
2;0.006476008
3;-0.017552189
4;0.004445205
5;-0.011473413
1;0
2;0
3;0.023281117
4;0.011761692
5;-0.002333938
1;-0.000496894
2;0.007573779
3;0.001843487
4;-0.00304998
5;0.002137788
1;0.002242501
2;0.017188572
3;0.006423661
4;-0.009992307
5;-0.009512621
1;-0.011491863
2;-0.000679042
3;0.014019134
4;-0.005591373
5;0.014117711
1;0.012379972
2;0.008315506
3;-0.000562776
4;0.001423913
5;-0.005283935
1;-0.006253397
2;0.006518258
3;7.06E-05
4;-0.009970986
5;0.010253407
1;-0.00065322
2;-0.005898259
3;0.010022267
4;0.004982466
5;-0.010980226
1;-0.021081267
2;-0.006290184
3;-0.000163674
4;0.013530442
5;0.009642587
1;0.011730754
2;-0.010292352
3;0.013658886
4;-0.008879101
5;0.021835691
1;0.003708148
2;0.005562246
3;0.000804306
4;0.000957478
5;-0.000752227
1;-0.002602964
2;0.005625533
3;-0.005436933
4;0.000257124
5;0.003063261
1;-0.004795844
2;0.005666902
3;-0.014323173
4;0.000415556
5;0
1;0
2;-0.000155813
3;-0.005590681
4;-0.004187392
5;-0.001399703
1;0.008177972
2;-0.015117869
3;-0.002488991
4;0.020883647
5;0.003024518
1;-0.000276148
2;-0.000172631
3;-0.001745246
4;0.006516141
5;0.01630985
1;-0.003742881
2;-0.004302106
3;0.003453353
4;-0.005773619
5;-0.00034167
1;-0.002360711
2;0.003573111
3;-0.015755671
4;0.001957134
5;-0.006474874
1;0.013561172
2;-0.00189166
3;0.00280182
4;0.000343242
5;0.007385406
1;-0.005003127
2;-0.005389646
3;-0.005799619
4;0.009150109
5;-0.006280617
1;0.002120892
2;0.01111684
3;0.006858295
4;0.00104836
5;-0.003538388
1;-0.002258238
2;-0.014554055
3;0.001189378
4;5.17E-05
5;0.000275582
1;-0.00199969
2;0.009411834
3;-0.011553865
4;0.013603081
5;0.001142321
1;-0.005039429
2;0.007813073
3;-0.015981156
4;-0.002679877
5;-0.001108628
1;-0.000416053
2;0.003289021
3;-0.01117466
4;-0.007754561
5;-0.012797736
1;0.023292335
2;0.001810932
3;0.000678255
4;0.006757368
5;0.004840622
1;-0.00558343
2;0.002244011
3;0.000620529
4;0.011479019
5;-0.000596399
1;0.000749702
2;-0.000374781
3;0.003928209
4;0.00157714
5;0.002200444
1;0.001216627
2;0.000574004
3;0.003521219
4;-0.002745149
5;-0.0013163
1;-0.001622444
2;0.004000647
3;0.004320242
4;-0.000553696
5;-0.003076072
1;0.00238772
2;0
3;0
4;1.68E-05
5;-0.004865452
1;-0.004668795
2;0
3;0.02173634
4;0.003296151
5;0.007003349
1;-0.004146652
2;-0.001815452
3;0.007422497
4;0.000459009
5;0.003288858
1;-0.002240485
2;0.001537807
3;-0.002176529
4;0.004641896
5;0.003581083
1;0.004312798
2;-0.000291257
3;0.002973307
4;0.010800506
5;0.003123658
1;0.001574065
2;0.007092228
3;-0.002542983
4;-0.007333366
5;0.011137543
1;-0.015944438
2;0.005746408
3;0.001987582
4;-0.010683845
5;0.005683516
1;0.002105096
2;0.00971828
3;0.003260487
4;-0.004997449
5;0.000142228
1;-0.00159728
2;0.009592664
3;0.00255196
4;-0.016379466
5;0.007000789
1;0.00310454
2;-0.013464697
3;0.008812169
4;0.005501839
5;0.002794482
1;-0.005186978
2;0.013523873
3;-0.000684314
4;0.001803091
5;0.006871603
1;0.003079958
2;0.001075748
3;-0.004479653
4;0.00736309
5;-0.006098751
1;-0.004912117
2;-0.002573804
3;-0.001336026
4;-0.006879205
5;0.000657205
1;-0.002255075
2;0.003286954
3;-0.001845625
4;0.003765835
5;0
1;0
2;0.012245937
3;-0.010905538
4;-0.011939598
5;-0.014975784
1;0.004326765
2;0.005766452
3;0.01168462
4;0.004483157
5;-0.004952942
1;-0.006411084
2;-0.006166905
3;-0.009626493
4;-8.01E-05
5;0.006847429
1;-0.000954867
2;0.019785144
3;0.004003775
4;0.001677748
5;-0.002517679
1;0.004905166
2;-0.004329582
3;0.003291571
4;0.00145601
5;0.00936674
1;0
2;0.005474522
3;0.003987586
4;0.001396457
5;0.004887396
1;0.001025889
2;0.008154484
3;0.001121101
4;-0.000866875
5;0.005264387
1;0.004822433
2;0.007124187
3;0.005335613
4;-0.02120179
5;-0.006366538
1;0
2;0.016055442
3;-0.020136312
4;0.00448654
5;-0.011163174
1;-0.00884948
2;0.005120887
3;-0.021468088
4;-0.01304564
5;0.011907798
1;-0.001795122
2;-0.009481571
3;-0.006424276
4;0.000809261
5;0.000586701
1;0.003512995
2;0.006879371
3;-0.003992774
4;-0.030270213
5;-0.007054617
1;-0.014343243
2;0.012002452
3;0.010369038
4;0.012555669
5;-0.004478734
1;0.014740791
2;-0.000618473
3;-0.011808208
4;0.030322599
5;-0.007220361
1;0.011633115
2;0.009719899
3;-0.001244421
4;0.005885796
5;0.000229212
1;0.006275247
2;-0.004519696
3;0.002361312
4;0.00946525
5;-0.000557855
1;-0.001131742
2;-0.003903005
3;0.003480159
4;-0.004905979
5;-0.005052207
1;0.000838728
2;0.001629694
3;0.007595491
4;0.009155825
5;-0.005116329
1;-0.00426607
2;-0.002329135
3;-0.014182039
4;0.002837229
5;0.008190329
1;-0.001383221
2;0.005702947
3;-0.003712322
4;-0.015929093
5;0.002572537
1;-0.005290895
2;-0.001888662
3;-0.009763163
4;0.008739939
5;0.006986658
1;0
2;-0.007902246
3;-0.001693717
4;0.008208701
5;-0.010887204
1;0.014443982
2;-0.005826786
3;0.000973492
4;0.008872136
5;0.002278341
1;-0.002538616
2;0.008128328
3;0.000668064
4;9.11E-05
5;-0.000789506
1;0.005921254
2;-0.007989067
3;-0.001736614
4;0.010103088
5;-0.004386702
1;-0.005929863
2;0.002147934
3;-0.003048086
4;0.002149866
5;-0.008089781
1;-0.0077843
2;-0.000340499
3;-0.003489052
4;0.001784814
5;0.000759519
1;-0.002575402
2;-0.011169286
3;-0.004392428
4;0.014504812
5;0.008778709
1;0.003155087
2;0.006341544
3;0.003429698
4;0.000699737
5;0.007030971
1;0.004760192
2;0.006217295
3;-0.003171234
4;0.005781442
5;0.001205851
1;0.000669289
2;0.007244208
3;0.000442726
4;-0.006854666
5;0.00049012
1;0.004282027
2;-0.002486974
3;-0.0007562
4;-0.00662259
5;0.001670944
1;0.002976901
2;-0.000237826
3;-0.014494743
4;0.005430177
5;0.004086985
1;0.004486886
2;-0.003799878
3;-0.00252633
4;2.99E-05
5;-0.00104825
1;0.003036901
2;-0.008761721
3;0.002002153
4;0.000751654
5;-0.000586241
1;-0.008349802
2;-0.009582864
3;-0.003434954
4;-0.001798852
5;0.008229742
1;0.001144034
2;-0.005533998
3;-0.002394292
4;-0.009634908
5;-0.000822643
1;0.012683202
2;-0.005534899
3;0.00090921
4;0.014162723
5;0.003320373
1;0.010839235
2;0.002333095
3;0
4;0
5;0.008434349
1;-0.002907539
2;0.002640873
3;0
4;-0.004633557
5;0.001903544
1;0
2;0.003677838
3;-0.005001012
4;-0.004547801
5;0.007236913
1;0.002563515
2;0.001434476
3;0.007801729
4;-0.000660052
5;0.002037422
1;0.00108298
2;-0.000351108
3;-0.001171252
4;-0.007794386
5;-0.016313527
1;-0.017102972
2;0.003291933
3;-0.004269406
4;-0.00088666
5;-0.004306883
1;-0.006889617
2;-0.002539684
3;0.00133259
4;0.015427235
5;0.002041128
1;0.00302356
2;0.012228464
3;0.000344629
4;-0.002339814
5;0.000630489
1;0.010806398
2;0.008926783
3;4.41E-05
4;0.002395352
5;0.003677363
1;0.004057215
2;-0.005169253
3;-0.004592919
4;0.001631214
5;-8.81E-05
1;-0.014987594
2;0.017056029
3;-0.007118096
4;0.001931598
5;-0.01122875
1;-0.003462122
2;-0.000598131
3;-0.00970969
4;-0.010186278
5;-0.003959735
1;0.006184973
2;0.005602085
3;-0.004886794
4;-0.004681492
5;0.002259612
1;-0.005627959
2;0.012876074
3;6.06E-05
4;-0.002577008
5;0.004135148
1;-0.002603301
2;0.00818056
3;0.000961567
4;-0.001487816
5;0.006969087
1;-0.010932353
2;-0.004858677
3;0.006789529
4;0.00096403
5;-0.012163407
1;0.003362371
2;-0.006430302
3;0.006491056
4;0.006222814
2;0.008491758
3;-0.001063153
4;0.004230928
5;-0.00258427
1;0.00216646
2;0.010348939
3;0.001490786
4;0.004253478
5;0.001980736
2;-0.003494607
3;-0.000323648
4;0.006292327
5;-0.003618018
1;0.005444022
2;0.00310385
3;0.000785363
4;-0.005481303
5;0.002175707
1;-0.001634989
2;-0.006243334
3;0.002789402
4;-5.86E-05
5;-0.000703998
2;0.004260403
3;0.00091997
4;0.002929497
5;-0.003907907
1;0.002859521
2;-0.004058281
3;-0.002592477
4;-0.000748234
5;0.006539078
1;0.002446627
2;-0.000203657
3;-0.005061086
4;0.000613945
5;-0.009573526
1;-0.003443565
2;0.001804547
3;0.001742289
4;0.004342489
5;0.002508565
1;-0.003610801
2;-0.001987092
3;-0.007913833
4;0.000222739
5;0.003364736
1;-0.002059001
2;0.008710599
3;0.001982481
4;0.007133699
5;0.000131087
1;-0.006223723
2;-0.012535188
3;-0.003046857
4;-0.006810876
5;0.002664154
1;0.008320791
2;-0.005291096
3;0.010996613
4;-0.00686241
5;0.00166076
1;-0.003131054
2;0.009893823
3;0.000426675
4;0.003421518
5;-0.004392835
1;-0.000515475
2;0.002897934
3;-0.005065837
4;-0.006413174
5;-0.007591782
1;-0.000254554
2;0.000748503
3;-0.006952659
4;-0.005863878
5;-0.004557616
1;0.009909022
2;-6.03E-05
3;0.003657137
4;0.00428722
5;0.00056825
1;0.007773449
2;0.005621067
3;-0.003516864
4;0.003280823
5;-0.000354165
2;0.006986299
3;0.001157213
4;-0.003651968
5;0.002054956
1;0.00080615
2;0.00057124
3;0.00648045
4;0.000639926
5;-0.003335011
1;-0.002965692
2;-0.000848959
3;0.000161065
4;-0.004475528
5;0.001087708
1;-0.000411426
2;-0.001765174
3;-0.001665058
4;0.005646991
5;0.00272384
1;-0.009447964
2;-0.014498719
3;0.004513398
4;-0.009980601
5;0.001459843
1;-0.000421179
2;-0.003602304
3;-0.009893709
4;-0.017087597
5;0.012563463
1;0.005469169
2;-0.010429444
3;-0.002065066
4;-0.007789974
5;-0.014391216
1;0.004123977
2;0.004153969
3;-0.028738203
4;-0.002530729
5;0.018295436
1;-0.006869491
2;0.016646744
3;0.004290642
4;0.003042385
5;-0.004762695
1;-0.003952264
2;0.006063141
3;0.008042918
4;0.001501839
5;0.012744118
1;-0.008976239
2;-0.005254223
3;0.013099448
4;0.001848698
5;0.002439323
1;0.006692744
2;0.002432264
3;-0.002477642
4;0.003699095
5;0.002844267
1;0.002641375
2;0.005545149
3;-0.001864879
4;-0.002646632
5;0.010707713
1;-0.003115591
2;0.000193152
3;-0.000282312
4;-0.000862287
5;-0.000118994
1;-0.009896187
2;0.012792651
3;-0.003789375
4;-0.005553911
5;0.009447106
1;-0.010525628
2;-0.02161927
3;-0.004528194
4;-0.005909736
5;-0.025247574
1;-0.018889798
2;0.023829487
3;0.00074201
4;0.020231114
5;0.012189556
1;0.004785865
2;0.003263785
3;0.001771641
1;0.003564043
2;-0.013125639
3;0.002913119
5;-0.002790934
1;-0.02014723
2;-0.007932017
3;0.008337097
4;0.023126868
5;-0.010542439
1;4.61E-05
2;0.006255962
3;-0.023774001
4;0.017118045
5;0.007893306
1;0.005359412
2;0.005240213
3;0.016167447
4;0.010144564
5;0.005312059
1;0.00286441
2;-0.005971915
3;0.002097159
4;-0.002243979
5;-0.00902661
1;0.004906897
2;0.013065571
3;-0.001718639
4;0.000859689
5;-0.001822251
1;-0.002366588
2;-0.001185398
3;-0.001597386
4;0.001450943
5;0.006626988
1;-0.002388826
2;0.0059614
3;0
4;-0.001334591
5;0.003810467
1;-0.000433921
2;0.005396138
3;-0.002045373
4;0.002059763
5;-0.000431767
1;-0.000878501
2;-0.007447774
3;0.004359704
4;0.006037352
5;-0.007107412
1;-0.005120294
2;-0.025584452
3;0.002785994
4;0.005874255
5;-0.003036657
