3;0,007232162
4;0,003247947
5;-0,009846082
1;-0,008451402
2;0,002128415
3;0,016169069
4;-0,00454308
5;-0,007029906
1;-0,016502259
2;-0,013284435
3;0,001089602
4;0,006116006
5;0,001658256
1;-0,001658256
2;-0,003324784
3;-0,002210586
4;0,004524649
2;-0,002929637
3;-0,003337932
4;-0,00488179
5;-0,000584496
1;0,007281762
2;0,012760149
3;0,018734581
4;0,020527458
5;-0,003415151
1;0,000276405
2;-0,010801904
3;0,002371818
4;0,013701688
5;0,010018377
1;0,009716868
2;0,004034975
3;-0,040297803
4;0,022659945
5;-0,011542157
1;-0,007525743
2;0,020671859
3;0,006593505
4;-0,006423023
5;0,001328768
1;0,000340426
2;-0,001703288
3;-0,002389487
4;-0,003766483
5;-0,001029689
1;-0,006891826
2;-0,001730404
3;-0,002080445
4;0,003810848
5;-0,002076844
1;-0,005211059
2;0,003129893
3;0,015846008
4;0,007490672
5;0,008780874
1;0,013360252
2;-0,001328021
3;-0,006666691
4;0,003338901
5;-0,0010005
1;-0,021245109
2;0,009498036
3;-0,000675448
5;-0,001352265
1;-0,000676819
2;-0,004070562
3;0,005761751
4;0,012092858
2;0,0083126
3;0,010540282
4;0,004902772
5;0
1;-0,003593014
2;-0,013507041
3;0,00099453
4;-0,002986563
5;-0,007673099
1;-0,011790603
2;-0,002035279
3;0,004066424
4;-0,001015057
5;-0,002711866
1;0,004065046
2;-0,001691762
3;-0,003731981
4;0,014510125
5;-0,008410479
1;0,005390849
2;-0,003703085
3;-0,005750058
4;-0,010571283
5;0,00273879
1;0,001707942
2;0,01355953
3;0,019340383
4;0,006583302
5;0,003602427
2;-0,003602427
3;0,011417511
4;0,015768629
5;0,008583744
1;-0,001901141
2;0,001901141
3;0,004106782
4;-0,008548414
5;0,009178732
1;-0,006321134
2;0,015416382
3;-0,005949603
4;0,002196079
5;0,003128914
2;0,008709231
3;0,001547269
4;0,003703708
5;0,001231527
1;0,00796817
2;0,004872117
3;-0,002433091
4;-0,003355196
5;0,001526485
1;0,012430052
2;0,011086256
3;0,002083644
4;-0,002083644
5;0,000297929
1;0,008306188
2;0,006771703
3;0,009345862
4;0,008106588
5;0,011182912
1;-0,005432465
2;-0,007193241
3;0,018595873
4;-0,001418239
5;0,004813828
1;0,005352879
2;-0,018146231
3;0,007127614
4;-0,010566998
5;0,000574053
1;-0,01154414
2;-0,002033998
3;0,008688152
4;-0,015400566
5;-0,017427704
1;-0,077092158
2;-0,002900888
3;0,015057148
4;-0,017319227
5;-0,004214628
1;-0,01242252
2;0,00884237
3;0,035552183
4;0,00157208
5;-0,019350326
1;-0,022676709
2;-0,003939598
3;-0,028697331
4;-0,028499783
5;0,016238049
2;0,053381585
3;-0,020680205
4;0,016121422
5;0,007478494
1;-0,006825965
2;-0,003921574
3;-0,004923693
4;-0,002306046
5;0,004935032
1;0,013042246
2;-0,001296597
3;0,007110566
4;-0,003872222
5;-0,010073196
1;-0,014142647
2;-0,007647585
3;-0,005354765
4;0,001341382
5;-0,017921021
1;-0,024172448
2;-0,019054917
3;-0,010385053
4;-0,003967544
5;-0,002533021
1;0,011169275
2;0,040033436
3;-0,014912709
5;-0,004201687
1;0,025975486
2;-0,004111003
3;-0,014174827
4;0,004169568
5;0,0106916
1;0,000342994
2;0,011253316
3;0,003047234
4;-0,002708194
5;0,013802609
1;0,007992051
2;0,021654389
3;-0,012739026
4;0,002626397
1;0,004253237
2;-0,017122578
3;-0,006998862
4;-0,007385062
5;0,003363609
1;-0,003700593
2;-0,000337098
3;-0,003715593
4;-0,007813867
5;0
1;0,005781346
2;0,01647927
3;0,002664892
4;-0,005336904
5;0,006002019
1;0,011239788
2;-0,003622596
3;-0,005956338
4;0,003313456
5;-0,002318266
1;-0,006987219
2;0,001001168
3;-0,004010701
4;-0,002682765
5;-0,004374902
1;0,018379799
2;0
3;0,015116949
4;0,019380452
5;0,011766712
1;-0,004436002
2;-0,001589068
3;0,005076153
4;-0,003169575
5;-0,00796817
1;-0,023964877
2;0,004904375
3;0,005529368
4;-0,001623113
5;0,000324834
1;-0,006189953
4;0,001958864
5;-0,002939738
1;-0,010853585
3;0,00231214
4;-0,008947864
5;0,013884521
1;-0,006587639
2;-0,005633818
3;0,005964232
4;0,002639394
5;0,007549683
1;-0,006890921
2;-0,012257897
3;-0,005347606
4;0,033935063
5;-0,00487093
1;-0,001955035
2;-0,001305483
3;0,009102794
4;0,016051709
5;0,020801254
1;-0,00249844
2;-0,001877935
3;0,00250313
4;0,013348018
5;-0,006186224
1;0,008342394
2;0,028811697
3;0,00596127
4;-0,009555164
5;0,007770511
1;0,010365856
2;0,000294594
3;0,004994869
1;0,017720144
2;-0,001729107
3;0,007184971
4;-0,004304785
5;-0,000575374
1;0,012866511
2;0,003403293
3;-0,005678607
4;0,011325149
5;0
1;0,003372684
2;0,010050336
3;0,012971066
4;0,003011638
5;-0,001367802
1;0,004370398
2;-0,003002595
3;-0,00658258
4;-0,00192811
5;0,025855298
1;0,000537201
2;0,007224112
3;-0,018294834
4;-0,005991303
5;0,014911487
1;0,001075847
2;-0,009996031
3;0,002169787
4;0,014524193
2;0,011680515
3;0,020893944
4;-0,005182701
1;-0,009659389
2;-0,014533219
3;0,005309277
4;-0,019786742
5;0,010476926
1;-0,007510765
2;0,000807428
3;-0,008103772
4;0,003249394
5;-0,008688624
1;-0,023452585
2;-0,003635859
3;0,010036326
4;-0,003055982
5;0,0085885
1;-0,0002759
2;-0,009983444
3;0,011913148
4;0,02582718
5;0,002947878
1;-0,008869834
2;0,009939639
3;0,001602564
4;-0,000800961
5;0,001601281
1;0,004523089
2;0,004766958
3;0,001056245
4;0,018305951
5;0,005942402
1;0,00897557
2;-0,022722382
3;-0,000783801
4;-0,012625102
5;-0,020051467
1;-0,035178126
2;0,005300612
3;0,0085885
4;0,014786688
5;0,007581948
1;-0,005138618
2;-0,005710417
3;0,006252569
4;-0,003257332
5;-0,01120996
1;-0,004408935
2;0,002757862
3;-0,001102232
4;0,0013776
5;0,001925458
3;-0,003578806
4;-0,009142604
5;-0,007823454
1;0,001121391
2;0,009758895
3;0,00828963
4;-0,001376842
5;0,010689426
1;0,018904155
2;0,009054656
3;0,006342516
4;0,014125268
5;0,010850016
1;-0,003088011
2;0,006166515
3;-0,000768738
4;-0,002309766
5;0,005892165
1;0,007633625
2;0,013095125
3;-0,008795131
4;0,003527341
5;0,008265545
1;-0,005251982
2;0,005251982
3;0,004728141
4;-0,003980105
5;0,004724614
1;-0,003728102
2;-0,006244556
3;0,004500008
4;0,005224542
5;0,007170262
1;0,000984979
2;-0,010390989
3;0,009898621
4;-0,00370051
5;-0,005452306
1;0,011366567
2;-0,004432413
3;0,006641274
4;-0,001472032
5;-0,002458212
1;-0,087660459
2;0,033292375
3;0,003890551
4;0,046037467
5;-0,005950923
2;-0,009997584
3;-0,003270855
4;-0,002018164
5;0,009550211
1;0,006233657
2;0,000497018
3;-0,004731674
4;-0,004002006
5;-0,005025136
1;-0,007585371
2;0,004810745
3;0,001766562
4;0,001008065
5;0,001007049
1;-0,00529836
2;-0,003801804
3;-0,009696427
4;-0,009532469
5;0,01209329
2;-0,001535705
3;-0,000768738
4;0,006642845
5;0,002797205
1;0,004737364
2;0,016841237
3;0,0094485
4;0,007675839
5;-0,006298191
1;-0,001796238
2;0,001599548
3;0,002333207
4;-0,004967671
5;-0,009462308
1;0,00104475
2;0,002879843
4;-0,003825046
5;-0,000622332
1;-0,004292173
2;-0,004260445
3;0,009921237
4;-0,008014324
5;-0,004371207
1;0,004195723
2;0,002879069
3;0,004962542
4;0,004640955
5;-0,000222869
1;0,011132023
2;0,015432593
3;0,006514368
4;0,002656044
5;0,012326044
1;-0,001346324
2;0,00520988
3;-0,002990595
4;-0,006862633
5;0,014146842
1;-0,017262369
2;0,014894949
3;-0,014252023
4;0,007990085
5;0,002005262
1;-0,005293143
2;-0,004416591
3;-0,005440632
4;-0,008096238
5;0,001012609
1;-0,013439954
2;0,007300368
3;0,008979061
4;-0,001057845
5;0,007858963
1;0,003145406
2;-0,01798044
3;-0,007561886
4;-0,000292926
5;0,01442187
1;0,003890869
2;0,003183077
3;-0,001745848
4;0,001220023
5;-0,009657269
1;0,000844523
2;0,011200635
5;0,010297872
1;0,009164244
2;0,005156034
4;0,001046621
5;0,001231284
1;-2,32E-05
2;0,009451364
3;-0,002348716
4;-0,00073799
5;0,003316676
1;-0,005302728
2;0,009593448
3;0,003451314
4;0,006685794
5;0,009653847
1;0,012403398
2;0,002590589
3;0,006282466
4;0,016368262
5;-0,005571287
1;-0,009918376
2;0,006913932
3;-0,003319723
4;8,75E-05
5;0,006606153
1;0,015161118
5;0,008376454
1;0,004700909
2;-0,012563807
3;0,012310268
4;0,006550219
5;0,001845677
1;-0,011189075
2;0,005894612
3;-0,004518207
4;-0,002054715
5;0,004337484
1;-0,004422305
2;0,009413523
3;0,007221457
4;0,020723564
5;0,006921711
1;0,004675507
2;-0,008333973
3;0,008798305
4;0,001976046
5;-0,011222417
1;-0,012359881
2;0,014415254
3;0,017531935
4;0,00732429
5;0,005615993
1;-0,002230756
2;-0,002869783
3;-0,001844964
4;-0,00907583
5;0,005036787
1;0,008990921
2;-0,001740266
3;-1,98E-05
4;-0,002874163
5;-0,00599287
1;-0,005868291
2;-0,008067325
3;-0,005747201
4;0,002908191
5;-0,001544559
1;-0,004035222
2;0,006006146
3;-0,020259048
4;-0,020551105
5;0,039733738
1;-0,006523845
2;-0,001146062
3;0,020791865
4;0,019188575
2;0,002044066
3;0,018654318
4;0,01886128
5;0,007986481
1;0,007774287
2;0,009559877
3;-0,011311289
4;0,001341782
5;0,021117813
1;0,023356621
2;0,003094711
3;-0,008918756
4;0,008634585
5;-0,003808579
1;0,004288072
2;0,012982843
3;0,009089465
4;-0,001999218
5;-0,007335637
1;-0,011885588
2;0,000904311
3;0,019586446
4;0,019244273
5;-0,001006371
1;0,0225104
2;0,009796512
3;-0,006564684
4;-0,004066469
5;0,015263424
1;-0,003988074
2;0,000561269
3;-0,00363733
4;-0,00026505
1;-0,009488527
2;-0,006477076
3;-0,00382874
4;-0,015497585
5;-0,001270866
2;0,004748892
3;-0,000119731
4;-0,008589495
5;-0,00146758
1;0,005565382
2;0,013313276
3;0,011346229
4;0,018848273
5;0,005643152
1;-0,009070804
2;0,007564706
3;0,005049567
4;-0,010009503
5;-0,001944692
1;-0,006138998
2;-0,018917015
3;0,011770974
4;-0,009473172
5;0,009389583
1;0,017319966
2;0,001855029
3;0,004630736
4;0,006022154
5;-0,005597789
1;-0,023377817
2;0,003984368
4;-0,015627938
5;-0,024706133
1;-0,018956256
2;0,020652433
3;0,012835338
4;-0,004706052
5;0,008761125
1;0,005020448
2;-0,008648794
3;-0,003179218
4;0,004117377
5;-0,002458136
1;0,002901323
2;0,003215738
3;-0,001291858
4;-0,003766098
5;-0,005907703
1;-0,026928219
2;0,001287126
3;-0,009702969
4;-0,025005807
5;0,005058695
1;-0,021743377
2;-0,018610587
3;0,034784339
4;-0,003309112
5;0,030283757
2;0,014638451
3;0,004001368
4;-0,00209479
5;-0,002624673
1;-0,007580124
2;0,006370457
3;0,004620401
4;-0,01679824
5;-0,016886576
1;0,012544469
2;0,008276399
3;-0,003667973
4;0,000851743
5;0,009075562
1;0,009133283
2;-0,000226447
3;-0,004819791
4;-0,009480078
5;0,004848003
1;-0,015775714
2;-0,002737252
3;-0,013799791
4;0,004241365
5;0,011974038
2;-0,007588501
3;0,00644405
4;-0,006011952
5;0,00738871
1;0,022770209
2;0,005312815
3;0,008769483
4;0,018225138
5;0,01205168
1;0,017325198
2;-0,000229915
3;0,018292697
4;0,020463603
5;-0,01057858
1;-0,03245721
2;0,025326055
3;-0,014743078
4;-0,001551717
5;0,01189465
1;0,006520765
2;-0,005439081
3;0,020443424
4;0,003535022
5;-0,00518054
1;-0,007486385
2;0,00082928
3;0,023458945
4;0,003900822
5;-0,012564842
1;-0,011341679
2;-0,03332215
3;-0,040250725
4;0,001213292
5;0,00388628
1;0,002853941
2;0,013061066
3;-0,009082562
4;-0,000895898
5;0,012353202
1;-0,029856506
2;-0,0546267
3;-0,016493859
4;-0,083494896
5;0,056601386
1;-0,014589308
2;0,0020396
3;0,025974501
4;-0,012343393
5;-0,003913751
1;0,00275642
2;0,009089683
3;0,018674018
4;-0,01610011
5;-0,026003632
1;0,009544691
2;0,01047428
3;0,003824529
4;0,023049348
1;0,016348542
2;-0,015962729
3;0,004362177
4;0,00810547
1;-0,013625533
2;0,020062935
3;0,006951271
4;-0,00707745
5;-0,003195843
1;0,025620225
2;-0,000317337
3;0,018760376
4;0,019111209
5;-0,003128722
1;0,001735609
2;0,002699515
3;-0,003549928
4;0,006343628
2;0,001571198
3;0,002731045
4;-0,023058819
5;-0,009190175
1;-0,009363168
2;-0,006214645
3;0,008493628
4;0,011698483
5;-0,005344822
1;0,006849401
2;0,000483751
3;0,007931156
4;0,003660439
5;0,000204862
1;0,032116704
2;0,002674372
3;0,003604023
4;0,016196665
5;-0,002719108
1;0,009966217
2;-0,01335927
3;0,004624042
4;0,004232093
5;0,023591597
1;0,007340749
2;-0,008569463
3;0,014459441
4;0,004835569
5;0,005396834
1;-0,003172894
2;0,00397223
3;-0,00300081
4;-0,018149375
5;-0,032118339
1;-0,052535989
2;0,021192891
3;-0,003635362
4;0,01548792
5;0,006095772
1;-0,004659097
2;0,009525446
3;0,015279855
4;0,005586248
5;0,014982446
1;-0,002905831
2;0,013135136
3;-0,00275099
4;0,00312554
5;-0,000702395
2;-0,009980311
3;-0,009364299
4;0,000636568
2;0,020860492
3;0,056269053
4;-0,008534482
5;-0,005182748
1;-0,002541601
2;-0,006261893
3;0,019378688
4;-0,001360182
5;-0,001228711
1;0,013959496
2;-0,001300913
3;0,008447595
4;-0,001567603
5;-0,007816527
1;-0,005932208
2;0,005463612
3;0,000292899
4;-0,004961551
5;0,000411953
1;-0,008731357
2;0,015138863
3;0,023201422
4;0,015051945
5;-0,014666448
1;0,016816397
2;0,003531047
3;-0,00777919
4;0,003532006
5;0,007138388
1;0,014111951
2;0,013155838
3;-0,002513947
4;0,013178627
5;-0,006641947
1;-0,003480007
2;0,000488202
3;-0,007293542
4;-0,02308544
5;0,000335369
1;-0,004593138
2;0,018770886
3;0,010877714
4;-0,010753749
5;0,000839798
2;0,002309248
3;0,00292015
4;-0,015965676
5;0,001626141
1;-0,027767828
2;0,00613512
3;0,002253834
5;-0,006890847
1;0,018924178
2;-0,005696023
3;-0,001154377
4;0,014834557
5;0,001733307
1;-0,001733307
2;-0,005162217
3;-0,003801701
4;-0,002622079
5;-0,007299405
1;-0,016829652
2;0,000503282
3;-8,63E-05
4;0,00330128
5;-0,007667061
1;-0,016231641
2;0,004846099
3;-0,000993658
4;-0,011764842
5;-0,001435942
1;0,015843487
2;0,00115126
3;0,005403377
4;-0,000478153
5;0,012830566
1;0,005706964
2;0,025674125
3;-0,006622172
4;0,019804817
5;0,012146256
1;-0,001975777
2;-0,007123467
3;0,003785562
4;-0,002449447
5;0,007154573
1;0,013063122
2;0,005233627
3;0,00426779
4;0,005841916
5;-0,007907267
1;-0,021026903
2;-0,008249515
3;-0,008510806
4;0,024942338
5;-0,003509932
2;0,016924539
3;-0,000993911
4;-0,006477939
5;0,002479076
1;0,00101119
2;0,003584138
3;0,00797164
4;-0,002672127
5;0,000882723
1;-0,015594729
2;-0,000280938
3;0,00199162
4;-0,009485611
1;-0,003714037
2;0,014067235
3;-0,002190435
4;0,013559395
5;-0,007401017
1;-0,009748228
2;0,002466059
3;0,010731317
4;0,016431385
1;0,008832456
2;0,016037439
3;0,02163354
4;0,003128805
5;-0,007615576
1;0,023041185
2;0,007454871
3;0,004774433
4;0,014295022
5;0,040945614
1;0,030021754
2;-0,018969411
3;0,004661068
4;-0,002260269
5;-0,018566605
1;0,005512744
2;0,002665393
3;0,012693667
4;0,011957605
5;0,03477018
1;0,031661601
2;0,001421745
3;-0,030620976
4;-0,015864966
5;-0,022855877
1;0,019929242
2;-0,009799438
3;0,025731982
4;0,036782707
5;0,00273533
1;0,003293099
2;-0,005108936
3;-0,01841569
4;-0,018214744
5;-0,007688499
1;-0,010122411
2;-0,014786116
3;0,022119638
4;0,005203959
5;-0,001282279
1;-0,028612127
2;0,012394028
3;0,014016073
4;-0,001708829
5;0,006065007
1;0,033360937
2;0,013118976
3;0,001395817
4;0,024326825
5;0,023524212
1;0,002002276
2;-0,022408326
3;-0,007632707
4;0,038890777
5;0,021924871
1;0,02299984
2;-0,027228697
3;0,017304257
4;0,016045404
5;0,014470395
2;0,046925902
3;-0,010460565
4;0,036673591
5;0,000917281
1;0,016525992
2;0,009436984
3;-0,002724775
4;-0,066574907
5;-0,034194802
1;0,032673996
2;-0,018746081
3;-0,040529589
4;-0,051348813
5;0,057082528
1;0,001724842
2;0,02061456
3;0,030929794
4;-0,008750045
5;0,017127534
1;0,012203365
2;-0,009458301
3;-0,022112161
4;0,020326547
5;-0,008105716
1;0,009551873
2;0,029160637
3;-0,003481181
4;0,005525273
5;0,025533798
1;-0,063087533
2;0,003480789
3;0,004347056
1;-0,045818229
2;0,002136258
3;-0,034947011
4;0,014238804
5;0,003636788
1;-0,034717617
2;0,020587083
3;0,00832203
4;-0,031254903
5;-0,032312879
1;0,030220968
2;-0,025470037
3;-0,027066738
4;-0,007662873
5;0,011785007
1;0,014354745
2;0,022893288
3;-0,006842465
4;-0,009364551
5;-0,02230212
1;0,007482761
2;-0,011741897
3;-0,014603869
4;-0,021577549
5;-0,040852216
1;-0,052294869
2;0,039056505
3;0,049074395
4;-0,015405148
5;-0,009334479
1;-0,004036639
2;0,030317521
3;-0,026497491
4;-0,02215608
3;0,022383519
4;0,005572308
5;0,001323712
1;0,019025874
2;0,02719932
3;0,001610926
4;-0,015831356
5;-0,006741
1;-0,003077265
2;-0,021573665
3;-0,008950176
4;-0,031552112
5;0,024576314
1;-0,002274095
2;0,020851351
3;-0,023350065
4;0,005449664
5;-0,02173375
1;-0,018733169
2;-0,013799793
3;-0,036335639
4;0,005184045
5;0,024353645
1;-0,023308179
2;0,013961009
3;0,041974946
4;-0,003069988
5;0,028402673
1;0,012910703
2;-0,022812101
3;0,046646651
4;-0,012914642
5;0,0291384
1;-0,004349326
2;-0,010450884
3;0,003292747
4;-0,004178272
5;-0,001224158
1;0,005633462
2;0,003145118
3;-0,004353374
4;-0,030940208
5;0,001300348
1;0,015974729
2;-0,014503043
3;0,004671217
4;-0,010886493
5;-0,008676797
3;0,004194807
4;-0,013933443
5;0,010045903
1;-0,012787136
2;-0,015726131
3;0,002142705
4;0,010087736
5;-0,009614704
1;-0,026643901
2;0,003002138
3;-0,003835096
4;0,013575935
5;-0,014259015
1;-0,000706726
2;-0,000591253
3;-0,019710091
4;0,004248847
5;-0,006842421
1;-0,004528202
2;0,023148964
3;0,027257089
4;-0,002335973
5;0,034446344
1;0,008388541
2;-0,005322062
3;0,004778069
4;-0,007767772
5;0,003864115
1;0,002357102
2;0,002155807
3;0,022349101
4;5,32E-05
5;0,008482749
1;0,020964428
2;0,001166229
3;-0,01131702
4;0,005928624
5;-0,004229654
1;-0,006718903
2;-0,009639619
3;0,018013023
4;-0,009779314
5;-0,006308903
1;0,002269046
2;-0,012677399
3;0,01813365
4;-0,002004524
5;-0,012101631
1;0,005609265
2;-0,023883776
3;0,00049803
4;0,010487423
5;0,006725334
2;0,030129547
3;0,024756566
4;-0,003884911
5;0,001081218
1;0,006081494
2;0,007400774
3;0,012860354
4;-0,001466759
5;-0,00059125
1;-0,025416384
2;0,004700575
3;-0,009159258
4;0,001643919
5;0,010680296
1;-0,016904889
2;0,002384569
4;-0,016077995
5;-0,003689009
1;0,001151685
2;-0,003469448
3;0,008630523
4;0,000690946
5;-0,018625613
1;-0,003018878
2;0,001221271
3;-0,021880942
4;-0,002379582
5;0,000926664
1;-0,003938861
2;0,012240423
3;0,018005535
5;0,001938869
1;-0,009996506
2;-0,003952428
3;-0,010513099
4;0,007344131
5;-0,005361141
1;0,002748239
2;-0,012659485
3;0,000637876
4;0,005625924
5;0,008017555
1;0,028047965
2;-0,007586003
3;-0,01278322
4;0,004244139
5;0,004037351
1;-0,010134705
2;-0,001930994
3;-0,001126366
4;-0,001564138
5;-0,002441535
1;0,001173534
2;0,019721298
3;0,002766485
4;-0,007734007
5;-0,009595919
1;-0,013261916
2;-0,038883682
3;-0,042507141
4;0,008348913
5;0,001259628
1;0,000415676
2;-0,000473422
3;-0,022424821
4;-0,004201911
5;-0,025126829
1;0,009791837
2;0,003630859
3;-0,007734419
4;-0,024510311
5;-0,035217483
1;-0,010492517
2;0,018255251
3;0,018628435
4;0,032259671
5;-0,011347985
1;0,00145613
2;0,010823669
3;0,00774754
4;0,009686954
5;-0,012054246
3;-0,005271392
4;-0,008770601
5;-0,00061024
2;-0,043274334
3;0,005454178
4;0,003973331
5;-0,030140023
1;-0,020300194
2;0,001698672
3;-0,019941067
4;0,003416406
5;-0,0226043
1;0,034144204
2;0,013540281
3;0,003110912
4;-0,027665495
5;-0,019578724
1;-0,043555951
2;0,00786235
3;0,030541649
4;0,009593784
5;-0,001834662
1;0,006229613
5;0,0183791
1;0,054498517
2;0,013357177
3;-0,008683268
4;0,015022453
5;-0,005240339
1;-0,004753693
2;-0,014156511
3;0,030116646
4;0,003720041
5;-0,011164597
1;-0,017091647
2;0,021965984
3;-0,021637203
4;0,0084479
5;0,029961365
1;-0,01129361
2;0,024408354
3;-0,003669287
4;-0,005280883
5;-0,008285475
1;-0,011216954
2;0,005519771
3;-0,025977426
4;0,018342719
5;-0,0158993
1;0,020161697
2;-0,002060979
3;0,032883071
4;-0,002082212
5;0,022142175
1;0,006970622
2;-0,00164195
3;-0,008332699
4;-0,004877254
5;0,002005616
1;0,023620669
2;0,01603195
3;-0,010831109
4;-0,006502407
5;-0,010252698
1;-0,022051623
2;0,010833444
4;-0,008716739
5;0,006169898
1;-5,90E-05
2;0,005275441
3;-0,000575648
4;0,017738953
2;-0,001964524
3;-0,007325785
4;0,005751383
5;0,001620671
1;-0,002292862
2;-0,014009756
3;-0,026193633
4;0,003205208
5;0,005841692
1;-0,016278167
2;-0,001691193
3;0,010610693
4;0,002418847
5;0,001489311
1;0,018572999
2;0,010045506
3;0,025653355
4;0,025676677
5;0,021060334
1;-0,003042224
2;-0,002996934
3;0,000861857
4;-0,005960895
5;-0,011296937
1;0,005024358
2;0,026600558
3;-0,004816534
4;0,014199544
5;-0,006559923
1;-0,001394446
2;-0,007639506
3;0,017381299
4;0,016059732
1;0,001118656
2;-0,007614809
3;-0,012203283
4;-0,009617003
5;-0,00271546
1;-0,015890182
2;-0,002008264
3;0,028331979
4;-0,011037971
5;0,005598637
2;-0,003797194
3;-0,003779212
4;-0,009205236
5;0,007115145
1;-0,002507369
2;-0,000195644
3;-0,005242262
4;0,005307481
5;0,000695403
1;-0,007446327
2;0,004836069
3;0,024186485
4;-0,003236766
5;0,026872816
1;0,009834892
2;-0,005928616
3;-0,003148695
4;0,01060788
5;-0,001479169
1;-0,009709817
2;-0,001766142
3;-0,020814057
4;0,000456425
5;-0,001380526
1;-0,013070963
2;0,007625888
3;-0,000438172
4;0,00067321
5;0,00961045
1;0,000179846
2;-0,00722983
3;0,002638945
4;-0,003235801
5;-0,001803389
1;-0,004753451
2;-0,001568021
3;-0,00022574
4;-0,01725237
5;-0,014953859
1;-0,009213057
2;0,000784068
3;0,006005689
4;-0,009887228
5;-0,000101166
1;0,0005282
2;0,005233179
3;0,020509795
4;-0,008168965
5;0,00243678
2;0,007952524
3;0,004828321
4;-0,001882779
5;0,001806666
1;0,006124846
2;-0,003258302
3;-0,003062291
4;0,009126551
5;0,012232241
1;0,004864019
2;-0,000445061
3;0,015418738
4;0,010248513
5;0,012044813
1;-0,002790343
2;-0,012773013
3;-0,001566626
4;-0,009881493
5;0,000587057
1;-0,004621906
2;0,008951279
3;0,006998089
4;-0,005194493
5;0,004748826
1;0,008125467
2;0,008243563
3;0,013623568
4;-0,00524512
5;-0,001426989
1;-0,001063975
2;-0,013524547
3;-0,009893709
4;0,005175941
5;0,020308431
1;0,012617608
2;0,002355032
3;-0,005918064
4;0,00079177
5;-0,008693607
1;-0,001486673
2;-0,010663403
3;0,006667779
4;-0,00679054
5;-0,009632411
1;-0,000868074
2;0,011308384
4;-0,003379108
5;0,01085437
1;-0,012219488
2;-0,000380101
3;-0,017611326
4;-0,006789006
5;-0,009085347
1;-0,002840866
2;0,002362633
3;0,002547934
4;-0,006776946
5;-0,008555124
1;0,009216754
2;0,008307707
3;0,005223266
4;0,000431413
5;-0,001779463
1;0,003692273
2;0,010434768
3;-0,000675637
4;0,020175048
5;0,005011217
1;0,007877555
2;0,003494681
3;-0,007698422
4;-0,003531874
5;-4,06E-05
1;-0,002883426
2;0,009371115
3;-0,00069526
4;-0,000816792
5;-0,005472537
1;-0,005298686
2;-0,01032168
3;0,017565991
4;0,003002201
5;0,002479865
3;0,005321992
4;0,00130108
5;0,007493209
2;0,012969711
3;0,018687778
4;0,016832926
5;-0,004169871
1;-0,00602004
2;-0,003781012
3;-0,011827379
4;0,012076696
5;0,01051045
1;0,00892589
2;0,003445091
3;-0,0072796
4;-0,005423505
5;0,021371103
1;0,017606834
2;0,000173417
3;0,000273755
4;0,012953819
5;0,000792258
1;-0,00477203
2;0,012803122
3;0,014024307
4;0,000272857
5;0,009337758
1;0,001280851
2;-0,008104785
3;-0,00024583
4;-0,004999922
5;-0,001899118
1;-0,004759192
2;-0,005022988
3;0,014562826
4;0,009397388
5;0,010682121
4;-0,022369956
5;0,004566881
1;-0,015928976
2;-0,001196034
3;0,006028057
4;-0,012416195
5;0,00620057
1;0,005274189
2;0,017615238
3;-0,006604558
4;-0,0163206
5;0,002079216
1;-0,07593641
2;0,01952443
3;-0,033860898
4;0,019545288
5;0,010071767
1;0,004130655
2;0,025995561
3;-0,004052131
4;0,017517428
5;-0,000117889
1;0,007688002
2;-0,011522419
3;0,007446375
4;-0,003258334
5;-0,006676454
1;-0,002778287
2;0,019736589
3;-0,000421818
2;-0,002921705
3;-0,002686502
4;-0,016841392
5;-0,003937013
1;0,009156279
2;0,007587856
3;-0,00639218
4;-0,004882965
5;-0,008358005
1;0,008422168
2;-0,001917511
3;0,000881227
4;-0,013421532
5;-0,00191751
1;0,009550994
2;0,011807314
3;-0,005257996
4;0,002097368
5;-0,018067247
1;-0,003424837
2;0,000439259
3;-0,007964582
4;-0,004181164
5;0,002333415
1;0,013896596
2;0,006668577
3;0,004233992
4;-0,002802207
5;-0,001524229
1;0,015657638
2;0,009168226
3;-0,000541233
4;-0,004702997
5;-0,001052154
1;0,005655893
2;0,002280441
3;0,008391808
4;-0,003891282
5;0,009597876
1;-0,01835703
2;0,002447318
3;0,000504973
4;0,011945496
5;-0,00260454
1;-0,004780714
2;-0,013516161
3;-0,003179624
4;-0,008495013
5;-9,20E-05
2;0,008048518
3;-0,004419583
5;-0,004522108
1;0,009571469
2;0,002105504
3;0,006995542
4;-0,005203435
5;0,00167095
1;-0,001661862
2;0,007407106
3;-0,00190539
4;0,010654132
5;-0,000420414
1;-0,026012923
2;0,003620585
3;-0,001629933
4;0,000879395
5;-0,010928064
1;-0,00024071
2;-0,016063365
3;-0,001779905
4;0,0095778
5;0,012441883
1;-0,004343092
2;0,006185511
3;-0,015339829
4;0,000663338
5;-0,000130764
1;-0,005038077
2;-0,006205965
3;0,008980984
4;0,0101066
5;0,015824235
1;0,00993046
2;0,005692171
3;-0,000637855
4;0,003310623
5;-0,005424741
1;0,006990996
2;-0,00144982
3;9,85E-05
4;-0,000752513
5;0,001576044
1;0,003349788
2;0,008789899
3;0,010901686
4;0,003691861
5;-0,004732931
2;-0,007529633
3;0,003574199
4;-0,004518299
5;-0,015048845
1;-0,004706821
2;-0,013542752
3;0,010874112
4;-0,003300557
5;-0,001350488
1;0,016818304
2;0,000980558
3;0,001139804
4;0,00136072
5;0,010371125
1;0,017343668
2;0,004631415
3;-0,002377713
4;-0,000629834
5;0,000491822
1;0,002558747
2;-0,006508776
3;0,004907095
4;0,002805558
5;0,010540586
1;0,01208714
2;0,001578267
3;0,002571934
4;0,005232315
5;-0,009122099
1;0,018936777
2;-0,002169977
3;0,011807637
4;-0,000661411
5;-0,001970492
1;0,009124746
2;0,01291661
3;-0,007594393
4;0,003269845
5;0,005876499
2;-0,005241489
3;0,00382563
4;-0,001506049
5;-0,00685386
1;-0,010190261
2;-0,005773886
3;0,01734352
4;0,005795114
5;0,004134865
1;0,002399488
2;-0,004524768
3;0,021584653
4;-0,003151609
5;0,00124772
1;0,00162206
2;0,002689792
3;0,010671946
4;0,004709337
5;-0,008913252
1;0,011830989
2;0,001080472
3;0,008412159
4;-0,005147193
5;0,001312156
1;0,009303381
2;0,018402971
3;0,003383146
4;-0,016407613
5;0,006223644
1;0,009193161
2;-0,004545142
3;-0,001643704
4;0,004263575
5;-0,029248954
1;0,003162281
2;0,014973833
3;-0,011525789
4;-0,010387665
5;-0,020838764
1;0,01192786
2;-0,009482498
3;-0,003862186
4;0,006293798
5;0,021927124
1;0,015123347
2;0,000757317
5;0,004673657
1;0,005705821
2;-0,002175827
4;-0,018616252
5;0,00146824
1;0,016582859
2;-0,001764437
3;0,002582317
4;-0,019270472
5;-0,000500197
1;0,007378992
2;0,000353608
3;0,034947349
4;0,004638126
5;0,001856461
1;0,00085123
2;-0,009811317
3;-0,002916985
4;-0,006043288
5;-0,0170957
1;-0,006350656
2;0,008120442
3;-0,008835257
4;0,000225786
5;0,002510317
1;0,009659096
2;0,007207572
3;0,008239998
1;-0,001245239
2;-0,013971893
3;0,000624146
4;-0,01667292
5;-0,009615568
1;0,002384046
2;-0,003177448
3;0,000259451
4;0,023004605
5;0,002502217
1;-0,005160224
2;0,010752632
3;0,001588938
4;0,000354395
5;-0,010977906
1;0,008072593
2;-0,004243739
3;-0,002926188
4;0,000417487
5;-0,00590572
1;-0,005156704
2;-0,001251838
3;-0,010094393
4;-0,015517169
5;-0,014080128
1;0,007976582
2;-0,007003476
3;-0,007677112
4;-0,014257696
5;0,001362092
1;0,020588403
2;0,006520335
3;-0,004381296
4;-0,019130833
2;-0,037397942
3;0,005130017
4;-0,006704859
5;0,012316828
1;0,00679397
2;0,008976663
3;0,002263821
4;-0,005487115
5;0,012695495
1;-0,017781757
2;0,003734074
3;0,019203505
4;-0,005187779
5;0,001987445
1;0,006746929
2;-0,003578389
3;0,009973232
4;0,001556984
5;-0,006384862
1;-0,002819134
2;-0,000777451
3;0,023754533
4;0,009064986
5;0,004666228
1;0,02398816
2;0,013344108
3;0,001956948
4;0,009829598
5;0,013769096
1;0,004083305
2;-0,005829164
3;0,017612652
4;-0,007923292
5;0,001458852
1;0,003294147
2;0,0089893
3;-4,92E-05
4;-0,001652167
5;0,008387189
1;0,016806421
2;-0,00236306
3;0,001120402
4;-0,009657309
5;0,023391436
1;0,015678264
2;-0,015515652
3;0,004825671
4;-0,002436959
5;-0,009534683
2;-0,01480704
3;-0,001261209
4;-0,035084633
5;0,0134325
1;0,019785121
2;-0,006090229
3;-0,007246332
4;0,02108025
5;0,043694094
1;-0,008828382
2;-0,008705533
3;0,011617169
4;0,004107054
5;0,004603653
4;-0,009328222
5;-0,015576629
1;0,002398794
2;-0,004478807
3;-0,006000852
4;0,009173165
5;0,02568619
1;0,009517594
2;0,007537765
3;-0,002663806
4;0,016711836
5;-0,00869023
1;-0,002192455
2;-0,005777359
3;0,018727139
4;-0,001882473
5;-0,003258173
1;0,000542703
2;0,006711499
3;0,013295614
4;0,023649511
5;0,000824556
1;-0,007328734
2;0,006858515
3;0,010336402
4;0,007930217
5;-0,001548583
1;-0,011296484
2;-0,004694944
3;0,006054853
4;0,000897497
5;-0,02459427
2;-0,039252273
3;0,024154623
4;-0,012802582
5;-0,014425771
1;0,010899694
2;-0,003319841
3;-0,000849388
4;-0,043275272
5;-0,051087758
1;-0,05149736
2;0,022798381
3;0,06883026
4;-0,035613797
5;0,02533964
1;0,016541009
2;0,012763903
3;-0,012838198
4;-0,034152191
5;0,011272306
1;0,011009966
2;-0,015116379
4;0,000575775
5;-0,002458027
1;-0,019374329
2;-0,000971545
3;0,007844619
4;0,029903067
5;0,005063474
1;0,010380377
2;0,012362386
5;0,005215853
1;-0,023488948
2;0,002298261
3;0,00186851
4;-0,038848508
1;-0,014125685
2;-0,016933707
3;-0,033242348
4;0,013587579
5;0,002480834
1;-0,047434933
2;-0,044761945
3;-0,06368802
4;-0,109926961
5;0,066596696
1;-0,059724343
2;-0,147345731
3;0,172469916
4;-0,038095878
5;0,024864647
1;0,057724592
2;-0,043054585
3;-0,009225416
4;-0,025524747
5;-0,030035742
1;-0,011116036
2;0,001130175
3;-0,040409332
4;0,011682243
5;0,024038031
1;0,045401892
2;-0,016898539
3;-0,008902194
4;-0,010264825
5;0,048312945
1;0,003614929
2;-0,02494391
3;0,025293354
4;-0,000661213
5;-0,005324503
1;0,021055586
2;0,042387521
3;-0,000784873
4;0,023569922
5;0,004582119
1;0,016800034
2;-0,020006181
3;-0,041608447
4;-0,056183336
5;0,018493603
1;-0,017055126
2;-0,008546073
3;0,032922633
4;0,005725812
5;-0,032923734
1;-0,022675342
2;0,019045784
3;-0,002481834
1;0,01540898
2;0,023728428
3;-0,003017043
5;-0,003943304
1;-0,035945368
2;-0,016439531
3;-0,060697389
4;-0,030236804
5;-0,039665569
1;-0,090978738
2;0,071153625
3;0,056471379
4;-0,07277326
5;0,03673392
1;0,054700965
2;0,003536143
3;-0,020010839
4;-0,040059409
5;0,004100231
1;0,006001996
2;0,030562613
1;0,133950115
2;-0,005032208
3;-0,021404594
4;0,013449421
5;0,004185786
1;0,036269548
2;-0,001242356
3;-0,006123854
4;-0,01619582
5;-0,033064186
1;-0,014765988
2;0,010611222
3;0,042009717
4;-0,008441489
5;0,001765709
1;0,008005605
2;-0,000177832
3;0,018860086
4;0,030583755
5;0,022541749
1;-0,014202305
2;0,009382639
3;-0,006559473
4;-0,049399558
5;0,010661514
1;0,006808584
2;-0,008724425
3;0,020012022
4;-0,019654242
5;0,014071591
1;0,011196915
2;0,006596271
3;-0,011958743
4;0,028654799
5;0,010361166
1;0,002599479
2;0,004397654
3;0,014086181
4;-0,004472078
5;-0,001906919
1;-0,01994102
2;0,001294386
3;-0,016394169
4;-0,012583921
5;-0,01231897
2;-0,000298614
3;0,023708961
4;0,002427561
2;0,006879824
3;-0,004317425
4;-0,01625115
5;-0,016810451
1;0,013569538
2;-0,016573691
3;0,000838429
4;-0,005352491
5;-0,003578182
1;-0,026657565
2;0,00798319
3;-0,019618819
4;-0,008388514
5;0,01718636
1;-0,011832677
2;-0,027754794
3;-0,004394267
4;-0,013665819
5;0,008830791
1;0,003571016
2;-0,025566799
3;-0,038555224
4;0,012870274
5;-0,005599497
1;-0,013342425
2;0,003938274
3;0,01053473
4;0,012619557
5;-0,011907708
1;-0,001198921
2;-0,006550804
3;-0,054035642
4;-0,011812221
5;0,006357355
1;-0,036769162
2;-0,001608351
3;0,025384041
4;-0,030016669
5;0,001289125
1;0,002000455
2;-0,02299182
3;-0,050355061
4;-0,011761549
5;0,003717371
1;-0,058924804
2;0,008533004
3;0,061561661
4;0,06195808
5;0,008877839
1;-0,046173626
2;0,001882625
3;0,00933622
4;0,043521424
5;-0,006711967
1;-0,017242645
2;0,009690845
4;0,037117843
5;-0,025919064
1;-0,018126538
2;-0,004718734
3;0,021672037
4;-0,022904413
5;-0,027407505
1;-0,013072274
2;0,009796044
3;0,03334093
4;0,015297089
5;0,004921157
1;-0,015848781
2;0,008359861
3;-0,016936256
4;-0,029461725
5;0,009883424
1;-0,033623639
2;-0,007332284
3;-0,014905967
4;0,012387058
5;0,003792369
1;-0,049520188
2;0,003704352
3;-0,015201762
4;-0,028814306
5;-0,033065971
1;0,002306977
2;-0,036873946
3;0,01166191
4;-0,029449091
5;0,081321781
1;0
2;-0,001907783
3;0,055518351
4;0,015613613
5;-0,028150913
1;0,041359975
2;0,005669972
3;-0,007083248
4;0,011241842
5;-0,011836832
1;-0,073479993
2;-0,029654463
3;0,040676596
4;-0,005053758
5;0,022946818
1;0,075626298
2;0,013831517
3;-0,035269924
4;-0,007043959
5;-0,035195784
1;0,010942122
2;0,009302888
3;0,016315454
4;-0,036812526
5;-0,017388987
1;-0,037733871
2;0,027956116
3;0,017594335
4;0,043062915
5;-0,0171217
1;0,031244293
2;-0,01373975
3;0,005832953
1;-0,041295355
3;0,023539782
4;0,02484024
5;0,069013108
1;0,055278213
2;0,002062326
3;-0,0189172
4;0,01464449
5;0,086101214
1;-0,018369576
2;0,004542202
3;0,002006748
4;-0,000366446
5;0,016345332
1;-0,003963946
2;0,015035328
4;0,000444142
5;0,02225279
1;0,00148979
2;0,018359293
3;0,014351293
4;-0,027620359
5;-0,008076961
1;-0,028795968
2;-0,013344935
3;0,041901223
4;-0,018834044
5;0,004994453
1;0,029574368
2;-0,014613808
3;0,006357909
4;0,009731783
5;-0,007781353
1;0,027105138
2;0,031564561
3;-0,012119169
4;0,005388873
5;-0,003420843
1;-0,032142673
2;-0,041861686
3;0,007980421
4;-0,000958117
5;-0,008297194
1;0,045680844
2;-0,007482265
3;0,000985884
4;-0,004434945
5;-0,035868266
1;-0,012822004
2;0,012906406
3;-0,001352287
4;0,014375931
5;0,014074406
1;0,016466091
2;-0,007090287
3;-0,015996388
4;0,013050924
1;-0,011930351
2;0,005474587
3;-0,010274617
4;-0,007224615
1;-0,024113669
2;0,008313656
3;0,034064649
4;0,043946659
5;0,002720363
1;-0,008281185
2;0,007241727
3;-0,041729487
4;-0,008861616
5;-0,003514914
1;0,024832492
2;-0,010866767
3;0,002407182
4;-0,026160086
5;-0,03134118
1;-0,02484999
2;0,001086835
3;0,021824638
4;-0,037602789
5;0,015470001
1;0,009698372
2;-0,010138149
3;-0,008758909
4;0,001993797
5;-0,026675263
1;-0,005521078
2;0,011411078
3;-0,018357772
4;0,007734165
5;0,030006203
1;-0,002446382
5;-0,015895055
1;-0,002681318
2;0,021931585
3;0,025491712
4;-0,002017001
5;0,020539178
1;0,01629599
2;-0,010723468
3;0,000889293
4;-0,000972011
5;0,032588173
1;0,002230664
2;0,025866786
3;0,020305218
4;-0,008051671
5;0,012947098
1;0,003244202
2;0,006841081
3;0,002637828
4;-0,025997569
5;0,038970558
1;0,002191963
2;-0,005980626
3;-0,030313529
4;0,010659663
5;-0,002110088
1;-0,010686978
2;0,023279402
3;0,000181881
4;0,011881033
3;0,047778267
4;0,009679329
5;0,01575707
1;-0,014317092
2;0,013106869
3;-0,00552462
4;0,010766457
5;0,043198157
1;0,02186751
2;-0,028334981
3;0,010738459
4;0,030600606
5;-0,002185858
1;0,017034622
2;0,017950935
3;-0,017465794
4;0,003519925
5;0,011579398
1;0,000290211
2;0,016554045
3;0,001953887
4;-0,001176148
5;-0,043127514
1;0,012673412
2;-0,022186544
3;0,010708039
4;0,003122768
5;-0,015296029
1;-0,020981649
2;0,003053655
3;-0,017895632
4;-0,002237419
5;-0,008380595
1;0,013332991
2;-0,007258815
3;0,00502908
4;-0,008142392
5;-0,020460518
1;0,007260104
2;0,017661332
3;0,007660922
4;0,001040503
5;-0,004505947
1;0,033413093
2;0,002137557
3;0,000742834
4;-0,002745637
5;0,011895519
1;0,001139216
2;-0,005562984
3;0,016842524
4;0,019060644
1;0,042773421
2;0,000760739
3;-0,002061405
4;-0,014117461
5;0,000318524
1;0,004038406
2;-0,005419168
3;-0,017097139
5;0,047087862
1;0,02245791
2;-0,009289057
3;-0,008045436
4;-0,002186511
5;-0,000262225
1;-0,011365394
2;-0,005770487
3;-0,029422404
4;0,013413307
5;-0,015649967
1;-0,007269494
2;0,011333504
3;-0,013378408
4;-0,003777714
5;-0,020811883
1;-0,01750261
2;0,016080305
3;0,004984083
4;-0,00171984
5;0,005247743
1;0,018674368
2;0,00285478
3;0,008659253
4;-0,025084235
5;-0,00660679
1;-0,016972336
2;-0,027310251
3;-0,012695446
4;0,027121664
5;-0,013516077
1;0,022476769
2;-0,008693899
3;0,016289768
4;0,031104134
5;0,012098628
1;0,000509941
2;0,004425988
3;-0,011414575
4;0,009543216
5;-0,016690821
1;0,022572794
2;-0,015155179
3;0,004545099
4;-0,013126797
5;-0,01425858
1;0,015574334
2;0,000816243
3;-0,002949983
4;0,036624626
5;7,58E-05
1;0,00035502
2;-0,004107741
3;-0,027424893
5;0,004030406
1;-0,00092517
2;-0,003860513
3;-0,017501897
4;0,00203166
5;-0,013896928
1;-0,021061915
2;0,006597854
3;-0,000781937
4;-0,007951347
1;0,011138343
2;0,009509729
3;0,00146751
4;0,007287878
5;-5,95E-05
1;-0,009170672
2;-0,018124864
3;-0,022467957
4;0,000877309
5;-0,015149225
2;-0,01350232
3;0,029591295
4;0,001953516
5;0,026794239
1;0,013213945
2;-0,018334675
3;-0,006924551
4;0,003911588
5;0,038294443
1;0,004903118
2;0,001030087
3;-0,005904541
4;0,029299531
5;-0,003025483
1;-0,006572487
2;0,010929537
3;0,022126954
4;0,009271021
5;0,005934555
1;0,025916269
2;0,008699726
3;0,001021979
4;0,001173104
5;0,023586385
1;0,01396222
2;0,007051935
3;-0,005597321
4;-0,020360334
5;0,018218538
1;0,012141103
2;-0,005442596
3;0,002943536
4;0,011636988
5;0,015098503
1;0,020508057
2;-0,005925882
3;-0,005221693
4;0,023583671
5;0,000565476
1;0,003771828
2;-0,009742532
3;-0,028492637
4;-0,016177228
5;0,026301904
1;0,014040532
2;0,002239603
3;-0,003473371
4;0,006382592
5;0,032433291
2;0,005628308
3;-0,015926332
4;0,017921588
1;0,023741835
2;-0,017235554
3;-0,074525186
4;-0,044748828
5;0,016519316
1;0,028319747
2;0,000879842
3;-0,009367854
4;-0,005119291
5;-0,005884636
1;0,002077979
2;0,013687348
3;-0,033086399
4;-0,003937606
5;-0,007050615
1;0,003906735
2;-0,004262229
3;0,021269843
4;0,031272717
5;0,016704356
1;-0,041218662
2;0,00779323
3;0,008647897
4;0,011228806
2;0,016188894
3;0,035753421
4;0,001527419
5;0,031273412
1;-0,011070064
2;-0,029567831
3;0,021062959
4;-0,003653829
5;-0,022756525
1;-0,016815532
2;-0,004125548
3;0,007454077
4;0,040792904
5;0,008308366
1;-0,012668728
2;0,010833429
3;-0,01916089
4;0,005519191
5;0,020363598
1;0,027025957
2;0,005984727
3;0,004806135
4;-0,017669108
5;0,010986076
1;-0,042102452
2;-0,009846714
3;-0,010806499
4;-0,023452876
5;0,043305027
1;0,008827636
2;-0,002002647
3;0,019977054
4;0,009559204
5;0,003886749
1;0,028179592
2;0,000482586
3;-0,01128204
4;-0,035389392
5;-0,003475976
1;-0,029950806
3;-0,034599434
4;0,01054267
5;0,026938431
1;-0,005382285
2;-0,02178235
3;0,005409399
4;-0,013637162
5;-0,012912808
1;-0,089390277
2;0,034353455
3;0,009697355
4;-0,003900722
2;0,000837151
3;-0,009972834
4;-0,002269541
5;0,021258172
2;0,019048949
3;-0,01530772
4;-0,017053626
5;-0,002970962
1;-0,024372727
2;-0,008363174
3;-0,019404896
5;0,041824906
1;-0,015379769
2;0,018574118
3;-0,022175038
4;-0,034665762
5;0,010809505
1;-0,023588928
2;0,008201354
3;-0,022930178
4;-0,00092766
5;-0,014351405
1;0,018223632
2;0,00113209
3;0,050382788
4;0,015331922
5;0,022691244
1;0,037093065
3;0,002416745
4;-0,001455771
5;0,015209754
1;-0,004053424
2;-0,022812512
3;0,010404528
4;0,01398195
5;0,021778074
1;-0,010208074
2;-0,011172078
3;0,009367466
4;-0,017756015
5;-0,013523527
1;0,015186474
2;0,011007534
3;0,017344017
4;-0,009266314
5;-0,008077083
1;-0,001908878
2;0,006847215
3;0,014583553
4;0,000929503
5;0,020431359
1;0,023994485
2;0,006994008
3;0,011033593
4;-0,005871722
5;0,007801234
1;0,014038254
2;-0,022336474
3;0,015319395
4;0,002731433
5;0,00910056
1;-0,014680756
2;-0,016232682
3;0,013995714
4;-0,009702868
5;-0,015370161
1;-0,020159443
2;0,003347521
3;0,022235987
4;-0,00018002
5;0,008727438
1;0,017156876
2;-0,029505485
3;-0,001735777
4;0,008762572
5;-0,00687691
1;-0,012648185
2;0,027015486
3;0,015377453
4;-0,00634347
5;-0,01038227
1;0,00351903
2;0,009485493
3;-0,013727261
4;0,000705536
5;-0,011706064
1;-0,01266813
2;0,012863624
3;-0,008401147
4;9,53E-05
5;0,013714552
1;0,022394687
2;-0,007414804
3;0,000568743
4;-0,009891288
5;-0,009018311
1;-0,015603773
2;-0,022487582
4;-0,014192427
5;-0,008938652
1;-0,043350184
2;0,007493626
3;-0,000738925
4;-0,03251463
5;-0,037050541
1;0,054342283
2;-0,008991005
3;0,009974386
4;-0,001839282
5;0,015016025
2;0,004907111
3;0,009677704
4;0,019074562
1;-0,030818502
2;-0,008921702
3;-0,027843686
4;-0,003456751
5;-0,026504393
1;0,019755211
2;-0,006698894
3;-0,028292539
4;-0,002492986
5;0,042223596
1;0,003836553
2;-0,011751054
3;0,009017948
4;-0,004318414
5;-0,006273203
1;-0,006905876
2;0,006427988
3;0,030002564
4;-0,003751243
5;0,019594186
1;0,004927522
2;0,009503456
3;-0,010590118
4;-0,009585127
5;-0,007471342
1;-0,037991557
2;0,024128631
3;-0,003307717
4;0,01123731
5;-0,007710214
1;0,010863096
2;-0,010372466
3;-0,027757373
4;-0,014248936
5;-0,012896333
1;0,0155878
2;-0,002505403
3;-0,027644435
4;-0,013119007
5;0,032159451
1;0,008124685
2;0,000959068
3;0,035440293
4;-0,005807299
5;0,011775301
1;0,014328694
2;-0,005136301
3;0,018877294
4;-0,008017082
5;-0,034228276
1;0,003266663
2;0,010824077
3;-0,017087441
4;-0,018344525
5;0,00536713
3;0,000688449
4;0,003262155
5;0,020004628
2;-0,015056948
3;-0,01903415
4;0,043289806
5;0,013856917
1;-0,00071752
2;0,004141309
3;-0,004189249
4;-0,02260554
5;0,013470139
1;-0,000108535
2;0,004526883
3;-0,006639778
4;0,017361138
5;0,025733805
1;0,01034698
2;-0,003425893
1;0,003460055
2;-0,012924927
3;0,013082059
4;0,003820704
5;-0,005751478
1;-0,015074514
2;0,005191531
3;0,00852436
4;-0,008765698
5;-0,002272937
1;-0,01141543
2;0,009488326
3;0,001116609
4;-0,00658197
5;-0,00803275
1;-0,00895535
2;0,002347001
3;-0,011389789
4;-0,016609167
5;0,011976759
1;-0,00329982
2;-0,026310559
3;-0,003163803
4;-0,02932169
5;-0,027828967
1;0,012015792
2;0,013058098
3;-0,010084157
4;0,002225722
5;-0,00102805
1;-0,029863787
2;-0,020806955
3;-0,012093108
4;0,012918379
5;0,00132242
1;-0,004770257
2;-0,017527916
3;-0,005263429
4;-0,041329905
5;-0,003054133
1;0,028758319
2;-0,018909778
3;0,011229686
4;-0,013594002
5;0,006505902
1;-0,002616141
2;-0,011305645
3;-0,042241876
5;0,026414278
1;-0,015007982
2;0,000947748
3;0,039552348
4;0,022030865
2;-0,029930441
3;0,02864627
4;0,043454196
5;-0,007468991
1;-0,01021174
2;-0,002775135
3;-0,001889599
4;0,003282266
5;0,006966517
3;0,031487571
4;-0,0069809
5;-0,024136952
1;0,015545051
2;-0,004419056
3;0,00326846
4;0,001446123
5;0,002335416
1;-0,028068699
2;-0,000685044
3;0,006459051
4;0,022387086
5;-0,013189081
1;0,019285782
2;0,011354066
3;-0,00280333
4;-0,002061506
5;-0,004107449
1;-0,001085365
2;-0,007998967
3;-0,015488813
4;-0,018479507
5;-0,002510281
1;0,005018063
2;0,018334037
3;0,009186135
4;0,009341902
5;0,007666421
1;-0,009707408
2;-0,010941148
3;-0,000249168
4;-0,020501088
5;-0,011110724
1;-0,011801476
2;0,014176825
3;-0,016501752
4;0,020588972
5;-0,001018911
2;-0,016227023
3;0,003253466
4;-0,013656901
5;0,016599306
2;0,010845303
3;0,001726263
4;-0,015877765
1;-0,024041491
2;0,001828017
3;-0,014737726
4;0,010505057
5;-0,003751836
1;0,000930368
2;-0,010293175
3;-0,005461758
4;-0,011929549
5;0,001778574
1;-0,005316636
2;-0,00182818
4;-0,014371532
5;0,011753918
1;-0,007871042
2;0,018852888
3;0,013071143
4;-0,000991778
5;-0,015952342
1;-0,009851054
2;-0,011725586
3;-0,00410429
4;-0,020380198
5;0,004176719
1;-0,00609718
2;0,025056514
3;0,012482841
4;-0,025795131
5;-0,006582393
1;-0,025513252
2;-0,001602687
3;-0,022253858
4;0,013917891
5;-0,020938007
1;0,011136377
2;0,005840644
3;-0,005156393
4;0,006491722
5;-0,020097873
1;-0,017082121
2;0,021255366
3;-0,017547552
4;-0,025809186
5;-0,02661817
1;-0,001723331
2;0,004911556
3;-0,092853651
4;0,007930658
5;0,00897187
1;-0,035429639
2;-0,001229382
3;0,026530692
4;-0,025448327
5;-0,042059258
1;0,038459734
2;-0,008049978
3;0,01740348
4;0,024145542
5;0,035797514
3;-0,005397074
4;0,038575836
5;-0,000876299
1;-0,030582456
2;0,038486042
3;-0,005875943
4;0,021553269
5;-0,02389719
1;-0,014069526
2;0,001765367
3;0,011006858
4;-0,037757533
5;-0,0055586
1;-0,002884317
2;0,042199595
3;0,002308524
4;0
5;0,015622018
1;-0,022024101
2;-0,010038337
3;-0,000244164
4;0,008390377
5;0,002674872
1;0,023735179
2;-0,007184408
3;-0,008364314
4;0,025840029
5;0,006679657
1;-0,001584779
2;0,006623317
3;0,026578309
4;0,026081463
5;0,004259829
1;0,006436899
2;-0,011907491
3;-0,004631318
4;0,007078927
5;0,006118113
1;0,006128312
2;-0,011514463
3;-0,017498867
4;0,002216012
5;0,016854229
1;-0,01106348
2;0,024102205
3;0,021740928
4;0,005754729
5;0,007323803
1;-0,00400219
2;-0,0078261
3;0,013085087
4;-0,027167298
5;-0,00551671
1;-2,88E-05
2;0,00184292
3;0,006793316
4;0,003100186
5;-0,038937678
1;0,00462092
4;0,013267787
5;0,006326178
1;-0,003011987
3;-0,004075958
4;0,006381757
5;0,024098198
1;0,016147136
2;-0,015159771
3;-0,02358103
4;-0,016271382
5;-0,007992896
1;0,003840746
2;-0,017625424
3;-0,004504578
4;0,004527277
5;-0,003718599
1;0,002483935
2;-0,018585777
3;-0,003297803
4;-0,001923399
5;0,002928271
1;-0,000510668
2;0,022660358
3;-0,023635994
4;-0,00294755
5;-0,003179787
1;0,002808632
2;-0,010513676
3;-0,001584788
4;-0,017399676
5;0,010446053
1;0,029390835
5;0,01185077
1;0,003726895
2;-0,014862497
3;-0,008469889
4;0,003699519
5;-0,011556102
1;-0,015965588
2;0,004857647
3;0,009584973
4;-0,015726788
5;-0,005475466
1;0,026392211
2;0,025978457
3;0,001560792
4;0,016680069
5;0,004028318
1;0,007594895
2;-0,003984473
3;-0,005011713
4;0,007655047
5;-0,008301567
1;0,001817219
2;-0,000695661
3;-0,016733074
4;-0,018921892
5;0,003073833
1;-0,002435978
2;-0,004598696
3;0,018458558
4;0,004090684
2;-0,014137453
3;-0,004060433
4;-0,000239092
1;-0,009992173
2;0,000933013
3;-0,00847184
4;0,009516601
5;-0,003209453
1;0,00163258
2;0,005628251
3;0,027612567
4;0,011347758
5;0,003118031
1;-0,010071719
2;0,018302816
3;0,004519449
4;0,001115503
5;-0,00212421
1;-0,00207416
2;0,011907012
4;0,024275938
5;0,001451394
1;-0,005185828
2;0,005080713
3;-0,00234847
4;-0,005756529
5;-0,00469961
1;0,007487846
2;-0,003681739
3;0,012584813
4;-0,000472305
5;0,011915774
2;-0,018655374
3;0,003559468
4;-0,014556223
5;0,000174612
1;-0,005351109
2;0,001455956
3;-0,013116686
4;-0,004388189
5;-0,006936638
1;0,005106415
2;-0,004168079
3;0,007909377
4;-0,001897017
5;-0,008476377
1;0,000365915
2;-0,006560676
3;-0,005996533
4;-0,002572383
5;-0,014841596
1;-0,01131472
2;0,001824362
3;-0,016625586
4;0,007588409
5;-0,015230121
1;0,006163075
2;-0,004548044
3;-0,024142475
4;0,015538295
5;0,007620567
2;-0,010127012
3;0,008298677
4;0,017465144
5;0,003762334
1;-0,000250814
2;0,003668017
3;-0,00514178
4;-0,021431182
5;0,008439672
1;-0,006277941
2;-0,015252294
3;-0,008322216
4;0,011298164
5;-0,012233278
1;-0,021062929
2;0,01994177
3;-0,033711368
4;-0,008783962
5;-0,01136044
1;0,020545446
2;0,017809607
3;0,010979118
4;-0,008542956
5;-0,018670226
1;-0,013034301
2;-0,016525432
3;0,028159595
4;-0,001554666
5;0,00518816
1;-0,005421066
2;0,013972325
3;-0,01382876
4;0,025605604
5;0,004425739
1;-0,001762871
2;0,015594626
3;-0,000552612
4;0,00208775
5;-0,01725371
1;-0,001891363
2;-0,003998663
3;-0,005441107
4;-0,006844525
5;-0,001718974
1;-0,014732838
2;-0,010798747
3;0,003023814
4;-0,00964893
5;-0,000531705
1;0,000289027
2;0,01653323
3;-0,000346012
4;0,001413644
5;-0,025105553
1;-0,015226776
2;0,021041376
3;-0,024314436
4;-0,004896882
5;-0,010617497
1;-0,001432166
2;-0,01266077
3;-0,007943242
4;0,015851931
5;0,002558556
1;-0,024202629
3;0,004085464
4;-0,013820523
5;0,007435292
1;-0,01334297
2;0,005138264
3;-6,68E-06
4;-0,01330584
5;0,012010633
2;0,040510136
3;0,013061802
4;0,012294162
5;0,003847999
1;-0,004452809
2;-0,002240669
3;0,026426609
4;-0,001751723
5;-0,006658138
1;0,013404177
2;-0,022483027
3;-0,007732208
4;-0,012547456
5;-0,00356201
1;0,032744629
2;-0,006757804
3;0,012210551
4;0,007176981
5;-0,00751467
1;-0,019616619
2;0,003434281
3;0,000289125
4;0,012834505
5;0,012731671
1;0,005502967
2;0,00451997
3;0,000613959
4;0,003243107
5;0,006156822
1;0,003515807
2;-0,010474666
3;-0,005108308
4;0,02023219
5;-0,007713078
1;0,013345678
2;0,002138785
3;-0,022874258
4;0,001414603
5;-0,003615964
1;-0,010610802
2;-0,001063546
3;-0,007475639
4;0,002980865
5;-0,008734994
1;-0,007425405
2;0,006120129
3;-0,017347468
4;0,000964069
5;0,007383331
1;-0,006016804
2;-0,000972165
5;-0,012245186
1;-0,018478332
2;0,005266335
4;0,004733829
5;0,02304453
1;0,008531045
2;-0,001403846
3;0,003703093
4;-0,001322067
5;0,004752312
1;0,011513976
2;-0,00384812
3;0,007847604
4;-0,013280703
5;-0,013290948
1;-0,006529086
2;0,001720668
3;-0,000855257
4;0,002550016
5;-0,013032271
1;-0,017264427
2;0,002891927
3;-0,009135927
4;0,001963271
2;-0,00067417
3;-0,00783808
4;-0,005934483
5;0,00271378
1;0,008833175
2;-0,004040804
3;0,012965199
4;-0,015304006
5;0,003083508
1;0,01957724
2;0,0014238
3;0,003248929
4;-0,003948329
5;-0,01497989
1;-0,001231995
2;-0,009896779
3;-0,003525919
4;0,001968164
5;-0,001268562
1;0,015889256
2;-0,009417619
3;-0,00795037
4;-0,016260269
5;-0,006173716
1;-0,005090908
2;-0,000218939
3;0,001698345
4;-0,009912641
5;0,019018113
1;-0,017118343
2;0,026601859
3;0,012866041
4;0,003919768
5;-0,001673039
1;-0,007736411
2;-0,005096155
3;-0,00166324
4;-0,019506841
5;-0,001010393
1;-0,02616591
2;-0,004359505
3;0,012633757
4;-0,006687685
5;0,019953028
1;0,015717239
2;-0,017508595
3;-0,01947032
4;-0,001289495
5;0,002307867
1;-0,013050851
2;0,01148236
3;0,004973651
4;-0,011127789
2;-0,000843097
3;-0,006121187
4;-0,009137114
5;-0,003928527
1;0,003090708
2;0,035998453
3;-0,003092531
5;0,010380455
1;0,012221536
2;-0,003063065
3;0,001329941
5;0,02036299
1;0,0078302
2;-0,003997902
3;-0,00168471
4;0,002455327
5;-0,003610471
1;-0,000639145
2;-0,004076582
3;0,001038089
4;0,007881835
5;0,018686515
1;0,020108741
2;-0,007603063
3;0,009487997
4;-0,000217675
5;-0,002228899
1;0,015702357
2;0,002620679
4;-0,002467125
5;0,005753718
1;0,004002447
2;-0,003065254
3;-0,004302441
4;0,007709754
5;0,01212725
1;0,000673499
2;0,016900111
3;-0,006006817
4;0,000983439
5;-0,005002416
1;-0,019936993
2;-0,010838977
3;-3,74E-05
4;-0,002378985
5;0,005305432
1;-0,008327866
3;0,002659057
4;0,004517711
5;-0,000963548
1;0,026176645
2;0,010105053
3;0,003450505
4;-0,004407645
5;-0,007219
1;0,021055091
2;0,001298256
3;0,007041369
4;-0,010879796
5;0,004360216
1;-0,003752283
2;-0,009362838
3;-0,010864393
4;0,002278082
5;0,001617131
1;0,019496405
2;0,006267516
3;-0,007616246
4;0,001343796
5;0,011163105
1;-0,006407699
2;-0,000565801
3;-0,018829295
4;-0,002957047
5;-0,001289236
1;0,014803582
2;0,008938939
3;0,01145205
4;0,007018
5;0,004859957
1;0,009592619
2;-0,001497552
3;-0,003236659
4;0,015938622
5;0,010941805
1;0,000324275
2;-0,000956402
3;-0,007034213
4;0,007609651
5;0,013740513
1;-0,000512553
2;0,003345645
3;0,014737386
4;0,003260651
5;0,002867873
1;-0,000477259
2;-0,01066636
3;-0,021642295
4;0,00674941
1;0,009984427
2;0,007129255
3;0,006183323
4;-0,006378439
5;-0,009148049
1;-0,008712751
2;0,006516771
3;0,031614688
4;-0,000829849
5;0,000321571
1;-0,013273535
2;0,007920063
4;0,027772257
5;0,00540709
1;0,010774977
2;-0,000900317
3;-0,000266158
4;0,006765846
5;0,011413914
1;0,00218765
2;-0,008896695
3;0,016741636
4;-0,002375877
5;0,001405779
1;0,008548198
2;0,00842677
3;-0,000984919
4;-0,041835762
5;-6,90E-05
1;0,001136843
2;0,028704742
3;0,003189614
4;0,001057928
5;0,003842452
1;0,01600805
2;0,004342767
3;-0,000144697
4;-0,02349369
5;0,005342045
1;-0,004799809
2;-0,012670542
3;-0,002681117
4;0,021166084
5;-0,001967984
1;-0,017066969
2;0,002517455
3;-0,012909668
4;-0,002325622
5;-0,000473713
1;0,000739604
2;0,013372583
3;0,006524269
4;-0,000884009
5;0,019799396
1;0,011263331
2;-0,003599634
3;-0,00412136
4;-0,001500173
5;-0,002264637
1;-0,011211047
2;0,017598378
3;0,000382381
4;0,01251972
5;0,003168319
1;-0,005912915
2;-0,020972097
3;-0,005496989
4;0,003857843
5;0,010685946
1;0,009351735
2;-0,005418244
3;0,002909492
1;0,000609125
2;0,004997804
3;0,003919905
5;0,017775325
1;0,015798484
2;0,002380035
3;0,00926631
4;0,003483144
5;0,013705681
1;-0,00251178
2;0,003322013
3;-0,005671947
4;-0,005349516
5;-0,006211795
1;0,006475915
2;0,023645828
3;0,013187844
1;-0,00169664
2;0,002518086
3;-0,02427891
4;-0,007305627
5;-0,003353447
1;-0,022016649
2;0,006901525
3;-0,000250604
4;-0,00427221
5;0,02115905
1;0,019868036
2;-0,004504602
3;0,000673066
4;0,007393802
5;0,008380849
1;0,006654038
2;-0,001163961
3;0,008141678
4;-0,004400704
5;8,29E-05
1;-0,007476484
2;-0,000629327
3;-0,011474076
4;0,005512201
5;0,016851445
1;0,0008352
2;-0,013548128
3;-0,020398391
4;-0,000188065
5;0,000237862
1;0,008789363
2;-0,013072847
3;-0,013757453
4;-0,014493593
5;-0,007075771
1;-0,000991813
2;0,00102197
3;0,003327117
4;-0,012370703
5;-0,002000253
1;-0,01891579
2;0,002979405
3;0,007105884
4;-0,012534323
5;-0,002957194
1;-0,00448806
2;0,017077467
3;0,003181293
4;-0,00042748
5;0,004369495
2;0,012117064
3;0,002563645
4;-0,000826964
2;0,009439887
3;-0,028167347
4;-0,015157878
5;-0,001674577
1;-0,000672866
2;-0,004478286
3;-0,013571181
4;-0,004886257
5;0,017615572
1;-0,020497834
2;0,001830565
3;0,000855255
4;-0,013216917
5;-0,005229558
1;0,000641176
2;0,012281787
3;-0,012295176
4;0,004995676
5;-0,008323254
1;-0,036356823
2;0,001964896
3;0,001744206
4;-0,011449574
5;-0,01059206
1;-0,027802808
2;0,009504592
3;0,035228869
4;-0,011380703
5;0,020632065
1;0,007484012
2;0,002533877
4;0,02461134
5;0,011034614
1;0,006692983
2;-0,007627654
3;0,007915359
4;-0,022529016
5;0,00774117
1;0,024988271
2;0,001403267
3;-0,000341921
4;0,006697972
5;-0,002133828
1;-0,026138089
2;-0,002145292
3;0,009176328
4;-0,006510328
5;-0,018991807
1;-0,000840466
3;0,000352812
4;0,026146004
5;0,001793899
1;0,000744869
2;-0,006441577
3;0,013888401
5;-0,005355462
1;0,002613575
2;0,002605948
3;0,002940947
4;-0,016408708
5;0,006784827
1;-0,000922386
2;-0,009285857
3;-0,012119513
4;0,000551268
5;0,009983161
1;0,008895405
2;-0,003566819
3;0,022145599
4;-0,006061037
5;0,002657136
1;-0,00268798
2;-0,001503586
3;0,0015393
4;-0,011196128
5;0,004498571
1;-0,002998437
2;0,012682535
3;-0,00623932
4;0,01708894
5;-0,001060447
1;-0,000903548
2;-0,00477339
3;-0,005245017
4;0,005679318
5;-0,004327253
1;-0,011398203
2;0,002971909
3;-0,00225284
4;0,013655324
5;-0,001596056
1;0,004423461
2;0,017124414
3;0,011520785
4;-0,000675596
5;0,002658304
1;0,004620147
2;-0,002137745
3;0,013418227
4;-0,001906011
5;-0,003928757
1;0,011994414
2;0,002416125
3;-0,006574529
4;-0,008291779
5;0,004762943
1;0,010372055
2;0,000645931
3;-0,004853538
4;0,009541326
5;0,001141678
1;-0,00027225
2;0,006269386
3;-0,002426938
4;0,000617641
5;-0,0162138
1;-0,003445168
2;-0,005474993
4;0,012982508
1;0,018068959
2;-0,002109377
3;-0,004475498
4;0,003772383
5;-0,00604372
1;0,004796859
2;-0,00403213
3;-0,006056067
4;-0,010394279
5;0,001843279
1;-0,001892377
2;0,009149605
3;-0,011885274
4;0,001235473
1;-0,015259671
2;0,002668439
3;-0,001061848
4;0,021150718
5;-0,004470385
1;0,003028044
2;0,01624776
3;0,006659849
4;-0,002135485
5;0,009370215
1;0,004918617
2;-0,00331042
3;0,01145327
4;-0,003506631
5;0,011671494
1;0,010662273
2;-0,013450451
3;0,005723408
4;-0,001821552
5;-0,000880109
1;0,00093663
2;0,016007449
3;-0,001875069
4;-0,005043051
5;-0,002270176
1;0,012294009
2;-0,000487788
3;0,007281366
4;0,006965124
5;-0,003508513
1;0,003162774
2;-0,001479681
3;-0,015108168
4;-0,000963215
5;-0,007668084
1;-0,001126387
2;0,011268419
3;0,002490573
4;-0,003836583
5;-0,002297886
1;0,015713025
2;-0,002341977
3;-0,002097286
4;0,005933849
5;-0,00284205
2;0,000144408
3;0,004878567
4;-0,007233957
5;0,004690487
1;0,000511459
2;-0,013543172
3;-0,020247895
4;-0,003808364
5;-0,010054726
1;-0,003207381
2;-0,001637536
3;0,004141163
4;0,000587356
5;-0,00580021
1;0,009357495
2;-0,0012804
3;0,005454722
4;-0,009921388
5;-0,004630602
1;-0,00699943
2;0,014613707
3;0,002912409
4;0,000383817
5;0,001550645
1;0,005233875
2;-0,010507808
3;-0,001655484
4;-0,002989903
5;0,00515416
1;0,015327451
2;0,003663452
1;0,012317628
2;-0,001527859
3;0,001403718
4;-0,003407034
5;0,008558031
1;0,001686554
2;-0,001498467
3;-0,009453709
4;0,007350085
5;0,006816952
1;0,002698888
2;-0,009498771
3;-0,015074127
4;0,00299822
5;-0,01169974
1;0,002993887
2;0,007938231
3;0,004295705
4;-0,006148056
5;0,002516314
1;0,001145415
2;-0,0064999
3;0,001140717
4;-0,001050975
5;0,000750913
1;0,000432351
2;-0,004192565
3;-0,012626866
4;-0,000478664
2;-0,013715653
3;0,001033623
4;0,00676477
5;-0,001890535
1;0,001633786
3;0,00360841
4;0,002951637
5;0,004721109
1;-0,000496951
2;-0,000137638
3;0,010311964
4;-0,001974466
5;-0,009751584
1;-0,021006938
2;0,006631536
3;0,004270815
4;0,00706156
5;0,00705294
1;0,004130632
2;0,007921139
3;-0,001439752
4;0,00502937
5;-3,24E-05
2;-0,001078303
3;0,003668954
4;0,008330183
5;-0,001974683
1;0,003636684
2;-0,004747465
3;-0,005621268
4;0,002040987
5;-0,00729083
2;-0,014511852
3;-0,00293251
4;0,005263875
5;0,00134883
1;-0,001334231
2;0,001472731
3;-0,01152887
4;0,000584549
5;0,010613347
1;0,009457296
2;0,001585585
3;0,000432586
4;-0,004224995
5;0,0002801
1;0,00304202
2;-0,001679554
3;0,004417396
4;-1,73E-05
5;0,002619188
1;0,001237863
2;-0,003389477
3;0,000682265
4;-0,005821733
5;0,005658578
1;0,002422303
2;0,002405004
3;0,012911879
4;0,002075379
5;0,002804293
1;-0,003819576
2;0,007827614
3;-0,000711367
4;-0,005352853
1;-0,001634311
2;-0,003750181
3;0,001777559
4;-0,008454051
5;-0,004739379
1;0,013709907
2;-0,000727101
3;0,011270843
4;0,012795134
5;0,000879437
1;0,004314229
2;5,08E-05
3;0,002396948
4;0,001193587
5;0,011311867
1;0,000511824
2;-0,001630364
3;0,002159491
4;0,000773927
5;0,004557111
1;0,006557321
2;0,010506154
3;-0,001228203
4;-0,000460469
5;-0,003992995
1;0,003820927
2;-0,004052162
3;0,019647111
4;0,006416705
5;0,000372215
1;0,000977456
2;-0,001451973
3;0,000385845
4;-0,019707367
5;-0,007253557
1;0,011899441
2;-0,016212318
3;-0,00670338
4;0,001024764
5;0,006279482
1;-0,009786844
2;0,005729338
3;-0,001251938
4;0,015988466
5;0,005146618
1;0,000390151
2;-0,004412845
3;0,00419874
4;-0,003843281
5;-2,64E-05
1;0,002240697
2;-0,00853844
3;0,001065086
4;-0,003027123
5;-0,003851562
2;0,017116017
3;-0,001197421
4;-0,002872691
5;-0,002373045
1;0,008569899
2;-0,005542916
3;0,002076858
4;0,0136884
5;-0,000176929
1;-0,002214587
2;-0,00079151
3;-0,014483327
4;-0,021449253
5;0,000571966
1;0,003427627
3;-0,021969555
4;0,003206513
5;-0,009341236
1;0,003821933
2;0,003847116
3;-0,015508682
4;0,002514099
5;0,00546152
1;-0,005918979
2;0,001563106
3;0,002303084
4;-0,005345515
5;-0,011555931
1;0,011925098
2;0,012838491
3;0,00172919
4;0,000281516
5;-0,00108266
1;-0,015198081
2;0,002600718
3;0,013403302
4;0,002448097
5;0,007303788
1;-0,007566237
2;-0,000142189
3;0,001580029
4;0,009337494
5;0,006426434
1;0,000151165
2;5,37E-06
3;0,011800591
4;0,001462182
5;-0,000193596
1;0,001227906
2;-0,004729045
3;-0,00611497
4;0,008724552
5;0,008745147
1;-0,002737887
2;-0,011158536
3;0,009582634
4;-0,017045063
5;0,002104757
1;0,004943327
2;-0,002792127
3;0,002248748
4;0,005510867
5;-0,001941585
1;0,010133574
2;-0,000904057
3;0,003438568
4;-0,002558222
5;6,92E-05
3;-0,005417855
4;-0,0037118
5;-0,011306844
2;0,004583325
3;0,016937969
4;0,004664743
5;0,004789076
1;0,013142158
2;0,001444854
3;0,00518694
4;0,004366564
5;0,004354548
1;-0,000649439
2;-0,01285471
3;-0,006117078
4;0,012147828
5;-0,000532355
1;-0,01267797
2;0,004245806
3;-0,000655696
4;-2,06E-05
5;0,014905685
3;-0,000688354
4;-0,003220084
5;-0,016835105
1;0,007639704
2;-0,00199903
3;-0,009295496
4;0,002597862
5;0,000811949
1;-0,007408444
2;0,007043408
3;0,000190639
4;0,0017892
5;0,001604446
1;0,007915249
2;0,001829891
3;0,000542495
4;0,011244623
5;0,002748467
1;0,005900802
2;-0,001971234
3;-0,006326477
4;0,004060504
5;-0,005078212
1;0,00062188
2;-0,013336209
3;-0,007028067
4;0,001099241
5;-0,004204795
1;0,006261977
2;-0,00143649
3;0,012842637
4;0,000551998
5;0,004606312
1;0,008085987
2;-0,000452081
3;-0,017737518
4;0,008172203
5;-0,003475019
1;0,006305296
2;0,00257069
3;-0,007054715
4;0,008574065
5;-0,004775029
1;0,016236304
2;0,002259681
3;0
4;0,019134901
5;0,00368885
1;0,003019397
2;-0,002774766
3;-0,010068232
4;0,007250443
2;0,012585531
3;0,011528165
4;0,006744703
5;-0,001901556
1;-0,012284116
2;-0,007685541
3;0,005707611
4;0,004201049
5;-0,004882637
2;0,012332042
3;0,009378438
4;-0,000766725
1;0,016777544
2;-0,009745754
3;-0,003121479
4;0,003517689
5;-0,014037336
1;-0,024375479
2;-0,00618648
3;0,013477879
4;-0,021229996
5;0,002875396
1;-0,031625158
2;0,003728445
3;-0,002645865
4;-0,007979222
5;0,012548282
1;0,004310894
2;-0,006654611
4;-0,013498533
5;0,016949526
1;0,006484422
2;-0,0026959
3;-0,009849823
4;-0,023440737
5;0,011492205
1;-0,000463998
2;-0,025086988
3;0,000885759
4;0,012199741
5;0,026062829
1;-0,004668561
2;-0,01019136
3;0,003223072
4;0,010629566
5;-0,001131008
1;-0,000253055
2;-0,001906933
3;-0,002033166
4;0,007755067
5;0,025047337
1;0,003622725
2;0,002588726
3;-0,006238499
4;0,010628026
5;0,001142223
1;0,008712358
2;-0,006870167
3;0,001943516
4;-0,013204289
5;-0,010466419
1;-0,00440304
2;-0,00130058
3;0,003335257
4;0,023033143
5;-0,000512497
1;0,000996213
2;0,006246608
3;0,002010777
4;0,017864727
5;0,002259697
1;0,000960904
2;-0,003539862
3;0,007151785
4;0,000919569
5;-0,009466063
1;0,003885784
2;0,005567375
3;0,017350742
4;-0,007199603
5;0,00161348
1;0,002319633
2;-0,000922345
3;0,01019214
4;-0,004478518
5;-0,00244066
1;-0,018802729
2;0,00830683
3;-0,003584311
4;-0,012089718
5;0,004279748
1;-0,001957628
2;0,00946852
3;0,011722088
4;0,006203559
5;0,001806642
1;0,005161213
2;-0,004296101
3;-0,010392254
4;-0,0094351
5;0,002880658
1;-0,011566268
2;0,007454187
3;0,007854103
4;-0,001546223
5;0,003149234
1;0,008638933
2;-0,002332592
3;0,009538892
4;0,00609174
5;-0,001097085
1;-0,00310755
2;-0,013654839
3;0,012255825
4;0,000516945
5;0,000711646
1;0
2;0,003611996
3;0,001287329
4;0,015671927
5;-0,000239032
1;-0,01282529
2;0,008364242
3;0,002190746
4;0,000576451
5;0,006456448
1;0,001185587
2;0,000257599
3;0,001843999
4;-0,003392255
5;0,00701267
1;-0,001309269
2;0,003507414
3;0,000249509
4;0,010725438
5;-0,003066197
1;0
2;0,001463605
3;0,007031406
4;0,014051403
5;0,001863633
1;0,009916698
2;0,000145739
3;-0,006785093
4;0,00750028
5;-0,003261815
1;-0,001197044
2;0,000523486
3;0,011302305
4;0,00319345
5;0,001494127
1;-0,011961124
2;0,002827497
3;0,012676373
4;0,00075449
5;-0,000260606
1;-0,002926871
2;-0,029834517
3;0,007557399
4;0,00951482
5;-0,014324319
1;0,000637008
2;0,012827786
3;0,004328098
4;-0,009684425
5;-0,005481218
1;0,00980609
2;-0,000924618
3;-0,010045437
4;0,010692072
5;0,010057921
1;0,004295169
2;-0,011969493
3;0,014426235
4;-0,000898527
5;0,005068588
3;0,020756131
4;0,013903894
5;-0,001861053
2;0,017155522
3;0,00506882
4;-0,019180602
5;0,009230408
1;-0,009026689
2;-0,00659093
3;-0,016710291
4;-0,009394296
5;0,011694858
1;0,022940895
2;-0,002025613
3;0,001826775
4;0,010556817
5;0,002473082
1;0,021631045
2;-0,000121323
3;0,0024693
4;-0,007289345
5;-0,018984252
1;-0,002194098
2;0,010997444
3;-0,017455076
4;0,015973073
5;0,006514172
1;-0,005268752
2;0,009709442
3;0,001184956
4;0,002673446
5;-0,002771615
1;-0,004082769
2;-0,022648115
3;0,003850071
4;0,0161242
5;0,001434816
1;0
3;0,004051988
4;0,007612556
5;-0,004700294
1;-0,009883728
2;-0,01771404
3;-0,024944395
4;-0,015637487
5;0,004919495
1;-0,040792506
2;0,020872661
3;-0,007368665
4;0,013468533
5;-0,002103365
1;0,015944429
2;-0,005636555
3;-0,026001417
4;0,007009959
5;-0,000840652
1;0,016391682
2;0,004668652
3;0,008206705
4;0,008867939
5;0,000121373
1;0,003710739
2;-0,002992455
3;-0,007790026
4;0,013608112
5;-0,001052427
1;0,00044281
2;0,009695548
3;0,010295918
2;0,006813056
3;0,004978771
4;-0,003390677
5;-0,001927253
1;0,020271994
2;0,001496168
3;-0,000554303
4;-0,023244337
5;0,013061314
1;-0,000487317
2;0,000789217
3;-0,00175239
4;0,006334832
5;-0,006835523
1;-0,01016131
2;0
3;0,003415101
4;0,014272923
5;0,00768259
1;0,002662342
2;-0,009147964
3;0,006663141
4;-0,004737086
5;-0,013493521
1;0,024660427
2;-0,005309304
3;0,003306274
4;0,002735391
5;-0,004285027
1;0,001095318
2;-0,00401373
3;-0,002158833
4;0
5;-0,013471283
1;0,000443357
2;-0,002935171
3;-0,008626921
4;0,016649529
5;-0,001532592
1;0,006131762
2;0,00541523
3;-0,00113008
4;-0,000886619
5;-0,014089551
1;0,005171607
2;0,001013287
3;-0,002797032
4;0,013922434
5;0,00715259
1;0,026566858
2;0
3;0,004704688
4;0,012374314
5;0,002058489
1;-0,008103688
2;-0,000860956
3;-0,004505269
4;0,010661872
5;-0,007572052
2;0,017230693
3;0,003038563
4;0,001548856
5;0,0124486
1;0,012599736
2;0,002993661
3;-0,012257901
4;0,008895594
5;0,012645809
1;-0,006312282
2;0,004492823
3;-0,009384978
4;0,007600872
5;0,011907345
1;0,003157483
2;0,004582569
3;-0,004727237
4;-0,006462444
5;-0,028016275
1;0,007481334
2;0,019381839
3;-0,031973591
4;-0,000539438
5;0,004232395
1;-0,027059895
2;-0,00131099
3;0,02829235
4;-0,004327201
5;-0,02924105
1;0,004504651
2;0,005294964
3;-0,029119427
4;-0,033456705
5;-0,013895174
1;0,05758716
2;0,006172902
3;0,028022833
4;0,027370383
5;-0,001964748
1;0,028210273
2;-0,009116519
3;-0,014796637
4;0,019952865
5;0,021050446
1;-0,003343205
2;-0,00075413
3;0,007636325
4;-0,00078014
5;-0,002822644
1;0,000712346
2;-0,001979483
3;0,0148317
4;0,00928945
5;0,014608899
1;-0,012072284
2;-0,00091467
3;0,039013962
4;0,005716055
5;0,005534993
1;0,027032862
2;-0,004592114
3;0
4;0,023736222
5;0,002852737
1;0
2;0,038213453
3;-0,025856829
4;-0,018583586
5;0,031296494
1;-0,002202447
2;0,016349066
3;0,012017955
4;0,019538474
5;-0,010165447
1;0,02406489
2;-0,020044322
3;0,011816129
4;0,005661327
5;0
1;-0,037744623
2;0,034747097
3;-0,001476059
4;0,017604017
5;0,018279057
1;0,038128173
2;0,001623406
3;-0,009069323
4;0,004464928
5;-0,033073377
1;-0,051383228
2;0,016985889
3;0,009156901
4;-0,032454492
5;0,000805997
1;-0,039604716
2;0,004962054
3;0,047847473
4;-0,014324137
5;-0,040341391
1;-0,005601871
2;0,011263281
3;-0,042405056
4;-0,023309066
5;0,020408347
1;0,040085703
2;-0,01518753
3;0,005900557
4;0,039798441
5;0,005639114
1;0,00051691
2;0,007687825
3;0,016002391
4;0,007248051
5;-0,024536606
1;-0,011906271
2;0,025144782
3;-0,024444703
4;-0,027606942
5;-0,006538307
1;-0,035714877
2;0,005111258
3;0,011026089
4;-0,000450354
5;0,022321031
1;0,018003303
4;-0,010214888
5;-0,01710963
1;0,016021509
3;-0,009106639
4;-0,024731002
5;0,023248436
1;-0,012439104
2;-0,002453015
3;0,018380254
4;-0,014038994
5;-0,013451749
1;-0,014957772
2;-0,024103606
3;-0,055172782
4;0,026799501
5;0,003453717
1;-0,056440494
2;-0,090513203
3;0,101839373
4;-0,023133783
5;0,065088594
1;-0,043473595
2;0,009853756
3;-0,026619717
4;-0,008403887
5;0,028074544
1;0,036968417
2;-0,008963804
3;-0,055494397
1;-0,037037517
2;0,013420267
3;0,010756165
4;0,036117839
5;0,005262612
1;-0,016247439
2;0,015200861
3;-0,02232531
4;0,001373334
5;-0,013551168
1;-0,001541627
2;0,018969198
3;0,031916091
4;0,004395273
5;-0,010629787
1;-0,031169149
2;-0,019917224
3;-0,000239217
4;0,009832382
5;-0,036711168
1;0,009012948
2;0,012704655
3;0,018416178
4;-0,049047981
5;-0,002897703
1;-0,053219124
2;0,014128114
3;0,022304403
4;-0,035313369
1;0
2;0,062274638
3;0,006765102
4;0,002085191
5;0,027062705
1;-0,018934069
2;0,012536843
3;0,031271287
4;0,016295498
5;0
1;0,012862921
2;-0,010925351
3;-0,013546598
4;0,008408726
5;0,019678911
1;-0,035342286
2;0,003778048
3;-0,000961915
4;0,015813843
5;-0,00252514
1;0,021419294
2;0,008758671
3;0,013940151
4;0,015363843
5;-0,006406577
1;0,005842183
2;0,009610694
3;-0,006146779
4;0
5;0,018681463
1;-0,002177208
2;0,00298135
3;-0,025136877
4;-0,006283609
5;-0,015308054
1;0
2;0,019346288
3;-0,000755193
4;-0,000774577
5;0,004112844
1;0,004804035
2;-0,022501479
3;0,011488629
4;-0,016520844
5;-0,013226422
1;-0,024028323
2;0,006392588
3;-0,001340571
4;0,005530358
5;0,006097272
1;0,012083329
2;-0,018518175
3;-0,01041309
4;0,005458632
5;0,006037735
2;-0,042983152
3;-0,002052112
4;-0,013106139
5;-0,018921929
1;0,019175113
2;0,001228094
3;0,011547697
4;-0,022904338
5;-0,002283986
1;-0,001347982
2;-0,011465009
3;0,00794572
4;-0,007961306
5;-0,018577541
1;0,002702952
3;-0,018151246
4;-0,021500236
5;0,008486314
1;0,022579419
2;-0,032100502
3;0,027194144
4;0,000732106
5;0,016487547
1;-0,00769659
2;-0,038889132
3;0,00229868
4;0,023801924
5;0,006396421
1;0,02966906
2;-0,000240566
3;0,026591274
4;-0,002026297
5;-0,015144164
1;-0,002355381
2;-0,019099835
3;0,019249247
4;0,001783289
5;0,005768357
1;-0,015324187
2;-0,025422451
4;0,007011886
5;-0,00995657
1;-0,001182776
2;-0,010043709
3;-0,016191172
4;0,004656801
5;-0,010910193
1;-0,010924469
2;-0,021553391
3;0,021581579
4;-0,026098126
5;0
1;0,03435442
2;-0,002283129
3;0,019193757
4;-0,023208615
5;0,013714226
1;-0,016865241
2;0,006491274
3;-0,021976731
4;-0,009546488
5;-0,022628385
1;0,042286771
2;-0,014686334
3;-0,02426986
4;-0,03102982
5;-0,001849175
2;-0,055907886
3;-0,036924652
4;-0,000268219
5;0,091799331
1;0,015630223
2;-0,039446694
3;0,004712068
4;-0,001454491
5;-0,013416647
1;-0,043844511
2;0,007551108
4;0,010759939
5;-0,029462053
1;-0,050967124
2;0
3;-0,085176892
4;0,032609136
5;-0,074619243
1;0,09749517
2;0,031423275
3;-0,05085165
4;-0,049181157
5;-0,045421011
1;0,051475321
2;-0,018564512
3;-0,052869967
4;-0,036119699
5;-0,086646961
1;-0,135820244
2;0,134068089
3;0,008362646
4;0,120579802
5;-0,02552781
1;0,026540566
2;0,002782584
3;0,031196905
4;-0,073390427
5;0,032349155
1;0,034583201
2;-0,04890445
3;-0,007277376
4;-0,052864176
5;0,024011756
1;-0,000969999
2;-0,046416368
3;-0,007779552
4;-0,041196602
5;0,028902041
1;-0,016026053
2;0,033208848
3;0,037405234
4;0,013566312
5;0,024503874
1;0,015759112
2;-0,051110372
3;0,013544443
4;-0,005821754
5;0,024589015
1;0,083034187
2;-0,019575705
3;0,054381608
4;0,002318571
5;-0,056349809
1;0,019363578
2;0,005518095
3;0,02159627
4;0,002409046
5;-0,024183783
1;-0,033961025
2;-0,027848937
3;-0,002580539
5;0
1;0,010124726
2;-0,00651032
3;0,010619539
5;0,044541752
1;0,034016085
2;-0,003462837
3;-0,034239533
4;-0,038881394
5;-0,002672146
1;-0,028676559
2;-0,02192276
3;0,00267128
4;-0,034266182
5;0,000947225
1;0,006352976
2;-0,028916347
3;-0,029453181
4;0,005891873
5;-0,006291679
4;0,044761627
5;0,009365762
1;-0,031886771
2;-0,006599505
3;0,022213865
4;0,00876513
5;0,035491618
1;0,008315362
2;0,008071017
3;-0,024905143
4;-0,023231446
5;0,024372663
1;-0,007314952
2;-0,038675673
3;0,005438857
4;0,000565298
5;-0,025208031
1;0,036792048
2;-0,028999145
3;0,016010511
4;-0,008505064
5;-0,006486317
1;-0,039330901
2;-0,023291763
3;0,024402576
4;-0,009771742
5;-0,024011669
1;-0,049605073
2;0,030340069
3;0,020031392
4;0,005922584
5;0,042756376
1;0,035365695
2;-0,007628795
3;0,018394641
4;0,001047695
5;-0,022910036
1;0,046727547
2;0,033845182
3;-0,020938241
4;0,035117266
5;0,000745347
1;-0,048107193
2;0,008855374
3;-0,004168955
4;0,071526629
5;0,001632055
1;0,030624796
2;-0,004615905
3;-0,030890269
4;0,029042488
1;0
2;0,044542471
3;0,005725496
4;-0,005543871
5;0,001172386
1;0,00954582
2;-0,029967961
3;-0,027016323
4;0,022332434
5;0,002913371
1;-0,027805123
2;-0,019412405
3;0,02723394
4;0,037017227
5;0
1;0,053931878
2;0,002988622
3;0,024320709
4;0,022514449
5;0,009938893
1;-0,017514316
2;0,003836859
3;-0,005496128
4;-0,030830407
5;0,014941301
1;0,013734922
2;0,030153637
3;-0,003894365
4;-0,015939623
5;-0,007995487
1;0,003469428
2;-0,007636923
3;0,051260719
5;0,015849448
1;0,038731119
2;-0,026801026
3;0,010138716
4;-0,003975275
5;0,009507821
1;-0,023077456
2;-0,010734882
3;0,039477879
4;0,000285815
5;0,005236113
1;-0,020901227
2;-0,018190324
3;-0,004463443
4;-0,017174386
5;0,008082943
1;0,007705327
2;-0,029283579
3;0,019971017
4;0,021173578
5;0,017639912
1;-0,003864932
2;-0,008116609
4;-0,010979195
5;0,001393568
1;-0,012381176
2;-0,006536547
3;-0,00793634
4;0,003915339
5;-0,004629433
1;-0,025959719
2;0,035922675
3;0,0206363
4;0,005636744
5;0,023881656
1;0,036378108
2;-3,28E-05
3;-0,013087188
4;0,029159486
5;0,008295925
1;0,013363387
2;0,018246839
3;-0,023997203
4;0,004883885
5;0,016627265
1;0,011306387
2;-0,000520627
3;-0,014611606
4;0,019543063
5;-0,025385976
1;0,026833784
2;0,006889415
3;-0,030789157
4;0,020634906
5;0,001534201
1;-0,036838772
2;0,008338508
3;-0,017488554
4;0,0186004
5;-0,006407463
1;0,016542433
2;-0,00491566
3;0,00103102
4;-0,010495176
5;-0,007145549
1;-0,018805355
2;0,007481001
3;-0,017784768
4;0,012202674
5;0,027792998
1;0,015175173
2;0,02112833
3;-0,010437383
4;0,010425518
5;0,004350368
1;-0,010891069
2;-0,003149871
3;0,025388589
4;0,016937069
5;-0,006686056
1;-0,006989028
2;0,010575447
3;-0,004878908
4;-0,025550647
5;-0,001251571
1;-0,020955372
2;0,020421088
3;-0,002760172
4;0
5;-0,028056504
1;0,002626179
2;0,018548274
3;0,020453892
4;0,011761596
5;0,00030424
1;-0,009350332
2;0,007857086
3;0,019335453
4;0,00513154
5;-0,003149632
1;0,012262007
2;0,008276295
3;-0,002990848
4;-0,004832406
5;0,016929328
1;0
2;-0,018773848
3;-0,0185755
4;-0,023083971
5;0,022683644
1;-0,006118103
2;-0,017738579
3;0,017487856
4;-0,006297439
5;0,016192906
1;0,017159977
2;0,002725534
3;0,015995309
4;-0,010200694
5;0,006943558
1;0,017159564
2;-0,001300969
3;-0,003226791
4;-0,008670013
5;-0,008307106
1;0,013954209
2;-0,015411462
3;0,008378433
4;-0,017910796
5;-0,049654322
1;0,031988946
2;0,013276732
3;0,007946402
4;0,011787814
5;-0,002473586
1;-0,007727749
2;-0,011915749
3;-0,01455475
4;-0,001920731
5;0,009268875
1;0,008349625
2;-0,012384306
3;-0,009311613
4;-0,012295959
5;-0,008077928
1;-0,010814848
2;0,006847768
3;0,011159741
4;0,008787861
1;-0,001710809
2;0,000894377
3;-0,000131175
4;0,017334427
1;-0,00225285
2;0,020693274
3;0,006134315
4;-0,006589094
5;0,001225144
1;0,005134184
2;-0,003794528
3;-0,026231197
4;-0,001456326
5;-0,002895478
1;-0,009006381
2;0,010105796
3;-0,018239433
4;-0,020096129
5;-0,006563802
1;-0,00617695
2;-0,024036798
3;-0,003799478
4;0,016009477
5;-0,011580638
1;0,006032857
2;0,001403399
3;0,021950296
4;-0,018529782
5;-0,033825543
1;-0,005823664
2;0,012170098
3;0,006644784
4;0,018326468
5;-0,001084829
3;0,013005205
4;-0,00546244
5;-0,026200912
1;0,02400088
2;0,011986894
3;-0,00755697
4;-0,003336166
5;0,010199495
1;0,021516405
2;-0,007188261
3;-0,001403445
4;-0,01452336
5;0,010259798
1;0,019479075
2;0,000503721
3;3,49E-05
4;0,000938343
5;-0,000869976
1;-0,006178482
2;-0,002668281
3;0,017052146
4;-0,00251995
5;0,001880497
1;-0,020687636
2;0,00260156
3;0,000992466
4;-0,011011625
5;0,013127088
1;0,008716898
2;0,006446999
3;-0,006356597
4;0,013916793
1;0
2;0
3;0,018027087
4;-0,002818993
5;0,015494618
1;-0,00317183
2;-0,001565944
3;0,000809498
4;0,00164366
5;-0,013291406
1;-0,021266594
2;0,010142655
3;-0,005213959
4;-0,002606256
5;-0,009857354
1;0,015996493
2;-0,015182496
3;-0,014801559
4;-0,008170995
5;0,015741055
1;-0,014181075
2;-0,002324027
3;-0,021198348
4;-0,009595993
5;-0,010641814
1;0,025101121
2;-0,013808859
3;0,003269658
4;0,010334545
5;-0,013657812
1;-0,021587552
2;0,011585565
3;-0,018518935
4;-0,001694577
1;0,006218782
2;-0,035305217
3;0,011049836
4;0,012163404
5;0,017110439
1;-7,69E-05
2;-0,013664267
3;-0,001290778
4;0,016043235
5;-0,000335635
1;-0,020528722
2;0,005626065
3;0,006840445
4;0,00058389
5;0,012134285
1;0,008993583
2;0,000510544
4;0,003793485
5;0,007337552
1;0,030365772
2;-0,00446189
3;0,00180105
4;-0,005920657
5;-0,002061594
1;0,001733086
2;-0,023321288
3;-0,005939407
4;0
5;-0,011174032
1;-0,00317605
2;0,01211847
3;-0,011369338
4;0,009696969
5;0,016231191
1;0,004346567
2;-0,00177855
3;0,006330545
4;-0,014954551
5;-0,000269591
1;-0,00789323
2;0,008605563
3;0,010926737
4;0,004989186
5;0,010898784
1;0,001180164
2;0,006384593
3;0,005600452
4;0,000125163
5;-0,003039152
1;0,018047452
2;0,002093284
3;0,004288557
4;8,54E-05
5;0,005879197
1;0,005648078
2;-0,015158629
3;-0,008373572
4;-0,008907082
5;-0,001618881
1;0,001922545
2;0,001198119
3;-0,005441169
4;0,002362741
5;-0,004310626
1;-0,004433165
2;-0,011086161
3;-0,001149328
4;-0,001111353
5;-0,000713915
1;0,006767727
2;-0,009726849
3;0,0042439
4;0,011813767
5;0,004903402
1;0,018157588
2;0,002152603
3;-0,014729624
4;0,003711182
5;0,004248479
1;0,018686462
2;0,001738694
3;0,001363374
4;-0,001574956
5;0,012798856
1;0,000294893
2;0,001148251
3;0,002048568
5;0,003247666
1;0,009959986
2;-0,01038866
3;0,01208054
4;-0,000916471
1;0,011583427
2;0,000905037
3;0,010600819
4;0,000170874
5;0,00261235
1;0,011403006
2;-0,003695745
3;0,014426802
4;0,016676826
5;-0,003971456
1;-0,012207149
2;0,012463876
3;-0,008758678
4;0,003939337
5;-0,005594602
1;0,004682115
2;-0,001129387
3;-0,018674865
4;0,001995885
5;-0,004946975
1;0,023814123
2;0,000780993
3;0,019795239
4;0,016062695
5;0,013810099
1;0,003513162
2;-0,010217307
3;-0,008534286
4;0,008117374
5;-0,019530133
1;-0,008099566
2;-0,0140052
3;-0,02040513
4;0,01805442
5;-0,001341148
1;-0,003466605
2;-0,027053689
3;0,005562732
4;0,001337716
5;-0,007725819
1;0,012552216
2;-0,006853636
3;0,010454983
4;0,008521938
5;-0,005484808
1;-0,00355813
2;0,008162761
3;-0,014429535
4;0,003427267
5;-0,00038373
1;0,006656577
2;0,004859172
3;-0,019646139
4;-0,013433255
5;0,002030248
1;-0,003341279
2;0,015549607
3;0,002229847
4;-0,006190474
5;-0,003024702
1;0
2;-0,009330946
3;0,015247593
4;0,001306978
5;0,001568814
1;0,017241101
2;0,00986877
3;0,003767534
4;0,001198045
5;-0,004199031
1;-0,006751005
2;0,009858055
3;0,015256128
4;0,004688149
5;0,001823908
1;-0,005213037
2;-0,000123781
3;0,010937738
4;-0,017178922
5;-0,005298196
1;-0,003149421
2;-0,000544225
3;0,002284596
4;-0,002671828
5;-0,006861273
1;-0,007210583
2;0,00151757
3;0,017978658
1;-0,014975034
2;-0,002946138
3;-0,013731468
4;-0,019856056
5;0,005283565
1;0,012715737
2;-0,009616587
3;0,011168512
4;0,006236512
5;0,012512669
1;-0,004665194
2;-0,021285232
3;-0,003656396
4;-0,013442252
5;0,018035975
1;0,014051893
2;0,002499229
3;-0,014975386
4;0,003195076
5;0,012311874
1;-0,004095288
2;0,016949302
3;0,004141683
4;-0,008232835
5;-0,015581776
1;0,004124854
2;-0,029014208
3;0,000997375
4;-0,018515462
5;0,000708764
1;0,017116619
2;0,00758318
3;-0,00142284
4;0,003929986
5;0,010565288
1;-0,003914612
2;-0,000339486
3;0,016816348
4;0,003239326
5;0,01159461
1;0,014542987
2;0
3;0,005552538
4;-0,000133836
5;0,004694955
1;-0,003819374
2;-0,013533918
3;0,00659555
4;-0,005027319
5;-0,00024697
1;-0,007431724
2;-0,013080817
3;0,015837782
4;0,010084939
1;0
2;-0,005438922
3;-0,004782451
4;-0,003656725
5;-0,003569385
1;0
2;-0,003698103
3;-0,013547395
4;-0,002302862
5;-0,004414843
1;0,007607714
3;-0,001895865
4;-0,009405326
5;0,008738346
1;-0,013653377
2;-0,002596939
3;0,004794375
4;0,006594137
5;0,001553402
1;-0,021275716
2;0,000869684
3;0,000725625
4;0,00672583
5;0,009443155
1;0,002861625
2;0,021329015
3;-0,002439203
4;-0,015895721
5;-0,013171515
2;-0,003530913
3;-0,009094666
4;-0,002288418
5;-0,008414847
1;0,003904435
2;-0,00053684
3;-0,006789981
4;-0,01763872
5;-0,011815012
1;-0,004423174
2;0,011557294
3;0,000429187
4;-0,004623211
5;0,018794077
1;-0,005888687
2;0,00090741
3;-2,72E-05
4;0,015156631
1;0,016488387
2;-0,00098949
3;-0,010180026
4;0,000560739
5;0,008672821
1;-0,016826188
2;-0,031089254
3;0,012100159
4;0,000607289
5;-0,002958767
1;-0,003233968
2;0,004468384
3;0,004613947
4;-0,000745607
5;0,020594402
1;-0,006773225
2;0,012428008
3;-0,001347261
4;0,001287894
5;-0,005798156
1;0,009893743
2;-0,010731429
3;-0,019307046
4;-0,004921899
5;-0,043835209
1;-0,021989601
2;-0,058270275
3;0,023162344
4;-0,009575274
5;0,001268388
1;0,032103471
2;-0,002372989
3;0,0037999
4;-0,013534903
5;-0,0312765
1;0,004471963
2;0,019748421
3;-0,02077939
4;0,014569116
5;-0,008623338
1;0,014309211
2;0,016924092
3;0,016234424
4;0,002455243
5;-0,018257177
1;-0,029955558
2;0,004785538
3;0,016977909
4;-0,006765653
5;-0,002322306
1;-0,042996383
3;0,000782646
4;0,00711857
5;0,014173768
1;-0,028008834
2;0,005106417
3;-0,010075941
4;-0,049673595
5;-0,013666018
1;-0,014883689
2;0,040679979
3;-0,006612347
4;0
5;-0,023518455
1;-0,044771089
2;-0,034586946
4;0,055186932
5;0,030664151
1;0,000228697
2;0,024017789
3;0,010302509
4;0,023100598
5;-0,013742715
1;0,0199173
2;-0,043174244
3;0,012794219
4;-0,01797233
5;0,002367199
1;0,040557182
2;0,010407084
3;0,005171074
4;0,032109901
5;0,016648944
1;-0,007740966
2;-0,025229433
3;0,018604929
4;-0,025206966
5;0,030719343
1;-0,008345047
2;2,95E-05
3;0,016928369
4;-0,053916869
5;0,009095873
1;0,019201348
2;-0,008222069
3;-0,020232832
4;-0,00759327
5;-0,017489128
1;-0,01445565
2;0,001411283
3;-0,021440615
4;0,003948102
5;-0,013789574
1;0,019499998
2;0,012034638
3;-0,014724832
4;0,054778003
5;0,002004593
1;0,007289394
2;-0,012458086
3;0,015627769
4;-0,006924438
5;-0,027676168
1;-0,000568862
2;-0,00694115
3;-0,005040009
4;-0,018009204
5;0,014240622
1;-0,011837654
2;0,000552691
3;0,01842687
4;-0,002077475
5;0,01356182
2;0
3;-0,005949219
4;-0,006541798
5;0,001980327
2;0,023748027
3;-0,007983083
4;0,004587027
5;-0,011781521
1;0,014558126
2;0,007317698
3;0,007739799
4;-0,002957595
5;0,00569404
1;-0,010059583
2;0,031863503
3;0,003010075
4;0,012921242
5;0,008359905
1;0
4;0,016216088
5;0,003054656
1;-0,016785566
2;0,011347835
3;-0,002805237
4;0,019774305
5;0,000844892
1;-0,002268797
2;-0,000519209
3;0,01530653
4;-0,000402108
5;-0,010822267
1;0,004969382
2;0,001455799
3;0,021162929
4;-0,004124998
5;0,010023255
1;-0,003114429
2;0,002514015
3;0,003279728
4;-0,007840196
5;0,001209222
1;-0,008868152
2;0,016401301
3;0,005149286
4;-0,01356572
5;0,008116417
1;-0,013867458
2;-0,021823684
3;-0,008614711
4;0,013145376
5;0,008825227
1;0,002282322
2;0,009677553
3;-0,001491761
4;0,002139639
5;-0,001672316
1;-0,009547327
2;-0,010811101
3;-0,001514438
4;0,002151914
5;-0,01119848
1;2,90E-06
2;0,018125536
3;-0,007702448
4;-0,013304511
5;-0,00261436
1;-0,001622286
2;0,013009088
4;-0,009568027
2;-0,011563713
3;-0,010646345
4;0,00922464
5;0,018218146
1;-0,004376493
2;-0,002347659
3;0,010566327
4;0,010258675
5;0,000744186
1;-0,01855462
2;0,002555353
3;-0,001494067
4;0,007884062
5;-0,003285591
1;0,016864482
3;0,010134678
4;-0,002798495
5;-0,007725464
1;-0,026398218
2;-0,002530388
3;-0,007551599
4;-0,005096919
5;-0,01306998
1;-0,011566472
2;0,008038025
3;-0,032412181
4;-0,003062864
5;-0,013057163
1;-0,001559374
2;0,006155208
3;-0,01337536
4;-0,006396909
5;0,002515263
1;0,004669149
2;0,013444147
3;-0,019353282
4;-0,003252973
5;-0,003828136
1;-0,020289761
2;0,00403023
3;0,014220094
4;0,00848204
5;-0,009464676
1;0,024098259
2;-0,004286455
3;0,00812478
4;-0,011530217
5;0,022372848
1;0,010029118
2;-0,000573569
3;0,00524869
4;-0,013087054
5;-0,014110981
1;-0,005155638
2;0,00445574
3;0,010226304
4;-0,007940941
5;0,021639804
1;0
2;0,015012666
3;-0,001307127
4;0,005029505
5;-0,000428682
1;-0,018994303
2;-0,001634537
3;0,001211349
4;-0,020537083
5;0,003542711
1;0,001502592
2;0,01731608
3;-0,01113586
4;0,016452887
5;0,00417094
1;-0,030359798
2;-0,007918017
3;-0,001369489
4;0,000818637
5;0,020026476
1;0,015977546
2;0,010736423
3;0,001189888
4;-0,006589651
5;-0,001220641
1;0,016767862
2;0,003684939
3;-0,000350291
4;0,010112894
5;-0,006600596
1;-0,002723196
2;0,010418928
3;-0,011867588
4;-0,004465306
5;0,007640943
1;-0,000586768
2;-0,000207938
3;-0,01061882
4;0,012217037
5;-0,0126068
1;-0,004100947
2;0,000662956
3;-0,001176254
4;-0,011977342
5;-0,003603905
1;0,003926056
2;-0,006632644
3;-0,01476839
4;0,003349296
5;0,030396486
1;0,001262197
2;0,001547686
3;0,010893781
4;-0,001383745
5;0,028624721
1;0,001372315
2;-0,002723218
3;0,011581103
4;-0,012115661
5;0,006969998
1;-0,001942571
2;0,000192301
3;-0,008293275
4;0,011361705
5;0,00375409
1;0
3;0,002295785
4;0,000941233
5;0,004982318
1;-0,008978728
2;0,005398243
3;-0,000844784
4;0,00379068
5;0,006520893
1;0,000559068
2;0,002777457
3;0,009833573
4;0,004754599
5;0,001534694
1;0,006741867
3;0,003047769
4;0,002132006
5;-0,012208899
1;-0,00160347
2;-0,003841212
3;0,009902009
4;0,008285124
5;0,013177469
1;-0,004756827
2;-0,002819971
3;0,007057472
4;-0,024410626
5;-0,008499447
1;0,002145059
2;-0,011340148
3;0,011885488
4;-0,015654975
5;0,002369646
1;0,004858444
2;-0,001590009
3;0,013851062
4;0,010115748
5;0,007823724
1;-0,00238351
2;-0,000813621
3;-0,006201658
4;0,009805297
5;0,004891567
1;-0,011988753
2;0,001474483
3;0,021372749
4;-0,000947873
5;-0,002639007
1;0,003847725
2;0,002117458
3;0,008004542
4;-0,002570474
5;0,00712076
1;-0,004094458
2;-0,000838956
3;0,005702383
4;0,001608104
5;-0,006796721
1;0,001549033
3;0
4;0,003480886
5;0,002067289
1;-0,00042671
3;0,028502067
4;0,0037088
5;-0,002889386
1;-5,74E-05
2;-0,009412454
3;0,004631167
4;0,005833467
5;-0,003871439
1;0,006392418
2;-0,001356989
3;-0,001049242
4;-0,000737953
5;0,011163789
1;-0,000460665
2;0,002881701
3;-0,001010274
4;-0,001532794
5;-0,00078297
1;0,003870715
2;-0,00070615
3;0,007030346
4;-0,003891778
5;-0,000324121
1;-0,001553784
2;-0,022911079
3;0,004671873
4;-0,003442745
5;0,001645106
1;0
2;0
3;0
4;0,008496588
5;0,001336384
1;-0,002674556
2;-0,010232251
3;0,007039657
4;-0,017343201
5;-0,005438071
1;0,001650786
2;-0,013250812
3;0,002542094
4;0,019443
5;-0,00610235
1;-0,015078439
2;0,001006246
3;0,009587544
4;-0,000281014
5;0,013976953
1;-4,89E-05
2;-0,00870879
3;-0,014696423
4;0,002768296
5;-0,003812436
1;-0,020161399
2;-0,001881011
3;0,009688032
4;-0,001374029
5;-0,004987699
1;0,006124016
2;0,002689723
3;0,006867114
4;-0,007380444
1;0
2;0,003053232
3;-0,001356886
4;0
5;-0,027715309
1;-0,000407412
2;0,006987669
3;0,007480749
4;0,003022943
5;-0,000553062
1;-0,014426497
2;-0,004633025
3;-0,004734328
4;-0,00265307
5;0,02302399
1;0,001398159
2;-0,010844106
3;0,017115349
4;0,009787831
5;0,006517194
1;0,00146515
2;0,006895334
3;0
4;-0,003026521
5;0,000955063
1;0,00987311
2;0,005743869
3;0,008522578
4;-0,001415108
5;0,004716692
1;-0,014312601
2;-0,002592766
3;0,004957539
4;0,001666706
5;0
1;0,017621229
2;-0,005405972
3;-0,004516231
4;-0,025753229
5;-0,002252677
1;0,002974527
2;0,010445104
3;-0,016241635
4;-0,003135935
5;-0,004106835
1;-0,004923193
2;0,000149436
3;-0,009752356
4;-0,010513522
5;-0,012123974
1;0,001844394
2;-0,012121699
4;-0,022141112
5;0,003922962
1;0,012170301
2;-9,42E-07
3;-0,011323235
4;-0,029203115
5;-0,005882981
1;-0,022424112
2;0,002104378
3;0,024025973
4;0,004979579
5;0,017613468
1;0
2;-0,006977029
3;-0,025063337
4;0,015824644
5;0,01868248
1;-0,013151765
2;0,004886452
3;0,010654727
4;0,025173941
5;-0,007501422
1;0,001222623
2;0,000425665
3;0,002787447
4;-0,001247744
5;0,000805477
1;0,002528349
2;0,023028846
3;0,002438684
4;-0,003098711
5;0,003099621
1;-0,005422306
2;0,004739747
3;-0,003207294
4;0,00933
5;0,004615209
1;0,00139779
2;-0,013514996
3;-0,015391729
4;0,003100497
5;0,006979688
1;0,021041257
2;0,012043684
4;-8,34E-05
5;-0,000951682
1;-0,002405879
2;-0,022209587
3;-0,006968144
4;0,003553627
5;-0,001457532
1;0,006465205
2;-0,005950324
3;-0,016135128
4;0,008333723
5;0,001224326
1;0,020224022
2;0,009838105
3;-0,003057193
4;0,012098307
5;0,001028325
1;0,005705313
2;0,009884766
3;-0,001721052
4;0,000722584
5;-0,001676078
1;0,014604846
2;-0,003096512
3;-0,002724527
4;0,01651948
5;0
1;-0,005588181
2;-0,008270621
3;0,001318857
4;-0,003651698
5;0,0035401
1;-0,015073147
3;0,005436671
4;0,00995357
5;-0,00327315
1;-0,00713866
2;0,00887926
3;-0,006270142
4;-0,003595503
5;0,011567042
2;0,005077893
3;-0,004646861
4;-0,005761706
5;0,010561963
1;0,004192125
2;-0,005225645
3;-0,013647349
4;-0,007161686
5;-0,006038562
1;0,004757297
2;0,001750593
3;0,019826194
4;-0,004199068
5;0,00186929
1;-0,002591335
2;-0,006518503
3;-8,72E-05
4;-0,006790832
5;-0,005989661
1;0,014208049
2;-0,007328089
3;-0,019292021
4;0,008215863
5;0,016768742
1;0,026897329
2;-9,51E-05
3;0,001818041
4;-0,005100141
5;0,00490688
1;-0,000499359
2;-0,000133852
3;0,005267489
4;-0,00072528
5;0,003868235
1;0,006563485
2;-0,005342353
3;-0,007631152
4;-0,000679999
5;0,001286675
1;0,002862836
2;-0,002816929
3;-0,017244652
4;-0,005160209
5;0,001198345
1;-0,005664305
2;-0,001967353
3;0,003228095
4;-0,011082267
5;-0,00335092
1;0,004783349
2;0,011192472
5;0,002743913
1;7,01E-05
2;0,002643109
4;0,001443197
5;-0,022652625
1;-0,005851701
2;0,001261319
3;0,012418182
4;-0,009141264
5;0,00258231
1;0,00185897
2;-0,004267954
3;0,004846236
4;0,003678929
5;0,006372128
1;-0,008874995
2;0,004532876
3;0,002130744
4;-0,015206721
5;-0,012563916
1;-0,021337788
2;-0,000703739
3;0,008206884
4;-0,004807485
2;-0,029364448
3;-0,006018231
4;0,0072027
5;0,0099267
1;-0,002665211
2;0,01762564
3;0,014590947
4;-0,005410876
5;0,005976996
1;0,010595993
2;0,002295028
3;0,00339431
4;-0,012004068
5;0,00774697
1;-0,007993494
2;-0,003192433
3;0,005373311
4;0,017264746
5;0,000384538
1;-0,01483519
2;0,006951574
3;-0,003441845
4;0,005440937
5;-0,001872874
1;-0,017610085
2;0,000210174
3;-0,016647295
4;-0,006682415
5;-0,010005264
1;-0,003047422
2;0,005088561
3;-0,000686408
4;-0,018083408
5;0,011945088
1;0,018934031
2;-0,005237884
3;0,007126566
4;-0,002438122
5;0,010527665
1;0,003868689
2;0,013340228
3;0,003353165
4;0,001824835
5;-0,00244037
1;-0,00592286
2;0,009775478
3;0,01083634
4;0,014937885
5;-0,007937587
1;0,001527287
2;-0,016081708
3;0,001091095
4;0,002826016
2;-0,0012996
3;-0,009771892
4;0,002358871
5;-0,015150895
1;-0,004103166
2;0,014415401
3;-0,014350341
5;0,005707912
1;-0,012855479
3;-0,010524176
4;0,004169485
5;0,001183979
1;0,018068417
2;0,004069133
3;0,010254423
4;0,006536246
5;-0,000789987
1;-0,000370343
2;0,00571729
3;8,06E-05
4;0,005120749
5;0,000527008
1;-0,000116702
2;-0,000822524
3;0,005898202
4;-0,003032753
5;0,003102941
2;0,009030808
3;-0,006000093
4;-0,001817932
5;-0,006889203
1;0,0072271
2;0,00854006
3;-0,002510038
4;-0,003543657
5;0,006200795
1;-0,000793654
2;-0,004175107
3;-0,000942971
4;-0,000603675
5;0,001135849
1;-0,016924733
2;0,00331966
3;-0,000609434
4;0,014377036
5;0,001020695
1;-0,001327236
3;0,015357486
4;-0,000772285
5;0,000633844
1;-0,00023106
2;1,95E-05
3;-0,015639443
4;0,002711191
5;-0,000238421
1;0,004861311
2;0,004840777
3;0,002695431
4;-0,000102457
5;-0,002813374
1;-0,00288844
2;0,016747319
3;0,007947442
4;0,007051292
5;0,003081633
1;0,00874182
2;0,008636843
3;0,003713795
4;0,000995776
5;-0,009106303
1;0,002753779
2;0,001956615
3;-0,002605197
4;-0,008027947
5;-0,002305058
1;0,012847319
2;0,00175898
3;0,00810537
4;-0,003581286
5;0,006173308
1;2,08E-05
2;0,006689135
3;0,001464122
4;-0,006606096
5;0,004715181
1;0,002175058
2;-0,003678643
3;-0,006230861
4;-0,007158746
5;4,28E-05
1;0,0004053
2;-0,000124038
3;0,022727738
4;-0,000791451
5;-0,002286198
1;-0,001971026
3;-0,01944473
4;-0,001730676
5;-0,002733367
1;-0,009737309
2;-0,009113956
3;0,009910945
4;-0,008556626
5;0,005670581
1;-0,014532291
2;-0,004955593
3;0,003540303
4;-0,006436627
5;-0,003781945
1;-0,019153124
2;-0,012834489
5;0,005721191
1;0,010801406
2;0,004599307
3;-0,006819652
4;0,011590403
5;-0,019132314
1;0,002372388
2;-0,004131082
3;0,003987186
4;-0,010386925
5;0,00532488
1;0,002041505
2;0,000793781
3;0,013567543
4;-0,003029284
5;-0,001328605
1;-0,00684548
2;0,016164132
3;0,012653677
4;-0,004958986
5;0,012411873
1;-0,003426557
2;-0,002944207
3;-0,006312009
4;-0,001956282
5;-0,004197928
1;0,008223336
2;0,002674072
3;0,005441255
4;0,003409645
5;0,002803733
1;-0,012125168
2;-0,011321956
3;-0,006646155
4;-0,001013207
5;0,003739524
1;0,019270298
2;-0,00206255
3;0,011179974
4;-0,004476665
5;-0,000701371
1;-0,026186749
2;0,012200888
3;-0,009586565
4;0,017094361
5;0,007111111
1;0,001874286
2;-0,02364085
3;0,001646021
4;-0,009051868
5;-0,00272069
1;-0,00956637
2;-0,015639833
3;-0,003741359
4;0,010849097
5;0,012380014
1;0,012549923
2;-0,003203956
3;0,000670479
1;0,017989336
2;-0,011510826
3;0,00441302
5;0,010651798
1;-0,005737824
2;-0,009994845
3;0,008304641
4;0,006493307
5;0,003535514
1;0,004442884
2;0,00785661
3;-0,004277807
4;0,009834695
5;-0,010211333
1;-0,015260106
2;0,008918975
3;0,016621042
4;0,006958566
5;0,013279496
1;0,002389454
2;-0,004128156
3;0,002195733
4;-0,010755162
5;-0,003616898
1;-0,000910765
2;0,002856474
3;0,005076935
4;0,003467677
5;-0,003482669
1;-0,006438589
2;0,000289506
3;-0,008725133
4;0,004396241
5;0,010605604
1;0,001780645
2;0,002357034
3;0,001902576
5;0
1;0,000188448
2;-0,003496496
3;0,001139146
4;0,004983068
5;-0,003168206
1;0,002580933
2;-0,007447471
3;-0,009656731
4;-0,011194069
5;-0,001201066
1;-0,001696107
2;-0,009415724
3;-0,007519102
4;0,003366874
5;0,001060453
