5;-0.011378519
1;0.000522398
2;-0.009023485
3;-0.006715338
4;0.012469351
5;-0.017255703
2;-0.017938545
3;-0.000787284
4;-0.002501701
5;0.002936141
1;0.011337072
2;0.003242449
3;-0.016155266
4;0.005152694
5;-0.002573028
1;0.008102897
2;0.001129184
3;-0.000725758
4;0.00045702
5;0.011862916
1;-0.000504775
2;0.000956201
3;-0.009737435
4;0.005720564
5;-0.00609595
2;-0.004865928
3;0.001319634
4;0.008468722
5;-0.00032029
1;-0.006346847
2;-0.008823706
3;-0.032000528
4;0.002599183
5;-0.026472883
1;-0.046011077
2;0.017138176
3;0.020266426
4;-0.022274459
5;0.006716971
1;-0.006273676
2;-0.001596783
3;-0.012776967
4;0.009813212
5;0.008923882
1;-0.018557264
2;-0.022641104
3;-0.00828041
4;0.009842599
5;-0.001715476
1;-0.042367676
2;-0.014693353
4;-0.03179163
5;0.017570825
1;0.04720223
2;-0.000439795
3;-0.01781629
4;-0.007641713
5;-0.03429507
1;-0.068254556
2;0.026709597
3;-0.011083448
4;-0.006844026
5;0.035812477
1;0.037506281
2;-0.025758217
3;-0.006264306
4;0.006196793
5;-0.01390304
1;-0.026043048
2;-3.51339E-05
3;0.027275521
4;0.023516981
5;-0.003680165
1;-0.005242476
2;-0.006015564
3;0.002133244
4;-0.004712752
5;0.005422823
2;0.003542813
3;0.016170338
1;0.025586215
2;0.000484441
3;-0.000807533
4;0.001098085
5;0.017026591
1;0.016710325
2;-0.001436602
3;-0.000906746
4;0.002936126
5;-0.001498221
1;-0.007808252
2;0.005431469
3;0.007455388
4;0.004186767
5;0.014806894
1;0.012063311
2;-0.011331738
3;0.003285474
4;0.006206781
5;-0.007270336
1;0.001033184
2;-9.11203E-05
3;0.000971522
4;0.007226361
5;-0.006043593
1;-0.013825316
2;-0.006721989
3;0.001545739
4;0.009102154
5;-0.003987368
1;-0.004960343
2;-0.010463172
3;0.001497006
4;-3.11648E-05
5;-0.012292024
1;-0.018179714
2;0.014291426
3;0.023198974
4;-0.006426697
5;-0.005183786
1;0.006864302
2;0.007897834
3;0.00095589
4;-0.002901326
5;0.002870505
1;0.002862289
2;-0.01193398
3;0.004406797
4;0.008663669
5;0.002115949
1;0.011512934
2;0.004532141
3;-0.003745096
4;0.000242043
5;-0.019365888
1;-0.016387947
2;-0.006069487
3;-3.15442E-05
4;-0.010496204
5;-0.016293967
1;-0.013701973
2;0.019291738
3;-0.006400125
4;-0.019416814
5;-0.024398392
1;-0.031525771
2;-0.033672497
3;0.030485606
4;-0.031824512
5;-0.010410315
1;-0.04314204
2;0.018808857
3;0.052544714
4;-0.020230294
5;-0.028049542
1;-0.011149392
2;-0.007274413
3;-0.042212483
4;-0.060203268
5;0.017869547
1;0.039593068
2;0.022379161
3;-0.032251936
4;0.030656015
5;0.011927031
1;-0.02171376
2;-0.020347229
3;-0.033890476
4;-0.011108905
5;0.006279587
1;0.045641345
2;-0.019160913
3;0.024529039
4;-0.00560738
5;-0.00712402
1;-0.021558596
2;-0.019938071
3;-0.006679154
4;-0.005197671
5;0.007386961
2;-0.017778435
3;-0.048595397
4;-0.021762211
5;-0.036864498
1;-0.036989122
2;0.12427845
3;-0.002142218
4;-0.025307708
5;0.024388208
1;0.034529239
2;-0.005729459
4;-0.039457387
5;-0.008715815
1;0.031607721
2;0.021278765
3;0.010660588
4;0.021068253
5;0.004667549
1;0.023814493
2;0.009013542
3;-0.016781659
4;0.018953384
5;-0.01378127
1;0.012834188
2;-0.003440711
3;-0.001903403
4;-0.036335303
5;-0.004124568
1;0.007822189
2;-0.01733203
3;-0.019635738
4;-0.022811404
5;-0.001655702
2;0.044436595
3;-0.001544531
4;-0.018978302
5;-0.013502423
1;0.014821432
2;-0.013398313
3;-0.016861901
4;0.02523015
1;0.012654634
2;-0.003127512
3;-0.024423854
4;-0.014901842
5;-0.011424141
1;0.011996337
2;-0.038713933
3;0.015026272
4;0.016046113
5;0.042068059
1;0.011118976
2;0.007205427
3;0.001751606
4;0.026480722
5;-0.011961035
1;-0.010818058
2;0.013852464
3;0.018377426
4;-0.014250676
5;-0.016651634
2;-0.014701234
3;0.005036103
4;0.00221623
5;-0.003850183
5;0.009182418
1;-0.013889693
2;-0.035985442
3;0.00309591
4;0.003390128
5;0.008382351
1;-0.001205494
3;-0.033733705
4;0.043763793
5;0.015279104
1;-0.019339025
2;-0.004205473
3;-0.008811391
4;0.009456233
5;0.012979987
1;-0.0001697
2;-0.004635446
3;-0.002133562
4;-0.005010395
5;-0.005855776
1;0.005598154
2;0.022714259
3;0.005442304
4;0.006325974
5;0.007933926
2;0.025960711
3;0.008147986
4;0.008594963
5;-0.000473373
1;0.034361778
2;-0.002404719
3;0.001222167
4;-0.006702053
5;-0.004660397
1;0.021388739
2;-0.006825189
3;-0.00721694
4;0.011999458
5;-0.020157115
1;0.003625288
2;-0.002428262
3;0.01797509
4;0.000568386
5;0.007923673
1;0.00228992
2;0.002172448
3;-0.011628694
4;0.004682788
5;0.011276695
1;0.011261464
2;-0.005170451
3;-0.020877741
5;0.006181468
1;0.001239227
2;-0.011588315
3;-0.008923864
4;0.003899684
5;0.00323816
1;-0.010898978
2;0.009376444
3;0.019913164
4;-0.003366377
5;0.002880822
1;-0.005957863
2;-0.010996804
3;-0.001825581
4;0.005920995
5;0.005961382
1;0.004241828
2;0.004373103
3;0.006209006
4;-0.006731277
5;-0.009636189
1;-0.011557756
2;0.009672172
3;-0.006133827
4;-0.011113559
5;0.003259018
2;-0.000497751
3;0.014372871
4;-0.000415353
2;-0.005149576
3;-0.001215529
4;0.004891098
5;-0.006260336
1;-0.006912778
2;-0.00241736
3;-0.008022877
4;-0.011764383
5;0.007106351
1;-0.006988803
2;-0.00164693
3;-0.003223273
4;0.009599823
5;-0.004494565
1;-0.004042788
2;-0.001377492
3;0.004087574
4;0.005944251
5;0.005560214
1;0.004757953
2;-0.013833522
3;-0.010502191
4;-0.012173441
5;0.002039226
1;-0.017609707
2;0.002639006
3;-0.007325146
4;0.013187183
5;0.011462592
1;-0.006035552
2;-0.01039745
3;-0.028266949
4;0.003535851
5;0.007982341
1;-0.021233104
2;0.005957393
3;-0.005915315
4;-0.009427452
5;-0.010761517
1;0.034518195
2;-0.004698065
3;-0.02630564
4;-0.010191664
5;-0.010340275
1;-0.032038947
2;0.019337434
3;0.022393238
4;-0.007946372
5;0.008681364
1;0.013777929
2;-0.003587141
3;-0.013524196
4;-0.006613033
5;-0.001878755
1;-0.007065927
2;0.002375507
3;0.023363925
4;0.001544071
5;0.007939938
1;-0.003194007
2;0.018133515
3;0.010334717
4;-0.00199195
5;-0.001871064
1;-0.008148642
2;-0.015561226
3;0.00958528
4;-0.008861059
5;-0.002003539
1;-0.019345296
2;-0.00497188
3;0.022523377
4;-0.01611687
5;-0.008945579
1;-0.06132345
2;0.01066207
3;0.016690298
4;0.020822867
5;-0.020233525
1;-0.021669767
2;0.002266788
3;-0.000878349
4;0.017422043
5;0.015066368
1;0.005936855
2;4.45048E-05
3;-0.002986208
4;0.004320431
5;0.008541198
1;-0.005257705
2;-0.007202272
3;0.004140977
4;0.001110248
5;0.026455642
2;0.013311202
3;-0.005389004
4;0.000600214
5;-0.0059753
2;0.006061015
3;0.010360136
4;0.016447947
5;4.17214E-05
1;-0.002213638
2;0.019092374
3;-8.20479E-05
4;0.013690472
5;-0.004624004
1;-0.010873227
2;-0.007218461
3;0.013527889
5;-0.013445097
1;-0.012370261
2;0.018560187
3;0.001110129
4;0.004305491
5;0.018445846
1;0.004888614
2;-0.002481391
3;-0.00623055
4;0.005990088
5;-0.001725003
1;-0.000160617
2;0.009551858
3;-0.006384444
4;0.009601094
5;-0.007082352
2;-0.003720376
3;-0.008088413
4;-0.01231798
5;0.001594017
1;-0.010386185
2;0.017791517
3;-0.010268202
4;-0.009836887
5;-0.003231422
1;-0.029434323
2;-0.003124534
3;-0.005459209
4;-0.000948726
5;-0.002635275
1;-0.010785996
2;0.010569681
3;-0.00603235
4;-0.008436655
5;-0.004090885
1;-0.031113322
2;0.007925946
3;0.022393656
4;-0.009306928
5;-0.000623552
1;-0.004107332
2;-0.018056736
3;-0.020711344
4;0.009718699
5;0.046873742
1;0.003597126
2;-0.004432456
3;-0.004673112
4;-0.028643181
5;-0.009778912
2;-0.005156312
3;0.036082417
4;0.004176299
5;-0.005245389
1;0.02408694
1;0.034929275
2;-0.009922601
3;-0.036779496
4;0.017412995
5;-0.03218143
1;-0.031083062
2;0.003588521
4;-0.007513807
5;-0.013556213
1;-0.019273711
2;-0.002681223
3;0.031895514
4;0.002180217
5;-0.023868153
1;-0.003089429
2;0.018114557
3;-0.00135663
4;0.009133335
5;0.021340384
1;0.005298565
2;-0.006343474
3;-0.002913331
4;0.007674704
5;9.04732E-05
1;-0.01306732
3;-0.012822462
4;-0.007034245
5;-0.023986957
1;0.020896778
2;-0.021471546
3;-0.012244067
4;0.007441445
5;0.024725489
1;-0.015095519
2;0.002523871
3;0.015994302
4;-0.001452025
5;0.00023434
1;0.006958255
2;-0.020499072
3;0.002514412
4;-0.011484793
5;0.006163863
1;-0.009332221
2;0.002736899
3;-0.012691077
4;-0.001457939
5;-0.005168474
1;-0.030727357
2;0.004074965
3;-0.007761745
4;0.021077653
1;0.00272109
2;-0.017343204
3;0.016700705
4;-0.017052667
5;-0.012550137
1;0.00162825
2;-0.016558113
3;-0.04029231
4;-0.01605763
5;0.014872988
1;-0.006703452
2;-0.035556357
3;-0.035235857
4;-0.034230854
5;0.072777323
1;-0.035001293
2;0.011708182
3;0.02871227
4;0.000668375
5;-0.021328289
1;-0.029437656
2;-0.01677634
3;0.003092847
4;0.032887518
5;0.008012863
1;-0.005201052
2;0.004345595
4;-0.007789718
5;-0.005072934
3;0.032746943
4;0.029321472
5;-0.001902847
1;0.01254613
2;-0.005334496
3;0.013949472
4;0.001916219
5;-0.03964835
1;0.020210453
2;0.016722168
3;-0.004221332
4;0.000856394
5;-0.02546735
1;0.018164519
2;-0.019043013
3;-0.021206524
4;0.0060413
5;0.022989518
1;-0.018926621
2;0.006753416
3;0.003469644
4;-0.012447261
5;-0.009733254
1;-0.007617472
2;0.010704328
3;-0.005732285
4;-0.001918087
5;-0.018522742
1;-0.025105434
2;5.89849E-05
3;-0.030421508
4;-0.024622689
5;0.029112171
1;-0.036932776
2;0.011614968
3;-0.015832126
4;0.018126629
5;-0.020716077
1;-0.004563613
2;0.01331544
3;0.023113462
4;0.026178081
5;-0.002389773
1;-0.003655435
2;-0.011897353
3;0.0084695
4;0.014888612
5;-0.003865256
1;0.024599604
2;-0.007996074
3;0.003042539
4;-0.007564909
5;-0.026241964
1;-0.040952935
2;0.007401401
3;-0.029167678
4;0.031539566
5;-0.034374619
1;-0.008098259
2;0.003506497
3;-0.021689413
4;0.030016608
5;0.022501426
1;-0.012714046
2;-0.001019043
3;0.018373469
4;-0.003635228
5;-0.025952353
1;-0.029560091
2;-0.016260521
3;-0.003311149
4;-0.000406201
5;0.003514942
1;0.007394992
2;-0.042483902
3;0.023619883
4;0.041250542
5;0.06030094
1;0.025027947
2;-0.014965895
3;0.009780475
4;0.059436208
5;0.023420538
1;0.00499557
2;-0.017932941
3;-0.008605126
4;0.044372654
5;0.009149789
1;-0.006217076
2;-0.008605249
3;0.031974305
4;0.001693839
5;-0.043231283
1;0.019848105
3;-0.02889041
4;0.009539199
5;0.002756037
1;-0.005575043
2;0.011939948
4;0.017727404
5;-0.011620182
1;-0.023208257
2;-0.012597798
3;-0.0198601
4;-0.001668153
5;-0.002651757
1;-0.012897408
2;0.009659662
3;-0.009075106
4;0.013005292
5;-0.016048722
1;0.01408556
2;0.010864361
3;-0.008439838
4;0.016241922
5;-0.014743967
1;-0.0271943
2;0.004956932
3;0.00902438
4;-0.007553835
5;0.006152784
1;-0.006270348
2;0.010176717
3;-0.006831545
4;-0.007645747
5;-0.01014695
1;0.005116014
3;0.0125009
4;-0.001935655
5;-0.009557031
1;-0.027219513
2;0.001217508
3;-0.007266098
4;0.003609118
5;-0.002812769
1;-0.010340463
2;-0.010573553
3;0.047976978
4;0.005468067
5;0.009615175
2;0.003633171
3;0.011977584
4;0.010178059
5;-0.000457797
1;0.012117912
2;-0.021202612
3;0.004667655
4;-0.007733634
5;0.002083575
1;-0.005158983
2;0.00434922
3;0.007149477
4;0.005443048
5;-0.003434266
1;-0.008695457
2;0.010986277
3;-0.01220159
4;0.009738746
5;0.013838884
1;-0.00203816
2;0.002603579
4;-0.002376911
5;-0.005226394
1;-0.021183086
2;0.005627281
3;-0.021105107
1;0.004068522
2;-0.0089252
3;-0.003568671
4;-0.000119175
5;-0.008738385
1;-0.002708805
2;0.005470243
3;-0.009819652
4;-0.000121087
1;0.00609666
2;0.010893093
3;-0.017353103
4;0.00175497
5;-0.012288754
1;-0.00306523
2;0.012568805
3;0.001030209
4;0.032946119
5;-0.002288263
1;0.00644068
2;0.003030305
3;0.002092537
4;-0.001801645
5;0.008226208
1;-0.002946702
2;-0.015158872
3;0.003986872
5;-0.014024153
1;0.015661197
2;-0.011870622
3;0.005541487
4;-0.001647447
5;0.001647447
1;-0.011173301
2;0.002493767
3;-0.003802512
4;0.006408377
5;0.002717072
1;-0.00431532
2;-0.000948317
3;-0.000593155
4;-0.005592922
5;0.003454646
1;0.050323625
2;0.009118091
3;0.000616126
4;0.002572421
5;0.00740064
1;0.002657515
2;-0.00654576
3;0.011344578
4;0.030082754
5;-0.010250995
1;0.013236709
2;-0.015667238
3;-0.002219637
4;0.016874863
5;0.00127816
1;0.013690517
2;-0.004472397
3;-0.01981212
4;0.026958385
5;0.018056839
1;0.015916267
2;-0.013861507
3;0.017397936
4;0.006935398
5;-0.00376327
1;-0.000502841
2;0.042249403
3;-0.010030855
4;0.006940259
5;-0.018451248
1;-0.009205707
2;-0.014221572
3;-0.002777709
4;-0.009247094
5;0.005751384
1;-0.004068354
2;0.029275772
3;0.012198272
5;0.022430486
4;-0.01429937
5;0.009123226
1;0.011656369
2;-0.005476856
3;-0.015642239
4;-0.003985618
5;-0.002877559
1;0.004483438
2;-0.016522008
3;0.007485876
4;-0.002505467
5;0.011103888
1;-0.003948047
2;0.0075898
3;0.012714485
4;-0.00205993
5;-0.000431686
1;-0.014107877
2;0.001895827
3;0.004893065
4;0.0183878
5;-0.009247408
1;-0.001821407
2;-0.01298939
4;-0.003993382
5;0.000390301
1;-0.005085834
2;-0.017358199
3;-0.007209403
4;0.001205182
5;-0.006090981
1;-0.030399347
2;0.016826203
3;-0.00230586
4;0.009801498
5;-0.00127081
1;0.011480137
2;-0.017449086
3;0.002402066
4;0.016955993
5;-0.015374803
1;0.000101926
2;0.010493595
3;-0.005511885
4;-0.001623954
5;0.00950318
1;0.005168489
2;0.009960242
3;-0.002033781
4;0.000942998
5;0.008594768
1;-0.008942085
2;-0.005623444
3;0.002143624
4;0.001741424
5;-0.019121809
1;0.004398723
2;0.003474936
3;-0.003071426
4;0.03112918
5;-0.003771094
1;-0.001768
2;0.000687927
3;0.006853365
4;-0.003518721
5;-0.003334644
1;0.006609409
2;4.8796E-05
3;0.011594473
4;0.001542243
5;-0.000963623
1;0.007491751
2;-0.002826823
3;-0.003316115
4;-0.004148583
5;-0.00387466
1;-0.009409884
2;0.000881359
3;0.004346453
4;0.003453899
5;0.009665646
1;0.005802678
2;0.005436351
3;-0.003525492
4;0.001430752
5;0.006318461
1;-0.002608058
2;-0.004711714
3;-0.002101242
4;-0.004407826
5;-0.000384209
1;0.015727341
2;-0.009502162
4;-0.021520734
5;-0.005428815
1;-0.006149022
2;0.009869228
3;-0.014369619
5;0.006570683
1;-0.010593634
2;0.003923814
3;-0.004770195
4;0.001443397
5;0.008764819
1;-0.000937184
2;0.00285813
3;0.008720843
4;-0.011480281
5;0.005560354
2;-0.01194604
3;-0.004928448
4;0.002243215
5;0.004520961
1;-0.005068838
2;-9.96463E-05
3;0.005118914
4;0.000297383
5;0.0042528
1;0.002168877
2;-0.014132583
3;-0.009281857
4;-0.018312735
5;0.011433946
1;-0.013540995
2;-0.002936708
4;-0.022489273
5;-0.01918013
1;0.001880963
2;-0.027157393
3;-0.000220702
4;0.002039636
5;0.01828005
1;-0.022916587
2;0.00941611
3;-0.007536826
4;0.003142663
5;-0.012463119
1;-0.031480831
3;-0.018460991
4;0.009098925
5;-0.029281305
1;-0.039450322
2;0.020194
3;0.042831311
4;0.019315891
5;0
1;-0.036098266
2;0.003734112
3;-0.023646009
4;0.033008657
5;0.01136409
1;0.00404812
2;-0.001039381
3;0.010345514
4;0.017008177
5;0.014676193
1;-0.036556417
2;-0.005126887
3;0.007537218
5;-0.017637141
1;-0.0189046
2;0.018321033
3;0.008197005
4;0.008360048
2;-0.00270216
3;0.023498365
4;0.005551676
5;0.013442406
1;0.017447868
2;0.002274698
3;0.016578078
4;-0.011613414
5;0.021145365
1;-0.013210092
2;-0.011278315
3;0.027908293
4;0.007587091
5;0.006391126
1;-0.050674676
2;0.015945853
3;0.025936986
4;-0.012937335
5;-0.007118224
1;0.07549689
2;0.009201689
3;-0.008164114
4;-0.003710579
5;0.006225932
1;-0.014238117
2;0.011772146
3;-0.020453671
4;0.007481645
1;-0.026922461
2;-0.025187365
3;0.00404976
4;-0.006371293
5;0.001530707
1;0.022632243
2;-0.002633143
3;-5.16996E-05
4;0.021633799
5;0.001920745
1;0.009748821
2;0.010941572
3;-0.02362354
4;-0.007064653
5;0.018245269
1;-0.007793096
2;0.004331409
3;-0.002969527
4;0.012622256
5;0.001193852
1;0.02022657
2;-0.000828561
3;0.008206519
4;-0.004167682
5;-0.005991104
2;-0.010559242
3;-0.014521839
4;0.003800005
5;-0.010132002
1;0.005329592
2;-0.011701939
3;-0.007639457
4;-0.023170255
5;0.008596265
1;-0.008073171
2;0.022800522
3;0.006826313
4;0.009801028
5;0.002209613
1;-0.001857757
2;-0.012643672
3;0.020752231
4;-0.00364572
5;0.008866366
1;0.00553881
2;-0.004200752
3;-0.015471687
4;-0.004183368
5;0.00829922
1;-0.012855267
2;-0.00406732
3;0.00508157
4;-0.000202768
1;-0.007889085
5;0.014810577
1;-0.003783202
2;0.006598689
3;0.011580443
4;0.00366573
5;0.002321275
1;-0.004102925
2;-0.00267844
3;0.000943232
4;0.003368508
5;0.005966046
1;0.011097374
2;0.002573379
3;0.002034589
4;-0.008163311
5;0.013616861
1;0.002979625
2;0.006457344
3;0.003759492
4;-0.00209215
5;-0.002621358
1;-0.010892361
2;0.015130765
3;0.010353479
4;0.006609657
5;-0.000373849
1;0.007357768
2;-0.009275942
3;-0.003330444
4;0.003939044
5;0.006344785
1;-0.016457997
2;-0.016156672
3;-0.011209471
4;0.022057068
5;-0.0130602
1;-0.022695042
2;0.016512344
3;-0.007684863
4;0.007927093
5;-0.00490447
1;0.004323018
2;0.009742999
3;-0.009888415
4;-0.000436374
5;-0.004569103
1;-0.00258543
2;-0.003572044
3;0.006839304
4;0.008628683
5;0.00250675
1;-0.00250675
2;0.002747453
3;0.000288767
4;-0.005694446
5;-0.009726284
1;-0.008096018
2;0.002312822
3;-0.010276263
4;0.005497104
5;0.009877958
1;-0.008742688
2;0.01900817
3;-0.001307728
4;0.002130236
5;-0.00752449
1;0.005539642
2;-0.002231602
3;0.008704117
4;0.002452455
5;-0.007569037
1;-0.00184064
2;0.007727267
3;0.001874505
4;0.001823067
5;-0.016918424
1;-0.005818092
2;-0.000637646
3;0.006406986
4;-0.003369555
5;0.001368725
1;0.006281825
2;-0.000388425
3;0.001795202
4;0.000678426
5;0.000726375
1;-0.012126674
2;-0.00073524
3;-0.018309186
4;-0.005307709
5;-0.001004621
1;0.000954414
2;0.006455994
3;-0.006355583
5;-0.006194153
1;-0.012300028
2;0.014369012
3;0.002416798
4;-0.002568042
1;-0.001008878
2;-0.017565302
3;0.002001181
4;0.005469942
5;-0.002603437
1;0.004386196
2;-0.004130657
3;0.009308071
4;-0.004922993
5;0.004568536
2;0.003841687
3;0.013480197
4;0.002932481
5;-0.008973588
1;-0.000551006
2;0.001702128
3;-0.006171465
4;0.006171465
5;-0.004662714
1;-0.002364721
2;-0.006063074
3;0.000709256
4;0.002528958
5;0.000454534
1;0.009297717
2;-0.00370872
3;-0.008319306
5;0.003083692
1;-0.00978933
2;-0.000458844
3;-0.009530225
4;-0.008219437
5;0.000985758
1;-0.00119341
2;0.006778284
3;-0.004392885
4;0.001552635
5;-0.001759835
1;-0.00942102
2;-0.008349793
4;-0.013912714
5;-0.001819739
1;0.007684546
2;0.006094833
3;0.007894362
4;-0.00325545
5;-0.000841839
1;0.016082218
2;0.001759562
3;-0.008620295
4;0.000312875
5;-0.010587656
1;-0.00015809
2;-0.005284028
3;0.002962495
4;0.009986417
5;0.002194129
1;0.005620039
2;0.007032451
3;-0.003406631
4;0.015035562
1;0.004725498
2;-0.0008114
3;-0.002285599
4;0.004414122
5;-0.001519911
3;-0.001979344
4;-0.003460563
5;-0.00495721
1;-0.003798383
2;0.002875779
3;0.002407233
4;-0.007084582
5;-0.004078372
2;-0.004666606
3;-0.00093594
4;-0.007676478
5;-0.012448731
1;-0.057626864
2;0.015399512
3;0.005411388
4;-0.004857862
5;0.001824465
1;0.035220831
2;-0.005507594
3;0.004760768
4;-0.007230302
5;-0.00349999
1;0.006880638
2;-0.008932474
3;-0.011470322
4;-0.010442524
5;0.010497197
1;0.001256659
2;-0.00965661
3;-0.008137552
4;-0.011741161
5;0.013407273
1;-0.003613424
2;0.007766598
3;0.000607684
4;-0.015416172
5;-0.0202256
1;-0.038742375
2;0.014411684
3;-0.025779522
4;0.020487882
5;0.00452902
1;5.86837E-05
2;-0.00505943
3;-0.019895819
4;0.008507121
5;-0.024457002
1;0.007309084
2;-0.014179433
3;0.025583992
4;-0.018835914
5;-0.006440357
1;-0.007473553
3;-0.014047367
4;-0.005801139
5;-0.003992021
1;0.021730429
2;0.0357595
3;-0.013336347
4;0.003093443
5;-0.022786726
1;-0.048167681
2;0.01612314
3;0.015930271
4;-0.004164307
5;-0.006088299
1;0.027790892
2;0.006536777
3;0.004660584
4;0.00573452
5;-0.024072329
1;0.015826245
2;-0.004857214
3;0.009263586
4;0.016172859
5;0.01933951
1;-0.009712264
2;0.00628821
3;-0.004979854
4;0.003441119
5;-0.004570962
1;0.000237968
2;0.016401548
1;0.000877373
2;-0.008572655
3;-0.00781439
4;-0.021870615
5;-0.002493691
1;0.01144392
2;-0.013394546
3;0.004990881
4;-0.009638923
5;-0.010599717
1;-0.022049124
2;0.008011398
3;0.003449685
4;-0.024850724
5;0.00735462
1;-0.007675617
2;0.012062564
3;-0.020898196
4;0.010183125
5;0.016156057
1;0.003024005
2;-0.014956867
3;0.001212469
4;-0.015294945
5;-0.026111829
1;-0.015474067
2;-0.014483645
3;0.004101168
4;0.014021295
5;-0.011092437
1;-0.000204061
2;-0.002315604
3;0.019246298
4;-0.001673529
5;0.022457967
1;-0.007892182
2;-0.025817378
3;-0.00959942
4;-0.007622355
5;0.000689085
1;-0.002206745
2;0.018536149
3;0.005002376
4;0.028386258
5;0.060774975
1;0.001848657
2;0.021017496
3;0.001084533
4;-0.006040125
5;0.000726744
1;0.019425071
2;-0.016040564
3;-0.009213303
4;0.001885932
5;0.008231994
1;0.000180826
2;-0.027124448
3;0.014692135
4;0.014419249
5;0.001442568
1;0.001740331
2;-0.019312281
3;0.02188721
4;0.010293115
5;-0.009097729
1;-0.007554899
2;0.013391723
3;-0.002973715
4;-0.00358017
5;0.003758842
1;0.007416451
2;0.03119252
3;0.039654752
4;-0.000495745
5;-0.006522603
1;-0.00896867
2;0.000391619
3;-0.00819999
4;0.010658092
5;-0.008461093
1;0.004267512
2;0.016008346
3;-0.008361299
4;0.00736825
5;0.000220763
1;-0.02074231
2;0.002532146
3;-0.009826701
4;5.67521E-05
5;0.036716193
1;0.011206123
2;-0.000757617
3;0.007657914
4;0.007759651
1;-0.023734865
2;0.008425566
3;-0.014997691
4;-0.009052333
5;-0.017959027
1;-0.008390072
2;0.020063793
3;0.01879339
4;-0.013173678
5;-0.006122014
1;-0.009704729
2;0.022462835
3;0.000110229
4;0.004124851
5;0.015575112
1;-0.017992961
3;-0.015804249
4;0.004461554
5;-0.005020651
1;0.007521555
2;-0.005510269
3;-0.001172759
4;0.003291403
5;0.011187534
1;-5.50767E-05
2;-0.007851851
3;-0.002389886
4;-0.013670447
5;-0.022245955
1;0.009872088
2;0.008303995
3;-0.010304968
4;0.031267511
1;0.000443631
2;-0.000887459
3;-0.00880621
4;-0.002353997
5;0.00128978
1;-0.003087029
2;0.000786694
3;-0.006763256
4;0.014429131
5;0.011692799
1;0.012755065
2;0
3;-0.007863736
5;-0.001371554
1;0.017846929
2;0.007789247
3;-0.008274723
4;0.011266818
5;0.004736949
1;0.003392529
2;-0.000900019
3;0.009908377
4;0.017879894
5;-0.006460138
1;-0.003115753
2;0.004462903
3;-0.001554566
4;0.011139303
5;-0.007825814
1;-0.001862487
2;-0.008894496
3;0.016015269
4;0.010434344
5;0.004619649
1;0.001568866
2;0.006552443
3;0.005361137
4;-0.006970067
5;-0.000251629
4;0.037054083
5;0.002470513
1;-0.005093019
2;0.004270193
3;-0.001938737
4;-0.011417543
5;-0.004475601
2;0.013707563
3;0.000145854
4;-0.009770473
5;-0.000196386
1;-0.008332765
2;-0.005759984
3;0.011486981
4;0.00500885
5;0.012123131
1;-0.003636103
2;0.006438985
3;0.004381854
4;0.005844608
5;-0.001481871
1;-0.012079941
2;0.004733851
3;0.009210023
4;0.008321296
5;-0.008703358
2;-0.00723894
3;0.007668749
4;-0.002773131
5;-0.003981871
1;-0.003949528
2;-0.003141845
3;-0.013844425
4;-0.001522855
5;-0.002017668
1;0.008827914
2;-0.023716527
3;-0.004008021
4;0.010238571
5;0.002183949
1;-0.005219608
2;0.005963047
3;0.002820039
4;-0.014130291
5;0.009922052
1;-0.018022114
2;0.007749246
3;-0.010835434
4;0.009531326
5;0.013311925
1;0.004644736
2;0.007758829
4;0.013844918
5;-0.001303435
1;0.010284597
2;0.004769864
3;0.014878064
4;-0.001595271
5;0.00519871
1;0.007121775
2;0.001853569
3;-0.006269613
4;0.000279486
5;0.010424724
1;-0.012616123
2;0.014826068
3;0.002205073
4;-0.004507205
5;-0.001568483
1;0.010242838
2;-0.000685699
3;-0.002380735
4;-0.000137523
5;0.003249654
1;0.010907216
2;-0.000180815
3;0.007297001
4;-0.00233645
5;0.000224896
2;-0.008763269
3;-0.010306549
4;-0.007038233
2;-0.007739223
3;0.010827424
4;-0.014696261
5;0.000373552
1;-0.011645511
2;0.006074466
3;0.034830654
4;0.004117373
5;-0.010439456
1;0.002824861
2;0.0051281
3;-0.006084014
4;-0.010713898
5;0.003400582
1;-0.004505962
2;0.011227063
3;0.003502631
4;-0.006194791
5;0.003193288
1;-0.016856525
2;0.012383062
3;0.001051693
4;-0.003525241
5;-0.002387732
1;-0.001518254
2;0.004547864
3;0.01306851
4;-0.00104103
5;0.009330486
1;-0.001976019
2;0.003903363
3;0.001566031
4;0.003124724
5;0.004180757
1;0.003190502
2;-0.000265487
3;0.003092968
4;-0.007305928
5;0.001287945
1;-0.0033343
2;-0.004821007
3;0.001386188
4;-0.003850291
5;-0.002740035
1;-0.013905154
2;-0.000228076
3;-0.006453259
4;0.005220748
5;-0.010884399
1;0.004469127
2;-0.016080422
3;0.000326958
4;0.007119786
5;-0.004181968
1;-0.022127921
2;0.007493514
3;-0.025506826
4;0.012188517
5;0.011473858
1;-0.007459707
2;-0.004205703
3;-0.008996284
4;0.014012418
5;-0.002146691
1;0.006521193
2;-0.015877145
3;-0.012954115
4;0.012279025
5;-0.008720563
1;0.005628624
2;0.009534889
3;0.005544152
4;-0.0006198
5;-0.006411198
1;0.012971093
2;0.000994483
3;0.006980831
4;0.004127779
5;-0.006292282
1;-0.016384856
2;0.001244198
3;-0.009610838
4;-0.00760976
5;-0.018959311
1;-0.002979592
2;0.004515576
3;0.00019802
4;0.008772418
5;-0.011200867
1;0.002428449
2;0.017565831
3;0.000534876
4;-0.006192876
5;0.01932872
2;0.022205211
3;-0.007252551
4;0.007815482
5;-0.009944703
2;0.002837955
3;0.008419023
4;0.005138757
5;0.003999261
1;0.000417604
2;-0.004323678
3;0.0016759
4;-0.00779813
5;-0.008662954
1;0.000614526
2;-0.005782007
3;-0.008017223
5;0.00463683
1;0.002904971
2;0.018889372
3;-0.001541084
4;0.001261064
5;0.008736927
1;-0.014400808
2;-0.008438073
3;-0.001990239
4;-0.003754311
5;-0.012601082
1;0.006966995
2;0.003489237
3;-0.013256678
4;-0.010449924
5;0.008077903
2;-0.001989085
3;0.019238762
4;-0.01058363
5;0.020490567
1;-0.006435455
2;0.006671265
3;-0.010762223
4;0.002475602
5;-0.004814003
1;-0.006422876
2;0.007664341
3;0.011104371
4;-0.002220491
5;0.003446733
1;0.003669729
2;0.005806347
3;-0.00341417
4;-0.014582264
5;-0.00076089
1;-0.016549125
2;-0.002130442
3;0.001404665
4;0.013652745
5;-0.03236497
1;0.015997993
2;0.010524888
3;-0.01227365
4;-0.003262805
5;-0.007835112
1;0.003974198
2;-0.000440798
3;-0.015800457
4;-0.026322617
5;0.006062014
2;-0.027181741
3;0.019994983
4;-0.013233632
5;0.003983348
1;-0.000413116
1;0.00438066
2;-0.028691134
3;-0.011496827
4;-0.032978991
5;-0.043536753
1;0.046023423
2;-0.001435988
4;0.002814804
5;-0.002980628
1;-0.034301929
2;-0.007003875
3;0.037095738
4;-0.005845854
5;-0.012360402
1;-0.020215398
2;0.026302325
3;0.029781898
4;-0.026024287
5;0.025751547
1;-0.013400904
2;0.012527636
3;-0.007013727
4;-0.008171424
5;-0.009525208
1;0.017421657
2;0.007288702
3;0.005228201
4;0.014987611
5;0.001817696
1;0.001547781
2;-0.01504515
3;0.006905881
4;0.024064267
5;-0.000892693
1;-0.007276211
2;0.00911324
3;-0.004151237
4;0.001631021
5;-0.024749128
1;-0.006921566
2;0.007352577
3;-0.015798803
4;-0.012832339
5;0.008719702
1;-0.004681528
2;0.008465775
3;-0.004663804
4;-0.015686379
5;0.001339884
1;0.00722667
2;0.021426064
3;0.002653024
5;0.007487847
1;-0.032120983
2;0.021708999
3;0.001733854
4;-0.014285178
5;-0.001098901
1;-0.010333582
2;-0.007415082
3;0.009301875
4;0.005087662
5;-0.014893301
1;-0.008151379
2;0.017125048
3;-0.017859117
4;-0.012333556
5;0.020434866
1;-0.008722867
2;0.013585793
3;0.005394146
4;0.003432624
5;0.014213437
1;0.01083904
2;-0.000431313
3;0.010247146
4;-0.001976866
5;-0.004556305
1;0.003057696
3;0.025436976
4;0.006453986
5;0.012374481
2;0.033558167
3;-0.006562291
4;0.000648201
5;-0.012994037
1;0.017073036
2;-0.000744916
3;0.00401597
4;-0.007649171
5;0.013323295
1;0.008085307
2;-0.00769178
3;-0.024444279
4;0.001762381
5;0.006618888
1;0.001747685
2;-0.007712764
3;0.022912958
4;-0.001918206
5;-0.012035508
1;0.018904341
2;0.005412667
3;0.002380086
4;-0.006034082
5;-9.76229E-05
1;-0.012871708
2;0.01516333
3;-0.011905194
4;0.01341382
5;-0.001752166
1;0.007425596
2;-0.004215633
3;-0.004672451
4;0.000487734
5;-0.005966663
1;0.002449661
2;-0.004610337
3;0.016430978
4;-0.00261476
5;-0.004908999
1;0.003938832
2;-0.021039986
3;0.000990786
4;-0.003720519
5;-0.007633054
1;-0.013258582
2;0.007533088
3;-0.007939158
4;0.002940284
5;0.006056037
1;0.017654558
2;-0.007940882
3;0.014346739
4;0.007828212
5;-0.013245877
2;-0.004553787
3;-0.001290707
4;0.007670077
5;0.005113592
1;0.009032162
2;-0.008394798
3;-0.009355987
4;0.005820853
5;-0.026262877
1;-0.006890988
2;-0.007860793
3;0.009587997
4;-0.011537215
5;0.006550689
1;-0.040600976
2;0.014503326
3;-0.004723426
4;0.011142905
5;0.005395883
1;-0.014856791
2;-0.004210311
3;0.015230713
4;-0.004946767
5;-0.026822038
1;0.000321664
2;0.008486614
3;-0.020023752
4;0.000487897
5;-0.012104837
1;-0.014087463
2;0.01430687
3;0.027160293
4;-0.006425725
5;0.001878439
1;-0.000858277
2;0.003321728
3;0.000481271
4;-0.022873899
5;-0.017435886
2;0.000500821
3;-0.016378178
4;0.013871562
5;0.007113512
1;0.007887738
3;0.011960493
4;-0.004243519
5;-0.019099571
1;-0.000444667
2;-0.005519178
3;-0.002574868
4;-0.021929088
5;0.010939657
1;0.010036169
2;-0.017772711
3;0.00614861
4;-0.013830372
1;-0.009947453
2;0.005853223
3;0.001443543
4;0.021463236
5;-0.013017094
1;-0.010525505
2;-0.004926832
3;0.027395833
4;-0.030771659
5;0.012284313
1;-0.018894263
2;-0.043542498
3;0.032803665
4;-0.029621093
5;0.005727532
2;0.002487941
3;-0.003156492
4;0.005214978
5;-0.043133038
1;-0.008816218
2;0.010771869
3;-0.027668613
4;-0.000453647
5;-0.022550939
1;0.076553337
2;0.026902562
3;-0.054359539
4;0.028991144
5;0.025069433
2;-0.052420715
3;0.011155095
4;0.034123805
5;0.001805272
1;0.022295148
2;-0.005778659
3;-0.019346197
4;-0.016964503
5;0.007149216
1;-0.017938803
2;0.033825096
3;-0.012603815
4;-0.026317308
5;-0.0091382
1;0.000314337
2;0.004765796
3;0.034191365
4;-0.023179339
5;-0.053830068
1;-0.034273129
3;0.008478048
4;0.024815169
5;-0.033022965
1;-0.0018933
2;0.03223293
1;-0.019990075
2;-0.004086697
3;0.008822407
4;-0.000599061
5;-0.001599254
1;-0.022321302
2;0.006254269
3;0.024500857
5;0.05930896
1;0.0133715
2;0.006436015
3;0.019183064
4;-0.016803055
5;0.023076788
1;0.016774358
2;-0.005344309
3;-0.000471198
4;0.002412546
5;-0.023007287
1;0.008920879
2;0.01455647
3;-0.008258172
4;0.007082601
5;0.002173722
1;0.009636518
2;0
4;-0.001745201
5;-0.02261181
1;-0.000893735
2;0.000893735
3;-0.010597315
4;0.000120373
5;0.008390317
1;-0.008751479
2;-0.025117146
3;0.010012676
4;0.008581132
5;0.019800251
1;0.025341572
2;-0.005576223
3;-0.004202668
4;-0.01455321
5;0.016656752
1;-0.009088573
2;0.000353357
3;-0.013456441
4;-0.010860867
5;0.028841006
1;-0.011733279
2;0.008033595
3;-0.022430068
4;0.003543654
5;0.009012565
1;0.00231461
2;-0.015713542
3;0.003126506
4;0.01920449
5;-0.014353746
1;-0.028848737
2;0.016102818
3;-0.017394927
4;-0.033748703
5;-0.011851136
1;0.012042164
2;0.017232555
3;0.024602551
4;0.009722383
5;-0.003392092
1;-0.009939409
2;-0.002515725
3;0.001350688
4;-0.025791443
5;-0.011396856
1;-0.000445846
2;0.008184546
3;-0.004052177
4;0
5;0.015674006
1;-0.022805069
2;-0.016400205
4;0.015841582
5;-0.00257087
3;-0.023165938
4;-0.006635127
5;0.000394163
1;0.01525697
2;-0.003870462
3;0.001391104
4;-0.002356819
5;-0.00424412
1;0.009247362
2;0.010808183
3;0.006492655
4;0.012210373
5;-0.002755406
1;-0.00117335
2;0.006422922
3;-0.013980337
4;0.008407962
5;-0.00799373
1;-0.022571437
2;0.015120377
3;-0.013426756
4;0.00516485
5;-0.006701835
1;-0.001876013
2;0.015277567
3;-0.012369029
4;-0.021429792
5;0.000551997
1;-0.013211349
2;-0.007093484
3;-0.000339723
4;0.042973778
5;-0.006109158
1;0.002688945
2;-0.016763177
3;0.004545074
4;0.000597579
5;0.005129491
1;0.010183969
2;0.029784225
3;0.033092036
4;0.006620506
5;0.00240489
1;-0.009785941
2;0.004018105
3;0.006962066
4;-0.005095542
5;-0.02193836
1;0.016661479
2;0.007824864
3;0.007566106
4;0.007064132
5;-0.009677369
2;-0.000850654
3;-0.016050999
4;-0.006468406
5;0.010684005
1;-0.025849688
2;0.010616808
3;0.002698883
4;0.00268915
5;0.010888192
1;-0.013144835
2;-0.008791973
3;-0.001962785
4;-0.00727621
5;-0.002967952
1;-0.012891369
2;-0.014141769
3;-0.001820311
4;0.000198303
5;-0.016921037
1;-0.022011953
2;0.018027546
3;0.022485262
4;-0.000969551
5;-0.006074387
1;-0.020461275
2;0.00562652
3;-0.013821675
4;-0.030893357
5;-0.035172718
1;0.013721547
2;0.018382736
3;0.000486324
4;-0.008057908
5;-0.015427726
1;0.051837691
2;0.008310839
3;-0.010647567
4;-0.00608467
5;-0.052424258
1;0.022057897
3;-0.002087595
4;-0.024135037
5;0.008905945
1;-0.027979644
2;0.01405867
4;0.02971901
5;-0.034514458
1;0.013428247
2;-0.006342428
3;-0.030488827
4;-0.015732835
5;0.002011294
1;-0.021059314
2;0.005661985
3;0.05991008
4;-0.059570703
5;-0.011278575
1;0.051082829
2;-0.023302967
3;-0.013077874
4;-0.005782239
5;0.021706666
1;0.021355309
2;0.01759664
3;0.029139548
4;0.005557696
5;-0.010609004
1;-0.021527077
2;-0.001646898
3;-0.022286673
4;0.011230663
5;-0.007653188
1;0.028219798
3;0.040388122
4;-0.012916376
5;-0.015416627
1;0.005125643
2;-0.006108992
3;0.022423758
4;-0.024767712
5;0.013629549
1;0.011155491
2;-0.001058899
3;0.01283821
4;-0.016908092
5;0.029210161
2;0.025695546
3;-0.006030157
4;0.008870237
5;-0.009140947
1;-0.01239888
2;-0.003249764
3;0.010140912
4;-0.019508968
5;-0.003893375
1;0.005688718
2;0.005736904
3;0.008318783
4;-0.008345795
5;-0.027534272
1;-0.020621225
2;-0.007142275
3;0.006056056
4;0.0021748
5;0.004752619
1;-0.002916688
2;-0.026744731
4;-0.005291399
1;0.000169975
2;0.010004453
3;-0.000341651
1;-0.031279904
2;-0.013745764
3;0.017656594
4;0.005043517
5;-0.010750847
1;-0.001743629
2;-0.000561927
3;0.003185557
4;0.024704986
1;0.004806878
2;-0.002510926
3;0.018534631
4;0.015376555
5;-0.006409922
1;0.003836665
2;0.012115925
3;0.004720447
4;-0.007483959
5;0.010882317
1;-0.002352542
2;-0.008006287
3;-0.013224497
4;-0.00527186
5;-0.013491037
1;0.006770056
2;-0.006440568
3;0.003571348
5;0.001524739
1;0.005782007
2;0.012579636
3;-0.005210761
4;-0.000839414
5;-0.003451963
1;0.011189087
2;0.016968609
3;-0.010063815
4;0.007978978
5;-0.007137144
1;-0.010199013
2;-0.021369681
3;0.017749658
4;0.000923333
5;0.048882655
1;-0.00774781
2;0.021265539
3;0.025072691
4;0.001429211
5;-0.000857023
1;0.018596911
2;0.01841168
3;0.012077103
4;-0.034405287
5;0.041185132
2;-0.022204834
3;-0.03194417
4;0.029878251
5;0.001934192
1;-0.000508964
2;-0.00939634
3;-0.001421644
4;0.030531392
5;-0.002291391
1;0.002733491
2;0.00883335
3;0.004528041
4;0.01749623
5;0.000530527
1;-0.02087596
2;0.012507327
3;0.0029582
4;-0.002245329
5;0.007415458
1;-0.010581207
2;0.001372436
3;-0.012177133
4;0.010304998
5;0.0153249
1;-0.000280127
2;0.002288362
3;-0.000886739
5;-0.01430958
4;0.035241429
5;-0.020679258
1;0.001797573
2;-0.013869065
3;0.012121058
4;-0.005687231
5;-0.00242769
1;-0.023434926
2;-0.002585396
3;-0.015408773
4;0.004442572
5;0.005723715
1;0.005966948
2;-0.010812037
3;0.001004169
4;-0.003291195
5;-0.012722463
1;0.00866285
2;0.01825688
3;0.000578192
4;-0.011670351
5;0.004503785
1;0.010686981
2;0.005268362
3;0.003590737
4;0.028474469
5;0.00559341
1;-0.000565905
2;0.005406325
3;-0.004164428
4;0.015009813
5;-0.002245736
1;0.017492003
2;0.002183213
3;-0.010794585
4;0.002360922
5;-0.010939842
1;0.009933001
2;0.009731278
3;-0.014332269
4;0.018706701
5;0.004007468
1;0.011234045
2;-0.004660954
3;-0.005100313
4;0.000487105
5;-0.001666603
1;0.018582819
2;-0.005107092
3;0.009675778
4;0.004022868
5;-0.010008764
1;0.015458339
3;-0.014953214
4;-0.029299754
5;-0.011110349
1;-0.002461046
2;-0.001637578
3;0.00668845
4;0.01636208
5;-0.000451139
1;-0.002026477
2;0.008058569
3;-0.015961496
4;-0.018673868
5;-0.01590804
1;0.006197596
2;0.000676891
3;0.000527123
4;0.01223144
5;0.00069998
1;0.022170318
2;0.001908866
3;0.001799602
4;-0.000699989
5;0.012139285
1;0.007455791
2;-0.007604989
3;-0.013365773
4;-0.010634238
5;-0.003795198
1;0.017996822
2;-0.027290777
3;0.020768622
4;-0.009664878
5;-7.14666E-05
1;0.00715078
2;-0.002763931
3;-0.003741
4;0.00204876
5;0.001891006
1;0.011132528
2;-0.00740171
4;-0.027697606
5;0.002926618
1;0.013345357
2;0.020138649
3;-0.034436469
5;-0.026554971
1;-0.003007767
2;0.029559276
3;-0.002509249
4;0.018527382
5;0.006064911
1;0.00288362
2;0.001149999
3;0.006293082
4;0.013328546
5;-0.00410899
2;0.001583825
3;-0.018765633
4;0.001450411
5;-0.010100751
1;-0.01870863
2;-0.001225619
3;0.016128492
4;-0.004941842
5;-0.000542895
1;0.011969617
2;0.001302357
3;-0.016513684
4;0.001801928
5;0.029890965
1;0.00305184
2;-0.000275641
4;0.019602671
5;0.000368907
1;-0.006225858
2;0.002801841
3;0.014960115
4;-0.013042007
5;-0.003757197
1;-0.00331682
2;-0.002362927
3;0.00657044
4;0.014018519
5;0.002049934
1;0.013440165
3;0.003928599
4;-0.009273821
5;0.010241272
1;-0.003401586
2;-0.015613881
3;-0.003361567
4;0.000997559
5;-0.007931706
1;0.007542203
2;0.004676951
3;-0.010420917
4;-0.007663575
5;0.000609319
1;-0.003660948
2;-0.002173733
3;-0.001497911
4;-0.001492428
5;-0.000894316
1;0.004431695
2;-0.005246611
3;0.020883402
5;0.006641339
1;-0.002049454
2;0.01267723
3;0.001439588
4;0.006557727
2;0.003612289
3;-0.024521403
4;-0.020391425
5;0.001382775
2;0.035502278
3;-0.009246411
4;0.008310741
5;0.00652347
1;0.025040781
2;-0.012458682
3;-0.01568875
4;0.005817602
5;-0.006858479
1;0.00941728
2;-0.008493884
3;0.011348641
4;0.005142374
5;0.011647844
1;0.005384049
2;-0.005970798
3;0.007975471
4;0.010542877
5;-0.001177763
1;0.009181964
2;-0.003845356
3;0.00696601
4;-0.014993562
1;-0.007821469
2;-0.009692224
3;0.011874286
4;0.009759771
5;-0.000119756
1;-0.012472202
2;-0.007868161
3;0.006629146
4;0.002654833
5;0.0125132
1;-0.00494614
2;0.012067802
3;0.006101236
4;-0.000824973
5;-0.006879791
1;-0.006605117
2;0.007442803
3;-0.008936617
4;-0.00529914
5;0.004469122
1;-0.028788082
2;-0.002509147
3;-0.003309227
4;0.009111551
5;0.016130882
2;0.001840246
3;0.006672293
4;-0.001470149
5;0.012781963
1;0.016051893
2;0.0045903
3;0.016178639
4;-0.012887757
5;-0.005109526
1;0.018979094
2;-0.006391787
3;-0.006437792
4;-0.011756404
5;0.001442816
1;0.017922341
2;-0.004693071
3;0.015025528
4;-0.014835511
5;-0.004479379
1;-0.072339845
2;-0.002060132
3;0.006154085
4;-0.006691935
5;-0.037983713
1;0.012385265
2;-0.011309289
3;-0.00758217
4;-0.006369533
5;-0.002526613
1;0.023608464
2;0.001969468
1;-0.013068114
2;-0.019721817
3;-0.008049892
4;-0.047372474
5;0.027770217
1;-0.002547912
2;0.013627654
3;-0.008423384
4;-0.021629585
5;-0.010236798
1;-0.028407484
2;-0.004114394
3;-0.016951156
4;0.012596374
5;-0.014861403
1;0.014714911
2;-0.001018651
3;0.006360323
4;0.021913417
5;0.006315114
1;0.02363099
2;-0.001845114
3;-0.001464081
4;-0.008235647
5;-0.008411374
1;0.007014873
2;-0.003874259
3;-0.0155222
4;-0.01913912
5;-0.001248737
1;0.016593685
2;0.018878793
3;0.017734991
4;-0.006065395
5;-0.008382982
1;-0.002231429
2;0.020679912
3;0.005259003
4;0.006068422
5;-0.003717727
1;0.011626448
2;-0.0082378
3;-0.001959544
4;-0.00884726
5;0.006682145
1;0.009976372
2;-0.003895431
3;-0.009311192
4;-0.017757221
5;0.006202514
1;0.008360846
2;-0.019968004
3;0.00226947
5;-0.010183825
1;-0.015850513
2;0.001598396
3;-0.004291914
4;-0.019618419
5;-0.021452027
1;-0.007037968
2;0.023388638
3;0.006594493
4;-0.024469821
5;-0.009343879
1;0.021178516
2;-0.011476167
3;0.013466972
4;-0.003683199
5;0.00883995
1;0.002256487
2;0.008898069
3;0.003536442
4;-0.011993848
5;0.00736467
1;-0.014870634
2;0.025516757
3;-0.001099984
4;0.014146288
5;0.014323926
1;0.015827295
2;-0.002294098
3;-0.014104575
4;-0.002393751
5;-0.00723076
1;-0.003085441
2;-0.01423902
3;-0.003190054
4;-0.00608008
5;0.012260988
1;-0.022717629
2;-0.005636746
3;0.009325944
4;0.001404774
1;-0.009426724
2;0.003916694
3;0.020509888
4;-0.008987725
5;-0.030678455
1;0.010980537
2;-0.004027383
3;-0.018288953
4;-0.00083091
5;0.007668754
1;0.009810577
2;0.000602239
3;0.014783884
4;-0.003089774
5;-0.006544651
2;-0.010465824
3;-0.020047708
4;0.002386671
5;-0.014269881
1;0.011802632
2;-0.011156409
3;-0.030965612
4;-0.004136976
5;0.025836322
1;-0.006652236
2;0.003321418
3;-0.020523144
4;0.001209473
5;-0.018765774
1;-0.008100087
2;0.005174442
3;0.022630512
4;-0.002329843
1;0.035334611
2;-0.002025934
3;0.003858824
4;-0.02229859
5;-0.004759633
1;-0.021846755
2;-0.000313729
3;0.009443646
4;-0.014436293
5;-0.002933613
1;-0.000870135
2;-0.008513495
3;-0.007464393
5;0.000981247
1;0.027901219
2;-0.004187995
3;-0.010370206
4;0.009663217
5;0.012672874
1;0.00801614
2;-0.017516935
3;0.013136833
4;-0.011415966
5;-0.001621519
1;0.02148627
2;0.00656749
3;0.003568965
4;-0.016048394
5;-0.025436013
1;-0.004710682
2;-0.024569777
3;-0.01554148
4;-0.035941133
5;0.000288265
2;0.042344324
3;-0.001883575
4;-0.002472749
5;-0.011630466
4;-0.006856626
5;0.012781433
2;-0.018713617
3;-0.013153978
4;-0.017390424
5;0.011049195
1;0.011803978
2;0.005774696
3;0.006104507
4;0.014980555
5;0.008269066
1;0.003090482
2;-0.003409352
3;-0.006534152
4;-0.006513373
5;-0.007805289
1;0.01083618
2;-0.001346491
3;0.001221531
4;-0.004633811
5;-0.005524848
1;-0.023487236
2;-0.008678981
3;0.007220373
4;-0.017188616
5;0.021430688
2;-0.011097021
3;0.000704852
4;0.003256496
5;-0.011463031
1;-0.004251752
2;0.009767238
3;-0.011255434
4;-0.002041765
5;0.013119048
1;-0.003392431
2;-0.010759785
3;-0.013592876
4;-0.015793672
5;-0.033668117
1;0.004910529
2;0.029236905
3;0.002845156
4;-0.005779846
5;-0.001792831
1;-0.036822179
2;-0.029318842
3;0.002019162
4;0.025775272
5;0.006573519
1;-0.003440069
3;0.072217435
4;-0.019260235
5;0.027665025
1;0.047855908
2;-0.016289436
3;0.009281977
4;-0.051666111
5;-0.005573797
1;-0.004768384
2;0.01432053
3;0.008974072
4;0.01041169
5;0.000177843
1;-0.041339671
2;-0.017398109
3;0.04301153
4;0.013383358
5;0.002489327
1;-0.009821926
2;-0.014269685
3;0.04304102
4;0.016466343
5;-0.007426406
1;-0.00364394
2;0.00200883
3;0.006116662
4;0.01046968
5;-0.002774181
2;0.034639839
3;-0.000264845
1;0.007445015
2;-0.016681361
3;-0.014393758
4;-0.004772514
5;0.001862325
1;-0.012243615
2;0.012963241
3;-0.02593169
4;0.015678674
5;-0.002367892
1;0.021320662
2;-0.006059162
3;-0.00166839
4;-0.012295473
5;-0.009389944
1;-0.002046999
2;0.002625797
3;-0.0205778
4;-0.017283612
5;-2.2621E-05
1;0.003801437
2;-0.009839913
3;-0.000543312
4;0.007762676
5;0.011435765
1;-0.015286511
2;-0.029647794
3;-0.00129756
4;0.001808329
5;-0.00439053
1;-0.007265363
2;-0.009776095
3;0.007951279
4;0.022452027
5;0.006319848
1;-0.011421391
2;0.006365168
3;-0.011612124
4;-0.011690189
5;0.022549264
1;-0.016941933
2;0.005180587
3;-0.014807063
4;-0.001721329
5;-0.024182562
1;-0.005410316
2;0.004949462
3;-0.024300203
4;0.033005004
5;-0.004264416
1;-0.000953903
2;-0.01755525
3;-0.01964915
4;0.001328517
1;-0.025408268
2;0.023294919
3;0.000703264
4;-0.00278314
5;-0.005113163
1;-0.018720376
2;0.024019885
3;0.008275411
4;0.036120228
5;-0.012761743
1;0.000157642
2;0.006152272
3;-0.012726486
4;-0.03421239
5;-0.001660308
1;-0.022187117
2;0.037651842
3;-0.013732957
4;-0.020660439
5;-0.006052136
1;-0.016526477
2;0.001991276
3;0.010235215
4;-0.023932751
5;0.003533812
1;0.009687563
2;-0.007621871
3;-0.018913324
4;-0.003769473
5;-0.020778543
1;-0.028769419
2;0.034268803
3;-0.016265101
4;0.004851034
5;-0.01261785
1;-0.031007946
2;0.009494113
3;-0.068644566
4;0.000311083
5;0.040347987
1;-0.051717797
2;0.018293603
3;0.026477274
4;-0.015659826
5;-0.023803421
2;0.014440512
3;-0.005406601
4;0.005670648
5;0.008027279
1;0.020013875
2;0.016339446
3;-0.021169448
4;0.027945589
5;3.8214E-05
2;-0.019201644
3;-0.004694489
4;0.037630678
5;0.027203651
1;-0.017056229
2;0.017570565
3;0.010997027
4;-0.026435457
5;0.00608559
2;0.030167215
3;-0.005484762
4;0.007190244
5;-0.007837547
1;-0.017083237
2;-0.009419183
3;-0.014031446
4;-0.001840336
5;0.00352129
1;0.006121571
2;0.01766354
3;-0.033345506
4;0.014173296
5;-0.020931143
1;-0.013218719
2;-0.00507158
3;0.00558724
4;0.039188263
5;0.015062506
1;0.007377111
2;-0.014300201
3;0.008048375
4;0.003346774
1;0.033777208
2;-0.010485628
3;-0.030046249
4;0.002927528
5;0.0038851
1;-0.031027652
2;0.007878726
3;0.024678029
4;0.013302259
5;-0.005577693
1;-0.021142781
2;-0.009227946
3;0.030799462
4;-0.034669874
5;0.007467175
1;-0.018075846
2;0.010485981
3;0.003804043
4;-0.003578804
5;-0.009539807
2;-0.00783287
3;-0.00608784
4;0.02567092
5;0.008096146
5;0.030717677
1;0.00649773
2;-0.022809054
3;-0.002960735
4;-0.011843132
5;-0.009231706
2;-0.022620245
3;-0.002989363
4;-0.004865624
5;0.016173503
1;-0.001270562
2;-0.022554437
3;-0.001002395
4;0.003295063
5;0.006933388
1;0.007533553
2;-0.019245041
3;-0.01068421
4;0.007864568
5;-0.020857555
1;-0.016423892
2;-0.016363548
3;-0.005794755
4;0.017093552
5;0.010668869
2;0.019621311
3;0.009106024
4;0.011246318
5;-0.00327783
1;0.004483322
2;-0.024683795
3;-0.0013241
4;0.045840148
5;0.005942242
1;-0.00584026
2;-0.009155588
3;0.035666564
4;0.001393134
5;0.0209514
1;0.057352315
2;-0.008927773
3;0.000887833
4;0.025194677
5;0.020179888
1;0.002815366
2;-0.02652214
3;-0.016681358
4;0.013358111
5;0.006821802
1;-0.012929194
2;0.025284716
3;-0.022817848
5;-0.015888854
1;-0.007430749
2;-0.00473275
3;0.010275437
4;0.000832422
5;-0.027568551
1;0.000340987
2;0.015813625
3;0.017361043
4;-0.001888507
5;-0.003848615
1;0.001533825
2;-0.021222675
3;0.00932167
4;-0.006376707
5;-0.016670483
1;0.015775693
2;0.018623592
3;0.017217272
4;0.002769965
5;-0.005519827
1;0.018045868
2;0.001295055
3;-0.005463558
4;-0.0020719
5;-0.009256598
2;-0.004241575
3;0.005228837
4;-0.000154087
2;-0.020551691
3;0.017928569
4;0.009721918
5;-0.008823075
1;-0.016981298
2;0.001695667
3;0.024939595
4;0.008187659
5;0.009211458
1;0.000777932
2;-0.004681782
3;0.013535455
4;0.001492785
5;-0.000298045
1;5.84487E-06
2;-0.003368126
3;-0.006984746
4;-0.00702453
5;-0.000537951
1;0.011636681
2;-0.021085535
3;0.000926365
4;-0.007653613
5;-0.011854935
1;-0.005990704
2;0.006944043
3;-0.010746267
4;-0.016217943
5;-0.02032295
1;-0.023769763
2;0.016352641
3;-0.03413243
4;0.012973672
5;-0.024671059
1;0.01123337
2;0.002417973
3;-0.04104463
4;0.018395339
5;0.034503486
1;-0.002488539
2;0.002533728
3;0.017726927
4;-0.016739871
5;0.018014458
1;-0.005268754
2;0.017584883
3;-0.019121926
4;-0.025136927
5;0.010974545
1;-0.02157726
2;-0.012094843
3;0.004438732
4;0.019452116
5;-0.028590463
1;-0.001309378
2;0.002609212
3;-0.026575521
4;-0.001791965
5;-0.034723128
1;0.007855599
2;0.034273138
3;-0.012653036
4;-0.008584067
5;-0.008598655
1;-0.000487262
2;-0.021234843
3;0.034487282
4;-0.003547936
5;0.020225586
1;-0.025520423
2;-0.006092702
3;-0.005194812
4;0.016174085
5;-0.000759816
1;-0.019501083
2;0.002246644
3;0.002275831
4;0.017620157
5;0.005429486
1;0.020094791
2;-0.016064393
3;-0.014290147
4;-0.015122894
5;-8.73206E-05
1;-0.010205444
2;-0.032512108
3;-0.015520647
4;0.016071649
5;-0.010141119
1;0.019223465
2;0.000327683
3;0.009703225
4;0.001610391
5;-0.018577853
2;0.03215566
3;-0.007559986
4;0.020642599
5;-0.019690778
2;-0.016959655
3;-0.016901963
4;0.016824721
5;0.02222955
1;-0.015560439
2;-0.023837575
3;-0.012402151
4;-0.012554541
5;0.010144832
1;-0.03833825
2;0.002402728
3;-0.01966177
4;-0.011746438
5;0.010606356
2;0.035373259
3;0.005432931
4;0.008407004
5;0.013992241
1;-0.011926268
2;-0.032720065
3;0.002887859
4;-0.011566987
5;0.012916695
1;0.00357131
2;-0.005582202
3;0.005477144
4;-0.013348423
5;0.005222161
2;0.028582323
3;0.001758441
4;-0.00367579
5;-0.02608373
1;-0.026868635
2;0.000519937
3;-0.003105907
4;-0.016143073
5;0.023824562
1;-0.018704847
2;0.002303835
3;0.01121684
4;0.02434075
5;0.011983662
1;0.019403442
2;-0.013557962
3;0.005863337
4;0.033338895
5;0.004216979
1;-0.004468733
2;0.003334138
3;-0.021786689
4;-0.009948588
5;-0.006108845
1;-0.003980491
2;-0.002668926
3;-0.008767933
4;-0.002175915
5;-0.022366411
1;-0.007677289
2;0.007050043
3;-0.019783804
4;0.005206932
5;0.00229957
2;0.012469981
3;-0.001320128
4;0.023134248
5;0.001602146
1;-0.015625137
1;0.015542509
2;-0.006543553
3;-0.016152392
4;-0.002335487
5;-0.003238968
2;0.009705478
3;0.006838436
4;-0.000299636
5;0.009373793
1;-0.015239377
2;0.017346416
3;-0.011263646
4;0.02067427
5;-0.006765015
1;-0.014091595
2;-0.00981399
3;-0.02305567
4;-0.001714332
5;0.002777254
1;0.019103078
2;-0.001870987
3;0.007625626
4;-0.007709307
5;-0.004255765
1;0.004342983
3;0.020904482
4;-0.007473463
5;0.011821023
1;0.0080086
2;-0.009037638
3;-0.001672864
4;-0.003176115
5;-0.016007836
1;0.006020457
2;-0.024161256
3;-0.000440262
4;0.000307486
5;0.000437736
1;0.015114116
2;-0.001199721
3;-0.000896605
4;-0.012287462
5;-0.027256132
1;-0.012586056
2;-0.022614419
3;0.010200355
4;-0.009421001
5;0.016902663
1;-0.016511308
2;0.010466351
3;0.012068498
4;0.017729038
1;0.028867701
2;-0.023548168
3;0.013641605
4;0.002003518
5;-0.010632679
1;-0.037837832
2;0.001755702
3;0.010354732
4;-0.006477061
5;0.007006051
1;0.021546891
2;-0.014476436
3;-0.009117354
4;-0.009663538
5;-0.020717844
1;-0.00827183
2;0.011125814
3;0.005173592
4;-0.007335689
5;0.006703469
1;0.011938093
2;-0.022669145
3;0.000374747
4;0.007820873
5;-0.019940136
1;-0.011970839
3;0.028959295
4;0.004061247
5;0.005567378
2;0.022059897
3;0.003237138
4;-0.009691972
5;0.014905387
1;0.00842353
2;-0.003760809
3;0.006650397
4;-0.014847254
5;-0.000752431
1;-0.009675486
2;0.00252817
3;-0.005096419
4;0.004125662
5;0.016395607
1;0.005186435
2;-0.013100613
3;0.013934073
4;0.017000278
5;0.005851252
1;0.01445492
2;0.002024351
3;-0.000774426
4;0.011544651
5;0.014749939
1;0.004186597
2;-0.003820166
3;0.011449615
4;0.003178189
5;0.006932166
1;-0.015803504
2;0.021616892
3;0.006617049
4;0.001927105
5;0.001083874
1;0.00183486
2;-0.024134443
3;0.001456459
4;-0.000991282
5;0.020042307
1;-0.002303823
2;0.021282173
3;0.03325562
4;0.003388662
5;-0.008039671
1;0.025584956
2;0.01051707
3;0.009274227
4;-0.003542467
5;-0.032698589
1;0.012405927
2;-0.00047471
3;-0.00154257
4;-0.024655483
5;0.003034703
2;-0.004392629
3;0.013545875
4;0.005771977
5;-0.00238004
1;0.019694888
2;-0.000569273
3;-0.020717884
4;-0.007235963
5;0.00505454
1;-0.016668049
2;-0.007455158
3;-0.00627271
4;-0.006277768
5;0.006665942
1;0.01703652
2;0.008083976
3;0.019458558
4;0.016345142
5;-0.005056405
1;0.017038636
2;0.013968606
3;0.011527449
4;0.006839131
5;-0.007897789
1;-0.000440708
2;0.005427684
3;-0.002284712
4;-0.008159112
5;0.011505919
1;0.031089798
2;0.001863274
3;0.002392814
4;-0.006435556
5;0.000358724
1;0.003092641
2;0.022057935
3;-0.006035367
4;-0.028969467
5;0.01566229
2;0.016131951
3;0.009423605
4;0.003924008
5;-0.008638423
1;-0.04328035
3;0.002592316
4;-0.018475151
5;0.000814408
1;-0.00865004
2;-0.00102892
3;0.013818295
4;0.022171517
5;0.010868152
1;0.002876535
2;0.007438648
3;-0.026040522
4;-0.001021181
5;0.023887636
2;0.016586083
3;-0.006080586
4;0.011420825
5;0.001154873
1;0.011155272
2;-0.011732541
3;-0.012946588
4;-0.052258368
5;5.22475E-05
1;0.011392237
2;0.010172759
3;0.016733543
4;-0.004073759
5;-0.01279425
2;0.026943514
3;-0.000961933
4;-0.026672187
5;0.007240387
1;-0.011776688
2;-0.028729866
3;0.001877332
4;0.010839495
5;-0.016641422
1;-0.038115478
2;0.011199129
3;-0.028953956
4;0.025781318
5;-0.001305371
2;0.010838428
3;0.018367064
4;0.001826848
5;-0.006199206
1;0.029528322
2;0.000661112
3;-0.008078537
4;0.009982556
5;-0.005434689
1;-0.032141776
2;0.007827654
3;-0.021335644
4;0.016470148
5;0.009337774
1;0.031087045
2;-0.021113018
3;-0.01757636
4;0.00112494
5;0.017710412
1;0.008517241
3;-0.000119554
4;-0.000570971
5;0.005009932
1;0.007955858
2;0.016623874
1;0.013815801
2;-0.001033312
3;-0.005207734
4;0.007393251
5;0.011686759
2;-0.010577355
3;0.001226933
4;-0.018381103
5;0.017847038
1;0.016364104
2;0.006031791
3;-0.009111827
4;-0.000153615
5;0.006190405
1;-0.008748056
2;-0.004070208
3;-0.006938344
4;-0.006752088
5;0.000386773
1;-0.000638209
2;-0.012588261
3;-0.018462133
4;0.001659347
5;-0.000351724
1;-0.005589673
2;-0.0035834
4;0.009014374
5;0.009366794
1;-0.000849979
2;0.014344818
3;-0.002275244
4;0.007185081
5;-0.003083661
1;0.013735501
2;-0.020902454
3;0.001370708
4;0.014581599
5;0.020738065
1;0.020544763
2;0.007987625
3;-0.000844434
4;0.004383468
5;0.011814038
1;-0.002988698
2;0.002533548
3;-0.008604346
4;-0.011984158
5;-0.011958402
1;0.013803201
2;-0.006702983
3;0.017158912
4;0.004137671
5;-0.005743421
1;-0.008796284
2;-0.003311566
3;0.007409705
4;0.014493678
5;0.020577889
1;-0.004462543
2;-0.002098077
3;0.001854837
4;-0.002732619
5;0.011279571
1;0.011976957
2;0.010099087
3;-0.004986043
4;0.006052554
5;-0.016263734
1;0.012129533
2;0.00704332
3;-0.002446959
4;-0.024921599
5;0.002045295
1;-0.005116853
2;0.01585851
3;-0.000666205
4;0.002992763
5;0.011664495
1;0.003560292
2;-0.009832053
3;-0.003375587
5;-0.020407944
4;-0.016324791
5;-0.011518517
1;-0.0496547
2;0.002063155
3;0.022339235
4;-0.029893011
5;0.002263466
1;-0.032274884
2;0.019423559
3;0.023678583
4;-0.009684094
5;0.018987188
1;0.002831515
2;-0.012573264
3;0.017107343
4;0.001249209
5;0.012773136
1;-0.006493431
2;0.00536012
3;-0.004828951
4;-0.019335663
5;0.009117603
1;0.027640045
2;0.007143183
3;-0.006285154
4;0.010964375
5;-0.004254904
1;-0.003054939
2;-0.009087729
3;0.022061372
4;-0.002909297
5;-0.019645712
1;0.018978702
2;-0.001629753
3;-6.13078E-05
4;0.014027414
5;0.003081889
1;0.008760873
2;-0.001958318
3;-0.000163577
4;0.003126939
5;-0.014779141
1;-0.015456479
2;-0.005773145
3;-0.007909883
4;-0.005516353
5;0.008907213
1;0.013801081
2;0.002271582
3;-0.02194445
4;0.004611313
5;0.002351486
2;-0.015654422
3;0.015467277
4;-0.013101174
5;-0.008696067
1;-0.002486254
2;-0.011537191
3;0.015545438
4;-0.007842805
5;0.018620467
1;-0.00918402
2;-0.007304124
3;-0.011787633
4;0.004609696
5;-0.008016941
1;-0.005837886
2;0.004102969
3;0.008717953
4;-0.001937717
5;-0.024868543
1;-0.006471458
2;0.003564064
3;0.004492053
4;0.011926634
5;-0.001320628
1;0.006574819
2;0.002219965
3;0.013085216
4;-6.19964E-05
5;0.007185696
1;-0.002238088
2;-0.009228353
3;0.004102821
4;0.002280063
5;-0.011748373
1;0.019929828
2;0.004841357
3;-0.001749481
4;-0.009641881
5;-0.007884399
1;0.01521138
2;0.003766964
3;-0.01220279
4;-0.001723926
5;-0.005118397
2;-0.000146187
3;-0.005561935
5;-0.011339609
1;-0.003294956
2;-0.004036935
3;-0.002728494
4;0.003467895
5;0.014820018
1;0.026452263
2;0.000195023
3;0.009136609
4;-0.002708009
5;-0.000461594
2;-0.013085101
3;-0.000519694
4;-0.014547982
5;-0.004663627
1;-0.001579146
2;0.009009397
3;-0.016647732
4;-0.008578175
5;0.006273593
1;-0.018403329
2;0.001247913
3;0.00182453
4;0.014961474
5;-0.007556266
1;-0.003413914
2;0.014161398
4;0.005354944
5;0.01049626
1;-0.007070828
2;-0.001727665
3;0.00274046
4;-0.013555817
5;0.01582882
1;0.018662372
2;-0.005879606
3;-0.002732693
4;-0.004399993
5;3.78971E-05
1;-0.021289109
3;0.002112172
4;0.002572952
5;-0.00612772
1;0.013216989
2;-0.007189271
3;-0.010607243
4;0.017357353
5;0.009236294
1;-0.008426457
2;-0.009913334
3;0.006210426
4;-0.015171117
5;-0.001841788
1;0.003012155
2;0.011640858
3;0.00373811
4;-0.002933163
5;0.013993972
1;0.002263124
2;0.002024352
3;0.007478759
5;0.013824411
1;-0.000275433
2;0.005422527
3;-0.003733283
4;0.009374664
2;0.002520158
3;-0.006990144
4;0.004774586
5;-0.005148863
2;0.009293492
3;-0.007532638
4;-0.008344045
5;0.007033531
1;0.004249425
2;-0.005573039
3;-0.001569961
4;-0.010627638
5;-0.004120213
1;0.004538388
2;-0.001114932
3;0.008798705
4;-0.003104165
5;-0.001829504
1;0.005901858
2;-0.000280169
3;0.001995478
4;-0.001560767
5;-0.002545084
1;0.012201237
2;-0.000820346
3;-0.00148756
4;0.00696666
1;0.0067835
2;0.001227732
3;-0.003854932
4;-0.001635583
5;0.00666014
1;-0.000780743
2;-0.004586065
3;-0.008444977
4;0.002689382
5;0.010962015
1;0.007038837
2;0.003395248
3;0.002812553
4;0.003612145
5;0.001398259
1;0.004396099
2;-0.00322943
3;0.006689162
4;-0.008541652
5;0.004958646
1;-0.006194986
2;-0.00246374
3;0.004396851
4;-0.008260973
5;0.008819219
2;-0.00319032
3;-0.008723147
4;0.000583349
5;0.001287272
1;0.002649301
2;-0.016457195
3;-0.002930196
4;0.008872084
5;0.004674995
1;-0.004795836
2;0.009109412
3;0.004478542
4;-0.001368128
5;0.005383843
1;-0.010932189
2;-0.006434955
3;-0.002812792
4;-0.006409314
5;-0.016786055
1;-0.038755801
2;0.011581502
3;0.002051057
4;-0.009440576
5;0.005588671
1;0.002515404
2;-0.003431997
3;-0.002759373
4;0.000316158
1;-0.000616964
5;0.017127354
1;-0.001864647
2;-0.001062211
3;-0.003479332
4;-0.003852493
5;-0.002605862
1;-0.009264339
2;-0.011191242
3;0.000925174
4;0.022065856
5;-0.003605791
1;0.010935442
2;-0.002242928
3;-0.010765823
4;0.001225821
5;0.01479667
1;0.006589909
2;0.000910264
3;0.004696053
4;-0.00438927
5;0.001771472
1;-0.002607811
2;-0.004728738
3;0.005651952
4;-0.010707747
5;0.012762185
1;0.000643799
2;0.002155654
3;0.007028923
4;4.37977E-05
5;0.008517126
1;-0.002668132
2;0.000469265
3;0.005082486
4;0.002548865
5;-0.003436914
1;-0.010696659
2;0.008683718
3;0.005509455
4;0.000567322
5;0.003973446
1;0.001840074
2;-0.0029955
3;-0.001134356
4;-0.001154626
5;-0.002085842
1;0.009362921
2;0.001485005
3;-0.002766362
4;0.008915663
5;-0.000474431
2;0.000523731
3;0.002081159
4;-0.000222259
5;-0.007808647
1;0.005763582
2;-0.002101223
3;0.008239968
4;0.001960885
5;0.003475898
1;0.003968718
2;-0.000562646
3;0.003477974
4;-0.008253937
5;-0.009880084
1;0.001061776
2;0.010248703
3;0.016481472
4;0.013565931
5;-0.000133741
1;-0.000418464
2;0.004811947
3;-0.00346093
4;0.002786765
5;-0.001271591
1;0.01299553
2;0.001638487
3;0.002348732
4;-0.007796913
5;0.002762771
1;-0.010477156
2;0.01157467
3;-0.003180154
4;0.007493443
5;0.007410725
1;0.002764429
2;-0.002809669
3;0.000647439
4;-0.005862838
5;0.01253885
1;0.015975504
2;0.000427934
3;-0.005261084
4;0.011814538
5;-0.002166083
2;0.014547174
3;0.00364394
4;-0.002823655
1;0.017571263
2;-0.006185918
3;0.009412336
4;0.013405664
5;-0.003158338
1;-0.003617772
2;0.015666331
3;-0.003569254
4;-0.024429113
5;-0.009912351
2;0.024565488
3;-0.006881482
4;-0.001077547
5;-0.00213623
1;-0.001510021
2;-0.003592187
3;-0.016823316
4;0.004632996
5;0.000719201
1;-0.007129167
2;0.013221955
3;0.008577166
4;0.001645526
5;-0.005271347
1;0.019290445
2;0.019026313
3;0.001939297
5;0.012955148
1;-0.0010207
2;-0.001770212
3;0.002523754
4;0.000616629
5;0.005254309
1;-0.002760418
2;-0.0017208
3;0.00559751
4;0.016858172
5;0.014557216
1;0.003911476
2;0.001898006
4;0.002326585
5;0.002825225
1;0.013614025
2;-0.003960608
3;-0.003728211
4;0.017222238
5;0.01905655
1;0.008375755
2;-0.008260339
3;0.003965316
4;-0.019649765
5;0.014430371
1;0.021492186
2;0.002548422
3;-0.020118822
4;-0.013681639
5;-0.005348462
1;0.014291964
2;0.016098185
3;0.02002103
4;-0.001015708
1;0.010377939
2;-0.008621165
3;0.01400408
4;0.009194624
5;-0.014344136
3;0.015404501
4;0.003893632
5;0.000172888
2;-0.018669427
3;0.014728193
4;0.004974288
5;0.000593311
1;-0.011424512
2;-0.028815381
3;-0.029845735
4;0.022883026
5;2.61205E-05
1;-0.021640818
2;0.018590943
3;0.000134825
4;0.015219357
5;0.035220337
1;0.005485913
2;0.005938986
3;-0.01024642
4;0.013887271
5;-0.003051229
1;0.00527549
2;-0.001599702
3;-0.027177188
4;0.010209688
5;-0.011122678
1;-0.023661549
2;0.019163765
3;-0.015695095
4;0.006932619
5;-0.020797346
1;-0.017689565
2;0.029173351
3;-0.00714471
4;0.019720897
5;0.000360892
1;0.005638064
2;0.000770409
3;-0.01498137
4;-0.003432244
5;-0.015609807
1;0.015069112
2;-0.011075397
3;-0.006285122
4;0.025861398
5;0.004896668
1;0.015142017
2;-0.007555281
3;0.00495618
4;-0.013748684
5;0.015015725
1;0.017295991
3;-0.007809152
4;-0.000370473
5;0.004326753
1;0.005373539
2;0.002407895
3;0.014759707
4;0.006293028
5;0.00083976
1;0.015913472
2;-0.002333493
3;-0.002833494
4;0.014127884
5;0.004224503
1;-0.006098828
2;-0.002205037
3;-0.014781933
4;0.00213028
5;0.002013768
1;-0.013639212
2;0.013583506
3;0.006781396
4;-0.00188014
5;0.004978483
1;-0.028532436
2;0.003298838
3;0.005033776
4;0.003430451
5;-0.012246202
1;0.001151575
2;0.013384207
1;0.008006908
2;-0.005844127
3;-0.013999064
4;-0.005310819
5;-0.015560954
1;-0.006943186
2;-0.020125457
3;0.009194273
4;-0.013612868
5;0.004234773
1;-0.018591547
2;-0.016446276
3;0.019552206
4;-0.013509293
5;0.017497006
1;-0.003454764
2;-0.00353925
3;-0.02503548
4;0.002351228
5;0.018251844
1;-0.007692928
2;-0.018256292
3;-0.018953438
4;-0.031149168
5;0.008018728
1;0.005555072
2;-0.042304136
3;0.006376879
4;0.011202216
5;0.027843612
1;-0.001277081
2;-0.014364795
3;-0.000283347
4;0.033007081
5;-0.00077
1;0.001873404
2;0.001280165
3;-0.019010537
4;0.015665863
5;0.025079736
1;0.004275865
2;0.004285796
3;-0.007352474
4;-0.013132805
5;-0.000900454
1;0.015891239
2;-0.005091766
3;-0.014614652
4;-0.009975939
5;-0.016879698
2;-0.027868296
3;0.004355601
4;0.030333326
5;-0.00843727
1;-0.001807146
2;0.014143983
3;-0.00810796
4;0.019672766
5;0.010686592
1;0.007398812
2;-0.001029202
3;0.001513014
4;0.000393087
5;0.001860538
1;-0.022518636
2;0.020288938
3;0.012334494
4;-0.001641551
5;-0.004224275
1;0.018591891
2;-0.002583881
3;0.016004707
4;-0.003148431
5;0.005300257
1;-0.008538784
2;0.013196373
3;-0.001121685
4;-0.012602097
5;-0.001376834
1;-0.011108194
2;0.008085811
3;-0.001167412
4;0.016789939
5;-0.000403408
1;0.013777012
2;0.001703517
3;-0.006236313
4;-0.016824511
5;0.004240824
1;-0.01795069
2;-0.004762379
3;0.001951738
4;0.01213806
5;-0.00474453
2;0.00046312
3;-0.009851012
4;0.007324875
5;-0.012683168
1;-5.50075E-05
2;-0.004896253
3;0.024785654
4;0.004815364
5;0.006390207
1;0.007826024
2;-0.000750853
3;-0.009871188
4;0.022549914
5;-0.000807045
2;0.00250294
3;-0.004664551
4;-0.001938396
5;0.010194783
1;0.009402615
2;-0.004874448
3;0.002489736
4;-0.006122107
5;0.006039836
1;0.008205079
2;-0.000497479
3;-0.004848908
4;0.006702322
5;-0.008514218
1;-0.019213866
2;0.002903098
3;-0.00147248
4;-0.001542539
1;0.000901122
2;0.001749182
3;-0.010897049
4;-0.001059409
5;-0.005331943
1;-0.005597664
2;0.016530438
3;-0.002832816
4;-0.004912477
5;-0.004473029
1;-0.022993897
2;0.000521296
3;0.011380804
5;-0.011351568
1;0.00953708
2;-0.001897883
3;0.013838611
4;0.012249102
5;0.002911392
1;-0.001115083
2;-0.002323044
3;0.006466295
4;0.006215951
5;-0.0033772
1;0.006687977
2;0.006620706
3;0.003309263
4;0.008130196
5;0.005044536
1;0.002822024
2;-0.010980285
3;0.013860797
4;0.002160378
5;0.003345557
1;-0.000705892
2;0.004453911
3;0.004616222
4;-0.001381934
5;5.92152E-05
4;0.00739401
5;-0.015217482
2;0.008516377
3;-0.017283551
4;-0.006171023
5;0.01291293
1;0.008924699
2;-0.000433565
3;0.003417501
4;0.006328221
5;-0.003488332
1;0.006549109
2;-0.000896283
3;0.005661035
4;-0.002808468
5;-0.002085423
1;0.002781697
2;0.001128698
3;-0.006123274
4;0.007797668
5;0.001574718
1;-0.011596514
2;0.003571632
3;-0.006601909
4;9.25262E-06
5;0.012176554
2;0.006668631
3;0.007417327
4;0.008111715
5;-0.001206501
1;0.003598422
2;-5.40703E-05
3;-0.001445374
4;0.010859026
5;0.004387672
1;0.001479517
2;-0.00525276
3;-0.02887892
4;-0.008592191
5;-0.013589492
1;-0.03400664
2;0.012079551
3;-0.004753481
4;0.019240923
5;0.004304861
1;0.007450023
2;-0.006588126
3;-0.029654465
4;0.010943155
5;-0.00691814
1;0.015726007
2;0.008992606
4;0.014805489
5;0.00351922
1;0.002362685
2;-0.008995386
3;-0.006373257
4;0.000533624
5;0.001372441
1;-0.015109248
2;0.012584031
3;0.017249985
4;-0.003006666
5;-0.000379687
1;0.014703117
2;-0.004466173
3;0.000304516
4;-0.007364316
5;-0.010111714
1;0.015109347
2;-0.005737342
3;0.007948948
4;-0.016859184
5;0.004631793
1;0.000157557
2;-0.000206262
3;-0.012431574
4;0.011135737
5;-0.00165147
2;-0.007234557
3;0.006918998
1;0.015680456
2;-0.000735422
3;0.005156351
4;-0.000628997
5;-0.010384705
1;0.007051641
2;-0.009375214
3;0.000914332
4;-0.001735775
5;-0.00567481
1;0.008999258
2;0.006991559
3;0.001416978
4;-0.000460425
5;-0.012266849
1;0.00606695
2;0.004819614
3;-0.00478152
4;0.016213412
5;0.004639654
1;0.0008093
2;0.004462743
3;-0.000713677
4;0.000689859
5;-0.015309877
1;0.003110615
2;-0.004133687
3;-0.001585635
4;0.006157142
5;0.007215131
1;0.009857501
2;0.000776028
3;0.002643005
4;0.001570285
5;-0.002836758
1;-0.005576687
2;-0.001182179
3;-0.012074636
4;0.004638712
5;0.01142715
1;0.000437651
2;0.000198368
3;0.001036383
4;0.002899684
5;-0.004429855
1;0.00665004
2;-0.000509932
3;-0.011192833
4;-0.003628279
5;0.014069159
2;-0.001189372
3;-0.011133106
4;0.00559005
5;0.002280391
1;-0.010757665
2;0.002134814
3;-0.008009424
4;-0.008792394
5;-0.023912487
1;0.000317588
2;-0.002340019
3;-0.022152807
4;0.006683215
5;-0.000250265
1;-0.003859058
2;0.000432081
3;0.006333257
4;0.008264404
5;-0.02395952
1;0.002142764
2;0.002648862
3;-0.022149619
4;-0.020054559
5;-0.055695461
1;0.02959628
2;0.010676017
3;-4.40224E-05
4;0.025806474
5;-0.004136312
1;0.003220858
2;-0.000853052
3;-0.017007053
4;0.008766278
5;0.025382357
1;-0.002668762
2;-0.006341422
3;-0.016085595
4;0.006080453
5;-0.008328862
1;-0.022404333
2;0.00712333
3;-0.00505569
4;0.001492151
5;0.019170748
2;-0.020397071
3;0.036031234
4;0.001966744
5;-0.006183407
2;0.005448389
3;0.002071415
4;0.023836675
5;-0.002768169
1;0.003584128
2;0.011850464
3;0.008941659
4;-0.006263803
5;-0.001607259
2;0.00554334
3;0.001047825
4;0.016231038
5;-0.007347515
1;0.001555522
2;-0.012768584
3;-0.010712493
4;0.008853481
5;-0.017200663
1;-0.022609558
2;0.000736415
3;-0.005619819
4;-0.004547445
5;0.013508065
1;0.011592208
2;-0.002822868
3;0.005188603
4;0.007901129
5;-0.021141393
1;-0.015162675
2;-0.0011864
3;-0.0094571
4;-0.020404087
5;-0.012001424
1;-0.025103566
2;-0.004647195
3;0.02435487
4;-0.006684416
5;-0.015822445
1;-0.007421259
2;0.011169519
3;-0.024884492
4;0.003438694
1;0.01641658
2;0.005773771
3;-0.004547583
4;0.023476077
5;0.010702661
1;-0.0033025
2;-0.009565101
3;0.008278841
4;0.016847607
5;0.005170532
1;-0.002006226
2;0.007527927
3;-0.007033839
4;-0.025152603
5;-0.001417667
1;-0.017209983
2;-0.002753333
3;-0.011730264
4;7.25165E-05
5;0.014883762
2;0.01918877
3;0.006469905
4;-0.005692202
5;-0.016643691
5;-0.041098227
1;-0.01307639
2;0.001937359
3;0.004840054
4;-0.014561822
5;-0.019462418
2;-0.009839337
3;-0.034076712
4;0.020444893
5;0.005631466
1;-0.039387551
2;-0.058156877
3;0.020157276
4;0.020348023
5;0.040150682
1;-0.040522712
2;0.029433629
3;-0.009978501
4;0.018371932
5;-0.00703667
1;0.026506056
2;-0.008273851
3;-0.048157285
4;0.008204136
5;-0.014483717
2;0.00036253
3;0.003552287
4;0.041823307
5;-0.000285515
1;0.00094211
2;0.008944579
3;-0.033070501
4;0.027996562
5;-0.013816233
1;0.030212734
2;-0.006478199
3;0.014832254
4;-0.007568138
5;-0.023430583
1;-0.045944189
2;7.69691E-06
3;-0.001557521
4;0.018586516
5;-0.033283812
1;-0.019804771
2;0.0100158
3;0.015898038
4;-0.033819967
5;-0.01554963
1;-0.037799491
2;0.014875018
3;0.024462305
5;0.017955452
1;-0.000198697
2;0.021021725
3;-0.003032395
4;-0.008063665
5;0.016982872
1;-0.023273352
2;0.010394837
3;0.041245848
4;0.015090247
5;-0.007246561
1;0.011742075
2;-0.014966202
3;-0.010510553
4;-0.012786664
5;0.028813868
1;-0.030962901
2;0.005640724
3;0.011902939
4;0.019000415
5;0.005815884
1;0.016200259
2;-0.010918328
3;0.002310616
4;-0.002823745
5;0.023544804
1;0.002226399
3;-0.003199212
4;-0.006020256
5;0.020305471
3;0.003780943
4;-0.011354431
5;-0.020865583
1;0.006425144
2;0.015191058
3;0.01174268
4;0.009389469
5;-0.002266149
1;0.003519246
2;-0.007704657
3;-0.016648305
4;0.003738435
5;0.002410805
1;-0.023248861
2;0.014727911
3;-0.013322783
4;0.029824108
5;0.015042263
1;0.007060812
2;-0.016124298
3;0.015807769
4;-0.006564364
5;0.010289173
1;-0.021490272
2;-0.011361506
3;0.011509577
4;-0.021009547
5;0.006110779
1;0.026875287
2;-0.000418079
3;0.007253204
4;-0.022577323
5;-0.013400623
1;-0.006087168
2;-0.000570974
3;-0.001419102
4;-0.000549684
5;-0.020314452
1;-0.00466075
2;-0.001349437
3;-0.01322134
4;-0.001579556
5;-0.002075969
1;0.00918499
2;-0.024775887
3;0.001459063
4;0.0011547
5;-0.002108256
1;-0.002267193
2;-0.019841736
3;0.000489117
4;0.009914794
5;-0.006558575
2;0.029342594
3;0.009658957
4;0.021577402
5;-0.019938986
1;0.001425331
2;-0.014659359
3;0.01570795
4;0.000674529
5;-0.021323443
1;-0.012403066
2;-0.001433002
3;0.026003441
4;-0.009848494
5;0.003302733
1;0.019737987
2;-0.009524092
3;-0.021313811
4;-0.005100117
5;0.004820574
1;0.011154653
2;-0.023081642
3;-0.001039012
4;-0.00777073
5;-0.006780194
1;0.016647282
2;-0.007791173
3;-0.002017103
4;0.001198219
5;0.02357747
1;-0.018427166
2;-0.017663806
3;0.006333853
4;-0.010451134
5;-0.027892929
1;0.033198293
2;-0.017887311
3;-0.004365739
4;-0.019971109
5;0.009233014
2;-0.050802378
3;0.01199269
4;-0.022419201
5;0.036873639
1;0.014137657
3;0.002019366
4;-0.008996162
5;-0.009487224
1;-0.012654182
2;-0.042065074
3;0.009581073
4;-0.018958949
5;-0.019610548
1;-0.043446654
2;-0.030754293
3;-0.098490529
4;-0.004992165
5;-0.101160408
2;0.13234585
3;0.010518632
4;-0.121110256
5;0.027446487
1;0.035233067
2;0.032840722
3;-0.070276627
4;-0.024944584
5;-0.100879627
1;-0.065670452
2;0.06211338
3;0.074556015
4;0.094941467
5;-0.051443919
2;0.060795653
3;0.043647569
4;-0.06757045
5;-0.03617114
1;0.056448166
2;-0.030423688
3;-0.013001181
4;-0.053971519
5;0.026796358
1;0.007087472
2;-0.02304655
3;-0.006648769
4;-0.071408736
5;0.026612594
2;0.050906849
3;-0.013389448
4;0.019313769
5;0.016449832
1;-0.013607953
2;-0.065644737
3;0.017697948
4;-0.010027494
5;-0.000849654
1;0.050672642
2;0.007990514
3;0.031002518
4;0.006939874
5;-0.057183305
1;0.050753679
2;-0.011216017
3;0.005180291
4;0.006332289
5;-0.009122819
1;0.015626202
3;-0.023976723
4;0.009628155
5;0.016151206
1;0.000874951
2;0.012766883
1;0.020507146
2;0.004162452
3;0.017292932
4;-0.040061309
5;-0.004473502
2;-0.049038532
3;0.002912354
4;-0.050447588
5;0.025453186
1;0.003238918
2;-0.023411498
3;-0.020561328
4;0.018817884
5;-0.038808465
1;-0.008181598
2;0.048148148
3;0.005594001
4;0.017723189
5;-0.031665977
1;-0.015133862
2;-0.006174742
3;0.026908324
4;-0.011169331
5;0.015845566
1;-0.013410689
2;-0.002901673
4;-0.030744916
5;0.009563024
1;-0.003764436
2;-0.013596231
3;-0.014634038
4;0.003075786
5;-0.018869228
1;-0.00543789
2;-0.01469498
3;0.026160742
4;-0.000441044
5;0.014706431
1;-0.038832861
2;-0.006951158
3;0.008434917
4;0.019360241
5;-0.035657548
1;-0.012212678
2;-0.00439149
3;0.044514005
4;-0.024409814
5;0.05026001
1;0.017661194
2;0.031303344
3;0.002894238
4;-0.003293103
1;0.033362642
2;0.032662479
3;-0.000979474
4;0.018268453
5;-0.001084381
1;-0.04636884
2;-0.015484589
3;0.029450342
4;0.043103753
5;0.003441406
1;0.012277689
2;-0.002835377
3;-0.027295924
4;0.036672343
5;0.005374682
1;-0.004436367
2;-0.009202462
3;-0.011341193
4;0.001405858
5;0.017247937
1;0.001925716
2;-0.024203839
3;0.001831566
4;0.013623505
5;-0.015838554
1;0.002105043
2;-0.027013084
4;0.038624986
5;0.016749027
4;0.044480288
5;0.005008903
1;0.002028086
2;-0.016359317
3;0.004493787
4;-0.026773548
5;0.018660853
1;-0.024731766
2;0.027455516
3;0.005833148
4;-0.008650804
5;-0.004147121
1;0.013050445
2;-0.003879345
3;0.013649584
4;0.001336146
5;0.007495599
1;0.016172017
2;0.00274068
3;0.003842444
4;-0.007491806
5;0.010192006
1;0.009944239
2;-0.008020417
3;0.020697148
4;-0.001017383
5;0.015359336
1;-0.009531439
2;-0.028981619
3;0.008979463
4;-0.014032772
5;0.008470044
1;0.00408005
2;-0.028559096
3;0.00425394
4;0.021228049
5;0.008266001
1;-0.00955408
2;0.017726206
3;-0.001860454
4;-0.006437219
5;-0.006101921
1;-0.013869065
2;-0.0034229
3;-0.02381417
4;-0.013862056
5;-0.000406925
1;-0.025844501
2;0.023098273
3;0.000802976
4;0.008049079
5;0.005460144
2;0.026955527
3;0.007343449
4;0.007151049
5;0.015362945
1;0.014387358
2;-0.000138779
3;0.002572215
4;0.00512565
5;0.018675099
1;-0.000421067
2;0.002174891
3;-0.011875526
4;0.013135453
5;0.002307673
1;0.010715437
2;0.005798293
3;-0.014315821
4;0.007845521
5;0.007591021
1;-0.031510413
2;0.001590965
3;-0.007902834
4;0.01742954
5;-0.014083517
1;0.032938842
2;-0.007940868
3;0.013469431
4;-0.015700096
5;0.00572828
1;-0.003957836
2;0.003570449
3;-0.023989018
4;-0.006423021
5;-0.00269879
1;0.013051646
2;0.006979791
3;-0.007832791
4;0.019354473
5;-0.006617068
1;-0.023469587
2;0.00152402
3;0.005188316
4;0.016706504
5;-0.007039407
4;0.016608748
5;-0.026742327
1;-0.025298876
2;0.009018586
3;0.003264897
4;-0.015373314
5;-0.025040742
1;-0.005913542
2;0.001787643
3;0.011061401
4;0.003348606
5;0.018532577
2;0.005989183
3;-0.001623895
4;0.017581736
5;0.00184522
1;-0.002054253
2;0.009753472
3;-0.000333813
4;-0.006428974
5;0.001539648
1;0.007714027
2;-0.014596557
3;-0.013546473
4;-0.018426708
5;0.01441771
1;-0.023369712
3;0.004210263
4;-0.012971414
5;0.007372851
1;0.002004252
2;0.0062745
3;9.62395E-05
4;-0.006829608
5;-0.003492249
1;0.002133785
2;-0.006275279
3;-0.005475434
4;-0.013245613
5;-0.005438097
2;-0.010169798
3;0.004251934
4;-0.006204575
5;-0.03268354
1;0.028658715
2;0.02396277
3;0.003830851
4;0.037655681
5;0.004491949
1;0.014364649
2;-0.002671846
3;-0.013477367
4;-0.01428485
5;0.024542197
1;-0.000216686
2;-0.002199201
3;0.009272117
4;-0.00133817
5;-0.002142241
1;0.00407567
2;0.018925254
4;0.015194209
5;-0.00401396
1;0.013206723
2;0.000360093
3;-0.008649774
1;0.010221194
2;0.002534611
3;0.004634515
4;-0.00465043
5;0.010862314
2;0.007456628
3;-0.013334968
4;0.015954902
5;0.006799546
1;-0.011633501
2;-0.008342332
3;-0.002546691
4;0.012116266
5;-0.025898322
1;-0.007378995
2;-0.017987842
3;-0.007114645
4;0.01569829
5;-0.020983357
1;0.000684211
2;0.016142372
3;0.003199938
4;-0.004657935
5;-0.029286272
1;-0.010522409
2;-0.001902969
3;0.003125114
5;0.012784264
1;-0.007847648
2;0.002090032
3;0.026802541
4;0.002796172
5;-0.020735598
1;0.026983641
2;-0.0046616
3;-0.01491639
4;-0.009543543
5;0.002379872
1;0.00453541
2;0.004881862
3;0.003057392
4;-0.010532058
5;0.021764786
1;0.020708088
2;-0.001727368
3;-0.000353026
4;0.009518242
5;0.008060293
1;6.69667E-05
2;-0.002819266
3;0.011616042
4;-0.009536449
5;0.007482156
2;-0.004682661
3;0.003787087
4;0.001277036
5;0.015351349
1;-0.000900703
2;0.010022902
3;-0.000649026
4;0.013831836
5;0.003700767
1;0.004703574
2;-0.005037669
3;0.000931112
4;-0.011097557
5;0.003230749
1;0.0042358
2;-0.008090837
3;0.003905017
4;0.00612938
5;-0.015339077
1;-0.017574433
2;-0.00074188
3;0.017223137
4;-0.012791962
5;-0.003167832
1;0.022766124
2;0.004188857
3;-0.026008978
5;0.012065368
4;-0.033259031
5;-0.031445668
1;0.015899612
2;-0.011422256
3;-0.001640942
4;0.021559201
5;-0.014992412
1;-0.02191092
2;0.000671928
3;-0.005462708
4;-0.015485182
5;-0.02480792
1;-0.002675136
2;-0.031067697
3;0.006613466
4;0.012217841
5;0.012705619
1;0.000585715
2;-0.005838667
3;-0.011244189
4;0.031866523
5;-0.001312112
1;-0.039176073
2;0.00179865
3;-0.010413714
4;0.01090741
5;0.016895752
1;0.017830353
2;0.000813447
3;0.017966872
4;-0.006752557
5;-0.000438122
1;0.024020296
2;-0.012296417
3;-0.018885012
4;0.000467458
5;-0.019410937
1;-0.004481409
2;-0.012797735
3;-0.01984204
4;-0.02057115
5;0.00131664
1;0.006829299
2;0.007660418
3;-0.00627255
4;0.027223014
5;0.005185917
1;-0.003889532
2;-0.001140142
3;0.026693466
4;-0.011263534
5;-0.029034363
2;-0.011534794
3;-0.0023284
4;-0.006264984
5;0.022527417
1;0.007679093
2;-0.000716823
3;0.026642449
4;-0.005887121
5;-0.016505065
1;0.003455171
2;0.012842571
3;-0.021339106
4;0.017194987
5;-0.001223049
1;-0.007247642
2;-0.002242264
3;-0.027405809
4;-0.00867426
5;0.004426509
1;-0.006156074
2;-0.003811894
3;0.008570758
4;0.013131249
5;-0.01977191
1;-0.006852865
2;-0.013422368
3;-0.016788012
4;0.006882682
5;0.009451649
1;0.017442251
2;-0.03619092
3;0.011600551
4;0.015099904
5;0.00564342
1;0.020330369
2;-0.00813074
3;-0.022071403
4;0.008143293
5;0.01535458
1;0.008905834
2;-0.002417685
3;0.023093235
4;-0.00074214
5;0.012185822
2;-0.002494255
3;-0.003734269
5;-0.009943358
1;0.01378489
2;-0.011244745
3;0.006677488
4;-0.020079148
5;0.003715865
1;-0.002466825
2;0.014571825
3;0.017977402
4;-0.000683311
5;-0.009954585
2;-0.021103646
3;0.001582576
4;0.018960889
5;-0.008725799
1;-0.000185275
2;0.004302993
3;-0.016685508
4;-0.000545898
5;0.005342723
1;-0.002714063
2;-0.00253268
3;0.001028543
4;-0.002239635
5;-0.017619561
1;-0.00520016
2;0.000574402
4;0.021470945
5;0.028151792
1;0.011047222
2;-0.003956271
3;0.013934149
4;0.003142399
5;-0.013953879
1;0.010505244
2;-0.003099172
3;0.001485051
4;0.020375691
5;0.000874425
1;0.009216664
3;-0.008446685
4;0.004937884
5;-0.003996164
1;0.008572097
2;-0.018836196
3;0.005120189
4;0.017907295
5;0.000963295
1;-0.001090165
2;-0.00257333
3;0.008955842
4;0.005219765
5;-0.007213478
1;0.007991912
2;0.002220211
3;-0.000677767
4;0.000146452
5;-0.000723741
1;-0.00852042
2;0.014972879
3;-0.002321765
5;-0.006524902
1;0.007443633
2;-0.006136991
3;0.005030739
4;-0.011239842
2;0.016404095
3;-0.001668041
4;0.014250478
5;0.001070676
2;-0.002884327
3;0.000201679
4;0.007293934
5;-0.008603672
1;0.000363777
2;0.001533643
3;0.003617375
4;-0.011411733
5;-0.015719842
1;0.0068469
2;0.011466987
3;-0.00599245
4;0.007352326
5;-0.011355753
1;-0.011886581
2;0.003566623
3;0.017640939
4;-0.002489383
5;0.0106948
1;0.004591322
2;0.004139817
3;-0.001707929
4;-0.001147786
1;0.011240935
2;0.001968126
3;0.005717493
4;0.002619553
5;0.00056828
1;0.001357583
2;-0.017919626
3;-0.008058865
4;-0.012019082
5;0.007059312
1;0.009203478
2;0.012156504
3;-0.024631289
4;0.008884983
5;0.01011678
1;-0.017797804
2;0.001918194
3;0.006091512
4;-0.014756821
5;-0.017396316
1;-0.063814608
2;-0.111534338
3;0.055223204
4;-0.014515892
5;0.026868737
2;0.042692479
3;-0.016670735
4;-0.001531417
5;0.010660504
1;-0.006058502
2;-0.002054114
3;0.026056534
4;0.004758564
5;-0.004799765
1;0.001080954
2;-0.010689835
3;-0.003247933
4;0.000684214
5;0.018302067
1;-0.004965173
2;-0.017062966
3;0.00895172
4;0.001320543
5;-0.006484676
1;-0.003642128
2;-0.012172163
3;0.017408179
4;0.008184535
5;-0.000367617
1;-0.001059203
2;-0.011780289
3;0.013833606
4;0.016160765
1;0.015559946
5;-0.014599975
1;-0.006596278
2;0.00248609
3;0.004623283
4;-0.015077215
5;-0.007010463
1;-0.009420559
2;0.00091188
3;0.009887179
4;-0.004279446
5;-0.001429173
1;-0.01536135
2;0.001746771
3;-0.005744974
4;0.014661365
5;-0.00420353
1;-0.00178379
2;0.019664465
3;0.002666209
4;-0.01707673
5;-0.006597302
1;-0.011854386
2;0.006651356
3;0.000689166
4;0.001870315
5;0.004982733
1;-0.006985339
2;0.010484409
3;0.0027748
4;-0.017175544
5;-0.006382905
1;0.000312204
2;0.011198173
3;0.017787592
4;-0.003400577
5;0.00850517
1;-0.010427461
2;0.007351043
3;0.015250544
4;0.001920121
5;0.005281416
1;0.009783693
2;0.000739309
3;0.01097197
4;-0.001125356
5;0.006590199
1;-0.006750075
2;-0.014364515
3;0.003742765
4;-0.002715681
5;0.003852226
2;-0.008532995
3;0.011679085
4;0.000448635
5;0.012086035
1;-0.008135959
2;0.004736026
3;-0.005016662
4;-0.014621882
5;-0.006923985
1;0.01333283
2;-0.012157891
3;-0.021297682
4;0.002284374
5;-0.037907262
1;-0.021995251
2;-0.016969663
3;0.010483202
4;-0.00630389
5;-0.002030575
1;0.013594571
2;0.002310673
3;-0.005523918
4;-0.012610564
5;-0.025424004
1;-0.010504283
2;0.012082303
3;-0.010752656
4;0.015248426
5;0.002893548
1;0.006070573
2;0.011519202
3;0.000145178
4;0.011723047
5;-0.012221206
1;-0.018751959
2;-0.022319161
3;0.019920009
4;0.003384499
5;-0.006327178
1;-0.023388566
2;0.009430919
3;-0.011436286
4;0.017488808
5;0.022278886
2;-0.016254751
3;0.002281474
4;-0.02091234
1;-0.021983372
2;0.02777132
3;0.000661806
4;0.009884078
5;-0.000108037
1;-0.01795387
2;-0.010512049
3;-0.00868698
4;0.016449942
5;0.009762076
2;0.019340852
3;-0.003972007
4;0.009605959
5;-0.008569753
1;0.014935981
2;-0.01562781
3;0.003497687
4;-0.010357194
5;-0.000375554
1;0.018843361
2;-0.009277433
3;-0.001580741
4;0.020150034
5;0.013787828
1;-0.006882945
2;-0.017153784
3;-0.022328768
5;0.018459607
1;-0.003905861
2;-0.012808826
3;0.011479109
4;-0.029514945
5;0.001606792
1;0.010425274
2;-0.007205366
3;-0.009264351
4;0.00194419
5;-0.012426485
1;-0.003186
2;-0.004024488
4;-0.018151072
5;-0.000633377
1;0.015501754
2;0.022706192
3;-0.005109862
4;0.019114027
5;0.005379011
1;0.006024333
2;-0.013991198
3;0.016998408
4;-0.006624609
5;-0.014897049
1;0.01365444
2;-0.011740958
3;-0.003945661
4;-0.0167802
5;0.002902424
1;-0.012648511
2;0.004853129
3;0.014705745
4;-0.00769146
1;0.009977267
2;-0.004583959
3;-0.002008993
4;-0.00294011
5;0.006699823
3;0.012313663
4;-0.008375995
5;-0.011654809
2;0.003795965
3;0.003037322
4;-0.007400766
5;0.01355376
1;-0.014416325
2;0.010453198
3;0.009893728
4;0.010366428
5;0.014556124
1;-5.24747E-05
2;0.002214091
3;0.011133726
4;-0.003859441
5;-0.000932694
1;-0.005463239
2;0.001075271
3;0.000826695
4;0.007579782
5;-0.005069821
1;0.010953241
2;-0.001308924
3;0.01093742
4;-0.001481866
5;-0.006136154
1;0.005796181
2;0.005859999
3;0.022747304
4;-0.002404528
5;0.01568799
1;0.010696865
2;-0.002329521
3;0.009568344
4;0.004341619
5;0.005384842
1;-0.001395134
2;0.009153602
3;7.40521E-05
4;-0.001633505
5;0.007150366
1;-0.008055243
2;-0.006305286
3;-0.006408994
4;0.019943778
5;0.016324282
1;-0.004024305
2;0.000931834
3;0.015182551
4;0.007213348
5;0.000646814
1;0.001199695
3;-0.005487327
4;0.004016119
5;-0.011481588
1;0.000675996
2;0.023372587
3;-0.007102583
4;-0.006678726
5;-0.003092334
1;0.002605799
2;-0.005900735
3;-0.023191336
4;-0.005348294
5;-0.008137355
1;-0.014785
2;-0.000863538
3;-0.008346735
4;0.006958692
5;0.011814707
1;-0.017516094
2;-0.000626342
3;0.021174774
4;-0.00819297
5;-0.002821972
1;-0.002009053
2;-0.007799007
3;0.009771454
4;8.57613E-05
5;-0.0042908
2;-0.018010389
3;0.003128473
1;-0.028230914
2;0.006831426
3;-0.014988175
4;-0.003922527
5;-0.006272929
1;0.002290382
2;-0.008179259
3;-0.011249752
4;0.008532807
5;-0.030341019
1;0.002618701
2;0.010988881
3;-0.019981123
4;0.000792057
5;0.001984395
1;0.001486007
2;0.007412109
3;-0.002763406
4;-0.010533449
5;-0.0120687
1;-0.017283059
2;0.010357679
3;0.01791656
4;0.012367065
5;-0.021108476
1;0.019391669
2;-0.01027651
3;0.00597039
4;-0.002209047
5;5.01803E-05
1;0.017547821
2;-0.0074985
3;0.011079962
4;0.008165549
5;-0.002919011
1;-0.007269764
2;-0.008119084
3;0.007646141
4;0.016316552
5;0.014839578
1;-0.000366458
2;0.006985059
3;0.004136322
4;-0.002680384
5;-0.006524687
1;-0.013826826
2;-0.004410129
3;-0.000760077
4;-0.014910062
5;0.000471219
2;0.003533362
3;-0.003233091
4;0.007854037
5;-0.014392115
1;-0.018809288
2;-0.002380504
3;-0.014500085
4;0.00918562
5;0.014526051
1;0.007999075
2;0.006880383
3;-0.006138368
4;0.001310203
5;-0.011398118
1;0.019811543
2;0.008787479
3;0.008804392
4;0.010911789
5;-0.009754952
1;-0.000707672
2;0.005021613
3;-0.000542147
4;0.018617683
5;0.007640575
1;0.000944711
2;-0.0015539
3;-0.002753621
4;0.005066134
5;-0.011766337
1;0.001611575
2;-0.005750987
3;0.004034674
4;-0.009530587
5;-0.016144034
1;-0.006357334
2;-0.000954475
3;-0.010964096
4;8.64036E-05
5;0.021773605
1;-0.000257031
2;-0.007013761
3;0.017175756
4;0.003919781
5;0.018094039
2;-0.003896487
3;0.011815361
4;-0.015855837
5;0.002530092
1;-0.00447873
2;0.00245033
3;-0.020540508
4;0.004835205
5;-0.008946173
1;-0.008337783
2;-0.001189816
3;-0.004469314
4;0.008846221
5;0.004377013
2;-0.010629101
3;-0.01996632
4;-0.005769131
5;-0.001482358
1;0.00512038
2;0.014280963
3;0.012022174
4;0.019822554
5;0.002203994
1;0.000891559
2;0.000392789
3;-0.006672795
4;0.011205314
5;-0.013580177
1;-0.000416517
2;-0.009831651
3;0.009714054
4;0.002078863
5;0.011595805
1;-0.004848653
2;-0.003591255
3;-0.000251838
4;-0.015243383
5;-0.009042532
1;-0.009310589
2;-0.001775344
3;0.000424801
4;0.018862541
5;0.021782121
1;0.01419812
2;-0.001154361
3;0.008699135
4;0.015523203
1;0.002360878
2;0.003652945
3;-0.012273499
4;0.009891455
5;0.004789128
1;0.001287545
2;-0.002723043
3;0.003849475
4;0.008027812
5;-0.001863412
1;0.000667326
2;-0.000884618
3;0.005876465
4;0.016691385
5;-0.000530793
1;0.009334418
2;0.009531312
3;0.023641509
4;-0.011987432
5;-0.009937322
2;0.01399211
3;0.014794603
4;0.009012708
5;0.006969759
5;0.027789671
1;-0.008371308
2;-0.008618019
3;0.006687675
4;0.006977492
5;0.013883745
2;0.007150185
3;-0.025946169
4;0.000867512
5;0.028219207
1;-0.015286729
2;-0.003524151
3;-0.021035907
4;0.012685492
5;0.028383826
1;-0.009410229
2;0.003910377
3;0.022496168
4;0.002220864
5;0.004718325
1;0.006147441
2;-0.01913605
3;0.037038227
4;-0.009349425
5;-0.018117592
2;0.019178042
3;-0.010407454
4;0.004953312
5;-0.011872329
1;0.020729031
2;-0.003119377
3;0.008400872
4;-0.013974599
5;0.006768897
1;0.02400102
2;-0.022871317
3;-0.012788009
4;0.026774543
5;0.004059449
1;0.00394778
2;0.002670583
3;0.021073184
4;0.002996611
5;0.026023562
1;0.005312469
2;-0.002776534
3;-0.006121104
4;0.011496886
5;0.01441441
1;-0.027467288
2;0.020058302
4;0.013341541
5;-0.023798463
1;0.016711667
2;-0.005982891
3;0.001776058
4;-0.012713147
5;0.005009336
1;-0.021432423
2;-0.010903045
3;0.029450987
4;0.021790904
5;0.015635515
1;0.02758546
2;-1.81922E-05
3;0.007234039
4;0.019453397
5;-0.004736214
1;-0.015656055
2;-0.004092529
3;0.012137271
4;-0.012240896
5;0.007266237
1;0.018738983
2;-0.002857775
3;0.022929346
4;0.005950422
5;-0.00301688
2;-0.00167742
3;-0.004447551
4;-0.007660788
2;0.034888745
3;0.007408891
4;-0.006616552
5;0.028896049
1;0.011886597
2;-0.001610663
3;0.022618028
4;-0.003902004
5;0.006686275
1;0.014603395
2;0.001314821
3;0.015882543
4;-0.075973614
5;0.008830694
1;-0.032678851
2;0.011901894
3;0.001011228
4;-0.052845328
5;0.013559111
1;-0.03793273
2;0.020298074
3;-0.039094755
4;-0.008553659
5;-0.002054959
1;0.048257052
2;-0.014653014
3;-0.002127265
4;-0.065611235
5;0.019190543
1;0.026953797
2;-0.001984609
3;0.018127532
4;-0.017566465
5;0.016426537
1;-0.012729839
2;-0.007178855
3;-0.010489432
4;0.02914414
5;0.034496168
1;0.012726735
2;0.01761971
3;-0.003067385
4;-0.002609488
5;0.020547938
1;-0.014119508
2;0.025440946
3;-0.003897615
4;0.003875504
5;0.002323766
2;0.006381662
3;0.001089883
4;0.013150205
5;-0.014871146
1;0.004658796
2;0.008185108
3;-0.003200974
4;-0.011493865
5;-0.030180478
1;-0.033744207
2;0.015160683
3;-0.01463451
4;0.024388641
5;0.032342741
1;-0.014491171
2;0.009980857
3;-0.040827608
4;-0.015995675
5;0.000707548
1;-0.007058171
2;0.025384007
3;0.013121867
4;-0.021381164
5;-0.007505039
1;0.007882342
2;-0.026645401
3;0.002084211
4;-0.004416663
5;0.021860048
1;-0.001778229
2;-0.006910599
3;-0.015171698
4;0.009049187
5;-0.005277761
1;0.013653613
2;0.029439511
3;0.00538166
4;0.000778841
5;-0.014611211
1;0.024544773
2;0.015238908
3;0.000118551
4;-0.002623877
5;0.001208672
2;-0.006477171
3;0.013442948
4;0.017821194
5;-0.001610378
1;0
2;-0.000665648
3;-0.007636699
4;0.012141014
5;-0.002642158
1;-0.020829844
2;0.001998583
3;-0.021932667
4;-0.000934773
5;-0.009434608
1;-0.012267337
2;0.00297608
3;0.010255545
4;0.011112819
5;0.014687959
1;0
2;0.002551457
3;0.001771095
4;0.008217258
5;-0.001713323
1;0.009026177
2;0.001338465
3;-0.019712848
4;0.004175369
5;-0.027874111
1;0.021616311
2;-0.004878497
3;0.012236033
4;-0.012099228
5;-0.008858955
2;0.001674468
3;0.00783824
4;-0.007622452
5;-0.01000459
1;0.01291003
2;0.022097666
3;-0.001476205
4;0.021007057
5;0.019274068
1;-0.000106824
2;-0.002491842
3;-0.003342757
4;0.019021863
5;0.001048547
1;0.015316654
2;-0.006673678
3;-0.004237712
4;0.017801556
5;-0.004157515
1;-0.00043427
2;0.006023952
3;-0.021935817
4;-0.015069552
5;0.008030269
1;0.022640657
2;-0.002488684
3;-0.006184486
4;-0.011228732
5;0.003987004
1;-0.016376844
2;0.008262527
3;0.020033437
4;0.017262478
5;0.000705965
1;0
2;0.001190816
3;0.007565088
4;0.010219316
5;0.000278178
1;0.00692144
1;-0.023754393
2;-0.005958424
3;0.019231663
4;-0.015069447
5;0.001996076
1;0
2;-0.031256314
3;0.024741321
4;-0.003899747
5;-0.00080936
1;-0.005914065
2;0.009815065
3;0.001581432
4;-0.007936749
5;-0.019579587
1;-0.025387179
2;-0.001705469
3;0.026595499
4;-0.024801401
5;-0.006184851
1;-0.020004961
2;-0.042668798
3;0.012197172
4;-0.001782923
5;0.021476473
1;0.017541466
3;0.0055369
4;-0.018089589
5;-0.015371335
1;0.005579309
2;0.030794923
3;-0.005181409
4;-0.021725468
5;0.028416862
1;-0.001884636
2;0.014314407
3;-0.005371305
4;-0.003201974
5;-0.005512681
1;-0.012805795
2;0.004715109
3;0.011894488
4;0.015791284
5;0.009163195
1;-0.010128989
2;0.006852725
3;-0.026201902
4;-0.000972126
5;-0.033514393
1;-0.003495156
2;0.009313761
3;0.003583125
4;-0.016646816
1;0.0174969
2;-0.003606421
3;0.003734907
4;0.010015874
5;0.00498928
1;0.008928431
2;-0.002420002
3;0.010379298
4;0.00836564
5;-0.000538233
1;-0.017067548
2;-0.013732324
3;-0.021254792
4;3.00701E-05
5;-0.02406825
1;-0.003580171
2;0.006209938
3;0.029625785
4;-1.04039E-05
5;0.006825262
1;-0.000268011
2;-0.008554037
3;0.010886562
4;-0.009759929
5;0.001683415
1;-0.009821968
2;0
3;0.001110787
4;0.012575697
5;-0.001908603
2;0
3;-0.029770237
4;0.009244236
5;0.002525089
1;-0.00353239
2;0.019312613
3;-0.001365188
4;-0.007493772
5;-0.01420143
1;-0.0064157
2;0.004900712
3;-0.002352991
4;0.020833764
5;0.008637566
1;0.009657842
2;0.002325659
3;0.002349573
4;0.000733834
5;-0.003366301
1;0.020532169
2;0.006561882
3;0.002239704
4;0.000756949
5;-0.000141263
1;0.003096564
2;-0.008579412
3;0.004968032
4;-0.006387531
5;0.008267712
1;-0.010958738
2;0.002853968
3;0.009293638
4;0.016101691
5;-0.000764557
1;0.001293024
2;0.000452749
3;-0.00715537
4;0.002739486
5;-0.014044013
1;0.00443533
2;0.010764889
3;0.002851824
4;-0.001411539
5;0.005771579
1;-0.003744094
2;-0.004237337
3;-0.000768199
4;-0.005647622
5;-0.003451558
1;0.008718128
2;0.006408211
3;-0.001030725
4;-0.000587976
5;-0.010106027
1;0
2;0.008349146
3;-0.000959838
4;-0.002883746
5;0.01128425
1;0.004616743
2;0.005693576
3;0.001801416
4;-0.001628554
5;-0.006271558
1;-0.003136373
2;-0.010014109
3;-0.010532871
4;0.004776241
5;-0.030258143
1;0.023549271
2;0.002032892
3;0.003444948
4;0.006612926
5;0.000246141
1;0.000278059
2;0.008266548
3;0.000301577
4;0.00848892
5;-0.003020687
1;0.004754693
2;-0.005911793
3;0.000875836
4;-0.004836969
5;-0.002283998
1;0.003366217
2;0.012329504
3;0.003806107
4;-0.003322454
5;-0.000478547
1;0.002322322
2;0.002800258
3;0.002513166
4;0.007597997
5;0.002454055
1;0
2;-0.00230761
3;-0.001437727
4;0.011196678
5;0.015660083
1;-0.007087665
3;-0.002375412
4;0.012703299
5;-0.008850506
1;0.0049649
2;-0.008442319
3;-0.005659158
4;-0.026479421
5;0.002974758
1;0.011538249
2;-0.006763767
3;-0.01197281
4;-0.007533444
5;-0.011590969
1;0
2;-0.024080224
3;0.009131011
4;-0.022484586
5;-0.014066767
1;0.039049967
2;-0.020521848
3;0.026100771
4;-0.003745546
5;0.01003472
1;0.0063285
2;-0.003828951
3;0.014506232
4;0.006682687
5;0.047125266
2;0.026970435
3;0.004429029
4;-0.008588304
5;0.005220834
1;-0.005932715
2;0.020268126
3;0.004250445
4;0.011317895
5;0.005620991
1;-0.030005765
2;0.021579106
3;-0.003194084
4;0.00070021
5;0.003269055
1;0
2;0.002882776
3;-0.001381959
4;-0.007800899
5;0.012178776
1;0.007432284
2;0.004148268
3;0.0032337
4;0.009367721
5;0.001856587
1;0.000847276
2;-0.006839934
3;-0.022756927
4;-0.008951896
5;0.006594501
1;-0.015792162
2;-0.020327555
3;0.003836782
4;0.022940913
5;0.023620557
1;0.00077943
3;0.012346953
4;-0.002550545
5;0.000573149
1;-0.005013963
2;-0.015865322
3;0
5;0
1;-0.002413118
2;-0.030652203
3;0.000126745
4;0.016549564
5;0.001782637
2;-0.006417907
3;-0.01722111
4;0.018448725
5;-0.014396446
1;0.008862919
2;0.020477967
3;-0.004954006
4;0.002805012
5;0.010489531
1;-0.00247168
2;0.017015567
3;0.00154257
4;-0.010706292
5;0.00386445
1;-0.006604734
2;-0.012735353
3;0.019586176
4;-0.009897942
5;0.008185948
1;0.00358763
2;-0.003350811
3;0
4;0.018356843
5;-0.003697653
1;0.00508992
2;-0.000982444
3;0.01172171
4;0.003599174
5;0.003689369
1;0.007316492
2;0.007367637
3;-0.000983095
4;0.010735168
5;0.000646556
1;0.001538347
2;-0.000622708
3;-0.005946909
4;0.002575862
5;0.011619616
1;-0.009557413
2;-0.006698078
3;0.003124482
4;0.014190487
5;0.013760841
