3;-0.002588908
4;-0.008650307
5;-0.009804139
1;0.004504321
2;-0.011856666
3;-0.006629097
4;0.003506557
5;-0.024984596
1;-0.008656784
2;0.01106614
3;-0.0098799
4;0.002338698
5;0.00283462
1;-0.02619898
2;0.003716072
3;-0.004079357
4;-0.012737473
5;-0.000859054
1;-0.001843318
2;-0.006849976
3;0.01871048
4;-0.000881633
5;0.006457405
1;0.002806405
2;-0.006621239
3;0.012330389
4;-0.002369847
5;0.001980258
1;-0.010667571
2;0.002843747
3;0.002986292
4;0.008637031
5;-0.006500824
2;-0.014318175
3;-0.000976116
4;-0.006030292
5;-0.004770341
1;0.013847836
2;0.004826015
3;0.004923366
4;0.002557816
5;0.00837977
1;-0.005378928
2;0.012476527
3;-0.002904222
4;0.009804869
5;-0.006900647
1;0.002187408
2;-0.007915022
3;0.002585939
4;0.003555875
5;0.01129457
1;0.0047269
2;-0.005721808
3;-0.005372017
4;-0.011992504
5;0.004547421
1;0.001215085
2;0.011397058
3;0.001463058
4;-0.003544285
5;-0.00249732
1;-0.003654372
2;0.014479838
3;-0.007448226
4;-0.001055997
5;-0.001909491
1;0.003786049
2;0.002048461
3;-0.000438603
4;0.00705275
1;0.001160968
2;-0.000174059
3;-0.011555425
4;-0.007748893
5;-0.008823456
1;-0.012219255
2;-0.002086452
3;0.005042357
4;0.002676895
5;-0.011510179
1;0.005121922
2;0.004373734
3;0.006689389
4;0.003253491
5;0.008368498
1;0.006304151
2;0.004336749
3;0.002482224
4;0.002796064
5;0.023512911
1;0.00778214
2;-0.001325755
3;-0.000790648
4;0.001326803
5;0.000479474
1;0.009429796
2;0.001200397
3;0.002396479
4;-0.002452279
5;-0.010743592
2;0.016973968
3;0.000582113
4;0.001024803
5;0.005328634
1;0.011607664
2;-0.002070733
3;-0.004592682
4;-0.004971786
5;-0.012301709
1;0.008107327
2;0.012694571
3;-0.003692817
4;-0.005496029
5;2.75554E-05
1;-0.016755279
2;0.004445384
3;0.001755927
4;0.003807834
5;-0.014080411
1;-0.008816854
2;-0.000709854
3;0.008710462
4;0.006986854
5;0.001089918
1;0.004236586
2;0.001722941
4;-0.012516927
5;0.007674033
1;0.003064325
2;-0.008463619
3;0.013208686
4;0.011587232
5;0.005104071
1;0.004454955
2;-0.003883395
3;-0.009019658
4;0.003015601
5;-0.010207399
1;-0.017575635
2;0.001350021
3;0.003647182
4;-0.003309961
5;-0.00696415
1;0.005952147
2;0.001686104
3;-0.001770484
4;-0.011428696
5;-0.019014273
1;-0.030710947
2;0.00119535
3;0.010457922
4;0.004688269
5;-0.013087564
1;0.009846452
2;0.001621869
3;0.001972184
4;-0.022813094
5;-0.013813797
1;0.002072098
2;-0.02045061
3;-0.016635461
4;-0.030438039
5;0.014388272
1;0.031379461
2;-0.000311148
3;0.008830011
4;-0.017048165
5;0.012007567
2;0.001641757
3;0.004015573
4;-0.012189032
5;0.009132484
1;-0.005488131
2;-0.001836091
3;0.004661434
4;-0.012133838
5;-0.005727969
1;0.002962498
2;0.002608547
3;-0.00629725
4;-0.016304017
5;-0.000513809
1;-0.021854712
2;0.011976973
3;-0.010435104
4;-0.013497887
5;0.016737895
1;0.028633657
2;0.000856939
3;-0.012160824
4;0.004134025
5;-0.003812946
1;0.006336224
2;-0.02709597
3;-0.015557961
4;-0.016548166
5;0.015349006
1;0.010609124
2;-0.014315614
3;-0.000535404
4;0.023094492
5;0.0218054
1;0.007269977
2;-0.007654075
3;0.000768049
4;-0.007803884
5;-0.01776003
1;-0.009330917
2;0.007195463
3;-0.000197349
4;0.009885191
5;0.015609411
1;0.008747901
2;-0.009485707
3;-0.018166716
4;0.005214966
5;0.019731871
1;0.018130057
2;-0.005681566
3;0.008557107
4;-0.010605352
5;0.000315388
1;0.006976115
2;-0.012700084
3;0.002280864
5;-0.002947097
1;0.004464788
2;0.005010962
3;-0.000471661
4;-0.004823693
5;0.018164097
1;0.005817568
2;0.006918315
3;0.010879776
4;-0.002579707
5;-0.004019371
1;0.003472226
2;-0.007477184
3;0.011422082
4;-0.002577595
5;-0.007681091
1;-0.002450831
2;0.012285429
3;0.000454373
4;-0.000242307
5;0.004925448
1;-0.005592095
3;0.002875522
4;-0.007767736
5;0.00130896
1;0.004552774
3;-0.011482301
4;-0.014004794
5;-0.00283088
1;-0.017472634
2;-0.001713361
3;-0.010887893
4;0.009712226
5;0.00222307
1;-0.008730062
2;0.003960275
3;0.0077473
4;0.036642097
5;0.012905359
1;-0.003527872
2;-0.008341344
3;0.005770532
4;0.013744784
5;0.003845872
1;-0.00011903
2;-0.000565586
3;0.014983657
4;0.008819635
5;-0.002561939
1;0.015302805
2;0.008347676
3;0.019201808
4;-0.004338159
5;0.007906505
1;0.02536094
2;-0.008391505
3;0.009584564
4;-0.013092762
5;0.013201152
2;0.000893764
3;-0.011572155
4;-0.000465683
5;0.001861433
1;0.004393452
2;-0.012190763
3;0.013496885
4;-0.001823601
5;0.009219904
1;-0.003081916
2;0.019811653
3;-0.001461037
4;-0.000691416
5;-0.002557069
1;-0.005321508
2;-0.007887092
3;0.012194618
4;-0.002860697
5;0.000240935
1;-0.00396943
2;-0.014945452
3;0.003621466
4;-0.003648745
5;0.002452117
1;0.006374545
2;0.017343257
3;-0.002527774
4;-0.000346403
1;-0.010502159
2;0.021844236
3;-0.001476716
4;0.002187925
5;-0.011680241
1;0.008753139
2;-0.013560071
3;-0.001098151
4;0.011934397
5;0.00730845
1;0.002074608
2;0.01672754
3;0.007274442
4;-0.005109716
5;-0.011026954
1;-0.008495117
2;0.002124006
3;0.002616022
4;-0.009212543
5;-0.000606644
1;-0.014242681
2;0.004485989
3;0.013101838
4;0.000604619
5;0.000735565
1;-0.001892546
2;-0.007288123
3;0.003148859
4;0.012445025
5;-0.019790103
1;0.002710965
2;-0.013736553
3;-0.008241174
4;0.009773824
5;0.000537216
1;-0.000295433
2;0.008212665
3;0.002235411
4;-0.003274981
5;0.006724725
2;0.01171945
3;0.002223008
4;0.010834793
5;0.007389418
1;-0.00455078
2;-0.000824955
3;-0.006857939
4;-0.003798527
5;-0.01100842
1;-0.00226913
2;0.006529604
3;-0.011614226
4;0.002598506
5;0.012264603
1;-0.005666183
2;-0.004059474
3;-0.009287828
4;0.000879402
5;0.006187202
1;-0.018192277
2;-0.000782103
3;0.002532875
4;0.007533649
5;-0.008691508
1;0.018049297
2;-0.001191438
3;-0.011028348
5;0.002006931
1;0.010265775
2;-0.004853799
3;-0.000984239
4;0.003268194
5;0.008663322
1;0.005612099
2;-0.002225336
3;-0.00094399
4;0.010932207
5;-0.002988607
1;-0.003493681
2;-0.009077853
3;-0.002057885
4;0.006108497
5;-7.87515E-05
1;0.005810926
2;0.009196781
3;0.002892191
4;-0.001780806
5;0.000154979
1;-0.005490535
2;0.014336054
3;-0.000153614
4;-0.003179979
5;-0.005666905
1;0.002322162
2;0.00411502
3;0.000718391
4;-0.001462983
5;-0.009678619
1;-0.023910331
2;0.007831764
3;0.02898829
4;0.001892777
5;0.007231095
1;-0.000812162
2;-0.002007854
3;0.009066796
4;-0.000428692
5;-0.002626596
2;-0.008329361
3;-0.005574607
4;-0.002130637
5;-0.000102796
1;-0.001363046
2;-0.01037351
3;0.00137725
4;0.005825787
5;-0.009728586
1;0.005692985
2;-0.000726066
3;0.003728449
4;0.001601033
5;0.000928457
1;-0.005169039
2;0.004627543
3;-0.00214307
4;-0.001008573
5;-0.001527726
1;0.005066181
2;0.003448901
3;-0.002418132
4;-0.009809456
5;-0.008410435
1;-0.004600731
2;0.003078261
3;-0.010218315
4;0.009903032
5;0.002362206
1;0.013074465
2;0.01167889
3;0.004567441
4;-0.002242839
5;0.0014788
1;-0.006338517
2;-0.005630921
3;0.000283589
4;-0.007425553
5;-0.002261886
1;0.013751962
2;0.005019217
3;0.003773397
4;-0.001298685
5;-0.002883501
1;-0.002661209
2;-0.004030866
3;0.003236249
4;0.009570184
5;-0.002110322
1;0.000585234
2;0.009166246
3;0.001687339
4;-0.00065445
5;-0.037271714
1;0.006824187
2;-0.015222746
3;-0.002348441
4;0.004033805
5;-0.01036772
1;-0.002129133
2;0.006956088
3;-0.003737529
5;-0.00353832
1;0.016336173
2;-0.00115431
3;-0.002338936
4;-0.007076311
5;0.004520887
1;-0.002218233
2;-0.00095218
3;-0.000529381
4;0.010141674
5;0.007623859
1;-2.60102E-05
2;-0.004483845
3;0.001931561
4;-0.002506529
5;0.011747107
1;0.024954731
2;0.006305365
4;0.013703785
5;0.003993596
1;0.02113029
2;0.004686213
4;0.000407503
5;0.004972518
1;-0.003296313
2;-0.00134074
3;0.001675644
4;-0.001172656
5;-0.006028528
1;-0.001832562
2;0.014614889
3;0.000784584
4;-0.006102667
5;0.001553036
1;-0.005986465
2;-0.008974729
3;0.013216847
4;-0.007610259
5;0.001252348
1;-0.001180055
2;-7.22935E-05
3;-0.011196046
4;0.003114509
5;-0.00692348
1;0.001833047
2;0.010493429
3;-2.41636E-05
4;-4.8329E-05
5;-0.006618928
1;0.006498095
2;-2.41683E-05
3;0.008111828
4;-0.008281023
5;-0.002929181
2;-0.012441309
3;0.002157816
4;0.013720172
5;-0.005985502
1;0.002039578
2;-0.004424356
3;0.011867419
4;-0.003593786
5;-0.002806816
1;-0.00060595
2;0.000969345
3;-0.008562654
4;-0.006913148
5;-0.005105135
1;0.001902057
2;0.004137427
3;-0.007053746
4;-0.000346569
5;0.00481643
1;0.001354296
2;0.007818955
3;-0.001050407
4;0.001587399
5;0.003653639
1;-0.003385252
2;-0.002515909
3;-0.003331703
4;0.000833967
5;-0.010747491
1;-0.001239926
2;0.001710695
3;0.001336766
4;-0.009270256
5;0.002618292
1;0.010010739
2;-0.018740049
3;-0.008983607
4;0.015444128
5;0.009069174
1;0.004417742
2;0.015419319
3;0.009388607
4;-0.000576701
1;-0.014185322
2;0.000195017
3;-0.001097467
4;0.004358366
5;-0.006287949
1;-0.001394547
2;0.001614561
3;0.007087823
4;0.007086139
5;-0.005849101
1;0.010561441
2;-0.000167916
3;-0.000119957
4;-0.00225788
5;0.000480827
1;0.005847549
2;-0.005270862
3;0.000384274
4;-0.007979888
5;-0.007409871
1;0.006610791
2;0.008586849
3;-0.00235645
4;-0.006739237
5;0.003435681
2;-0.006323998
3;0.001845601
4;0.011026641
5;-0.003340988
1;0.004683849
2;-0.009147873
3;0.002632566
4;-0.003213145
5;0.000532211
1;-0.000290262
2;-0.008015394
3;-0.006876243
4;0.00441015
5;0.001734224
1;0.001292604
2;-0.004813046
3;-0.014952535
4;-0.003236974
5;0.006736041
1;-0.000669087
2;0.001585257
3;-0.000495123
4;-0.001784476
5;0.00081828
1;0.013515882
2;-0.001958193
3;0.011546741
4;-0.002692053
1;0.005014485
2;-0.011373148
3;0.002733576
4;0.009581522
5;0.000941063
1;0.00060278
2;0.006750371
3;-0.001389588
4;0.001054347
5;-0.004608967
1;-0.004509455
2;2.41689E-05
3;-0.006863212
4;0.002794622
5;-0.001165501
1;-0.000145783
2;0.014426227
3;0.011217742
4;0.003994569
5;0.000683857
1;0.002072296
2;-0.00171876
3;-0.005126702
4;-0.003796962
5;-0.004074005
1;0.001288322
2;-0.001240577
3;-0.00267725
4;-0.000119687
5;0.005205112
1;0.001974663
2;0.001425043
3;-0.007504234
4;0.000167374
5;-0.00818624
1;-0.010005292
2;0.002164582
3;0.004605399
4;4.83653E-05
5;0.00316284
1;-0.001954469
2;0.00491508
3;0.004580069
4;0
5;-0.002155535
2;-0.006349839
3;0.004622059
4;0.008585386
5;-0.000881446
1;0.01347005
2;-0.013017319
3;0.000357275
4;2.38138E-05
5;0.00711865
1;-0.001869668
2;-0.011915116
3;0.000718925
4;0.002464381
5;-0.009894175
1;0.005463508
2;0.000431955
3;0.002396359
4;-0.003620716
5;-0.014079288
1;-0.007090148
2;-0.000957349
3;-0.00722185
4;0.008620743
5;-0.012561708
1;0.011801149
2;0.004554701
3;0.000171009
4;0.000561681
5;0.005186721
1;0.007862532
2;0.001204152
3;0.000457198
4;-0.001854149
5;-0.001930037
1;0.009756644
2;0.00078886
3;0.003911192
4;0.00173605
5;-0.005193332
1;0.009674083
2;-0.006716771
3;-0.006714241
4;0.002944523
5;-0.001818356
1;0.002415778
2;7.16666E-05
3;0.008515548
4;0.001585668
5;-0.001041051
1;-0.004151303
2;-0.003357346
3;0.008502402
4;0.001795714
5;0.007150784
1;-0.003592523
2;0.005793311
3;0.003734919
5;0.002257521
1;0.002762593
2;-0.001322307
3;-0.002068157
4;4.65224E-05
5;0.004988583
1;0.007493953
2;0.003851891
3;-0.003071143
4;-0.002321066
5;-0.002095882
1;-0.002054076
2;-0.000623982
3;-0.002430304
4;0.009020189
5;0.013345546
1;-0.001315223
2;-0.000885348
3;-0.002911276
4;0.001684115
1;-0.001410823
2;-0.002667793
3;0.001916059
4;-0.007112422
1;-0.000757671
2;-0.002391575
3;0.000414336
4;-0.00876053
5;-0.003907981
1;0.004418612
2;0.000208819
3;0.004606116
4;0.00669761
5;0.002771766
1;-0.00070939
2;-0.003922158
3;-0.00405297
4;0.004879967
5;0.001422671
1;0.008902949
2;-0.00013637
3;-0.004191064
4;0.001254605
5;0.000273523
1;0.008487513
2;6.77912E-05
3;0.010452469
4;0.005263405
5;-0.001402353
1;-0.002408619
2;-0.005642775
3;0.002018934
4;0.003199502
5;-0.006903999
2;-0.024292877
3;-0.001406811
4;-0.003236249
5;0.005357238
1;0.002346285
2;-0.001011448
3;0.013863892
4;0.00332877
5;0.002348373
1;-0.003094684
2;0.013237487
3;0.003031792
4;-0.004282853
5;-0.002753374
1;0.019094295
2;-0.000681986
3;0.004238365
4;-0.005735964
5;-0.008610534
1;0.003550588
2;-0.00013292
3;-0.006802445
4;0.00795383
5;-0.003791285
1;-0.002891911
2;-0.000267368
3;-0.001538753
4;0.006251759
5;-0.006899188
1;0.006655191
2;0.002658574
3;-0.000663981
4;-0.003037797
5;-0.019985189
1;0.002036937
2;-0.002558154
3;0.003552482
4;-0.002012278
1;0.014670959
2;0.001893961
3;-0.001247383
4;-0.000579671
5;0.001203557
1;-0.0033021
2;-0.005288172
3;-0.003308094
4;-0.009444181
5;-0.005544858
1;-0.008017778
2;0.010257677
3;2.28303E-05
4;0.001984241
5;0.00295764
1;0.005143613
2;0.003587104
3;0.00105788
4;-0.002838543
5;-0.002145512
1;0.001107207
2;0.003516844
3;0.000989698
4;-0.012601549
5;0.000751033
1;0.001841056
2;-0.000113547
3;0.016331215
4;0.006724885
5;-0.010597692
1;0.004833089
2;0.001895524
3;0.0101742
4;-0.002274108
5;-0.004919132
2;0.008052963
3;4.40684E-05
4;-0.003001084
5;-0.005384756
1;-0.005279879
2;-0.006678644
3;0.002403172
4;-0.000897706
5;0.004212231
1;0.00100562
2;-0.003221551
3;0.002595951
4;0.002477763
5;-0.010894282
1;0.005708522
2;-0.000650115
3;-0.006163417
4;0.007709549
5;0.002191855
1;0.00945029
2;-0.002570525
3;-0.000355074
4;-0.003357237
5;-0.007107287
2;-0.009940686
3;0.003166492
4;0.013034835
5;-0.001182046
1;0.001939605
2;-0.001984238
3;0.00443124
4;-0.001912599
5;-0.007754489
1;0.000627958
2;0.002865652
3;-0.000290668
4;-0.005988646
5;0.005809731
1;0.00444103
2;-0.00189451
3;-0.002345243
4;0.006797214
5;-0.004697405
1;0.004497492
2;-0.001956817
3;-0.00162618
4;-0.000914495
5;0.00122657
1;0.004536365
2;-0.002821691
3;0.00224467
4;-0.003335486
5;0.002624849
1;0.004963889
2;0.001656525
3;0.006401465
4;0.000854823
5;-0.000591722
1;-0.002040839
2;0.009923579
3;0.000782694
4;0.001975749
5;-0.001085093
1;0.002948703
2;0.003587409
3;-0.000884851
4;-0.004002385
5;8.67077E-05
2;-0.006131387
3;-0.004086678
4;0.001859652
5;0.009181762
1;0.000736106
2;-0.004685678
3;0.003689641
4;-0.004712125
5;-0.00130682
1;-0.008272468
2;-0.004625559
3;0.007149566
4;0.003370027
5;-0.00024034
1;0.0090709
2;-0.00058484
3;-0.003081466
4;-0.002567898
5;0.005107541
1;0.000130064
2;-0.00030351
3;-0.000997896
4;-0.003391603
5;0.002457885
1;0.00123753
2;0.000520607
3;0.000802072
4;0.01150478
5;0.005703133
1;-0.002238926
2;-0.004793196
3;-0.000300339
4;-0.001524538
5;-0.004501262
1;0.002005456
2;0.000215401
3;0.000667449
4;0.006692862
5;0.000213776
1;0.002710983
2;-0.00140794
3;-0.011637775
4;-0.012015223
5;0.004536243
1;0.001391637
2;0.000260717
3;0.007337298
4;-0.002331708
5;0.00592655
1;-0.00353015
2;0.006426744
3;-0.004143638
4;-0.002563469
5;-0.002202501
1;-0.007529355
2;0.004129722
3;0.002880692
5;0.001512827
1;-0.002508218
2;-0.000238175
3;0.000216525
4;0.002637839
5;0.003836212
1;0.003307137
2;0.000707252
3;-0.001007449
4;-0.00453535
5;-0.000538729
1;0.003807971
2;-0.005685015
3;-0.002638125
4;0.003242615
5;0.006539627
1;-0.001137059
2;-0.001181335
3;0.004331889
4;0.000128383
1;0.00673834
2;0.000849726
3;-0.000764721
4;-0.004131093
5;-0.00468405
1;-0.002167639
2;0.003110489
3;0.001412611
4;-0.000920111
5;0.005933722
1;0.011363157
2;-0.002401518
3;8.43615E-05
4;-0.003591654
5;0.00515106
1;-0.003395875
2;0.002005172
3;0.000105424
4;0.001432665
5;-0.000547541
1;-0.005809732
2;-0.002227196
3;0.004829904
4;0.008103175
5;0.003452789
1;0.006060562
2;-0.004140534
3;0.00494999
4;-0.002679936
5;-0.02293582
1;0.004142024
2;-0.001506136
3;0.003644767
4;-0.008155509
5;0.002662097
1;0.000106337
2;0.004858137
3;0.000571241
4;-0.005195478
5;-0.005650154
2;0.00802858
3;-0.00163456
4;-0.013754963
5;0.003891097
1;0.002293161
2;-0.00579662
3;0.000796341
4;-0.003880068
5;0.003729457
1;0.00465841
2;-0.002208429
3;0.002529639
4;-0.006788717
5;0.005460383
1;0.002034632
2;-0.000813356
3;0.005147219
4;0.003147867
5;0.000339717
1;-0.005363998
2;0.000554761
3;-0.000554761
4;-0.008982899
5;-0.008152013
1;-0.001260075
2;-0.016482926
3;-0.015434089
4;0.00049365
1;-0.01548596
2;0.02112318
3;-0.000535511
4;0.006296395
5;-0.008418945
1;0.006176369
2;-0.005125702
3;-0.002931208
4;0.000268865
5;-0.000448149
1;-0.008372393
2;0.000180791
3;-0.001311476
4;0.01520199
5;-0.002454372
1;0.011284746
2;-0.001857216
4;-0.006148948
5;0.004022183
1;0.004668512
2;2.20738E-05
3;-0.00289583
4;-0.000752962
5;-0.007918191
1;-0.012357764
2;0.008307771
3;-0.010186004
4;0.005105971
5;0.000878487
1;0.000787729
2;0.010919044
3;0.009567544
4;0.006130742
5;-0.003423308
1;-0.00378805
2;0.00354622
3;0.003358396
4;0.001576528
5;0.000590558
2;-0.001816531
3;0.002472297
4;4.37025E-05
5;0.005404358
1;-0.00272032
2;-0.001461144
3;-0.002512921
4;0.001748787
5;0.001767537
1;0.000937054
2;0.007097385
3;-0.003813738
4;0.002861666
5;-0.00756213
1;-0.006499427
2;-0.009130872
3;0.003869846
4;-0.007665759
5;-0.015306821
1;0.010133666
2;-0.002775976
3;0.003491108
4;-0.007534513
5;0.004334796
2;0.000380923
3;-0.000537815
4;0.005030698
5;0.002605995
1;-0.00331993
2;-0.000245533
3;0.001739752
4;0.010375423
5;0.001652765
1;0.00233126
2;-0.002992038
3;-0.004991948
4;0.002233995
5;0.001104094
1;0.002512786
2;-0.001961195
3;-0.001744065
4;0.003683245
5;0.008811016
1;0.005983026
2;-0.000976594
3;0.001930565
4;-0.00663154
5;-0.002861857
1;0.001748673
2;6.55158E-05
3;0.005183954
4;-0.003089713
5;0.006646275
1;-0.001538179
2;0.008162077
3;0.000344019
4;-0.004308773
5;0.001100502
1;-0.002937367
2;0.004725795
3;0.009683646
4;-0.002027511
5;0.01214607
1;0.001665982
2;0.003113629
3;-0.001219051
4;-0.004891119
5;-0.00461787
2;0.001845469
3;-0.001845469
4;0.004554465
5;-0.01053849
1;-0.004216661
2;0.002784562
3;0.002755499
4;0.012738486
5;-0.007653314
1;-0.000721838
2;-0.016035282
3;-0.004108913
4;-0.000411821
5;-0.003474714
1;0.00249867
2;0.002665599
3;0.00602015
4;-0.005609024
5;0.001016271
1;-0.002098546
2;-0.015606048
3;-0.002356544
4;-0.002561047
5;0.006038852
1;0.008620177
2;0.014597537
3;-0.000687241
4;0.004971829
5;0.002796488
1;-0.000298488
2;-0.002775941
3;0.005586726
4;-0.007320255
5;-0.004207188
1;-0.008771607
2;0.001517846
3;0.002358926
4;0.006957711
5;0.016858278
1;-0.003001736
2;-0.008354907
3;-0.004085873
4;0.002996513
5;-0.012105202
1;0.001707462
2;0.005556048
3;-0.000537028
4;-0.002215603
5;-0.004359468
1;0.007949287
2;-0.002169548
3;0.001267931
4;-0.004412452
5;-0.004540352
1;-0.006893055
2;-0.018076429
3;-0.000355548
5;0.005231552
1;0.004125992
2;0.002221417
3;-0.00325683
4;-0.010569447
5;0.00970946
1;4.41199E-05
2;-0.000463356
3;-0.004157734
4;-0.01289218
5;0.003384098
1;0.005600006
2;0.00151175
3;0.010650622
4;0.00081291
5;0.007569993
1;-0.001941727
2;-0.001770473
3;0.005476118
4;0.000152291
5;0.000326261
2;0.005724834
3;-0.003487381
4;0.000672429
5;-0.004128466
2;-0.00034844
3;0.003478945
4;-0.000803431
5;0.000738312
1;0.000325553
2;0.001842799
3;-4.3321E-05
4;-4.33229E-05
5;0.009335888
1;0.007291421
2;0.001426397
3;-0.000723589
4;-0.005893297
5;-0.00465801
1;0.002235118
2;8.58664E-05
3;0.003385838
4;0.001880825
5;0.004410315
1;-0.004004692
2;0.004068467
3;-4.25161E-05
4;0.005067919
5;0.012318326
1;0.005188647
2;-0.000686106
3;0.000790021
4;-0.002080344
5;0.002641295
1;0.000394555
2;0.001866833
3;0.004115445
4;0.001402409
5;-0.006720525
2;0.001554904
3;0.004856435
4;0.003786091
5;0.002461489
1;-0.008848523
2;0.007372356
3;-0.003576424
4;-0.001071304
5;0.000597599
1;0.000432522
2;-0.007253971
3;0.002113421
4;4.1395E-05
5;0.013179593
1;0.000979972
2;0.005778599
3;-0.002051241
4;0.007150918
5;0.000222014
1;0.001250429
2;-0.002158978
3;0.001211216
4;0.000564732
5;0.010071104
1;0.004441486
2;0.00139013
3;-0.001549125
4;-0.00179044
5;-0.00301118
1;0.002274179
2;0.006732294
3;0.000652942
4;0.001008254
5;0.000671605
1;0.001164363
2;-0.002923343
3;0.003238869
4;0.004053528
1;-0.006106228
2;-0.001502719
3;-0.000890833
4;0.000732521
5;0.006313028
1;0.008615848
2;-0.001541479
3;0.001092939
4;0.001734538
5;0.00225624
1;-0.000874661
2;0.001166045
3;0.010856444
4;0.000115272
5;-0.00080718
1;0.007355791
2;-0.000763709
3;0.001526834
4;1.90707E-05
5;0.002247791
1;0.004158405
2;0.000852329
3;-0.0021227
4;-0.014312574
5;-0.000750888
1;0.008553617
2;0.009389562
3;3.78358E-05
4;-3.78358E-05
5;-0.009389562
2;-0.000133686
3;0.018581776
4;0.000168715
5;-0.00183865
1;0.005785937
2;-9.33576E-05
3;-0.004528959
4;-0.001464129
5;-0.008318527
1;0.005553366
2;0.009691433
3;0.000783202
4;0.001210891
5;0.005032742
1;0.009935108
2;-0.000440286
3;-0.001836615
4;0.012949361
5;-0.002470976
1;-0.010202678
2;-0.003129144
3;0.004231214
4;-0.001580011
5;0.001616726
1;0.004286349
3;0.000310687
4;0.012222627
5;0.004286905
1;0.001472754
2;-0.004334656
3;0.010953169
4;0.000196098
5;-0.00198057
1;0.005041833
2;-0.007599173
3;-0.013484485
4;0.004635506
5;0.000144514
1;0.005422215
2;0.007998396
3;0.000908516
4;0.006407377
5;-0.004059749
1;-0.001546681
2;-0.004314886
3;-0.001502092
4;-8.94815E-05
5;0.000339987
1;0.001948221
2;0.000642616
3;-0.001214177
4;-0.004045979
5;-0.004206521
1;0.008306098
2;-0.002092444
3;0.002503264
4;-0.001662184
5;0.000304047
1;-0.001968998
2;0.002523198
3;-0.004262718
4;0.000574197
5;0.004724587
1;-0.001876425
2;0.001697869
3;0.001641509
4;0.001710011
5;0.003482219
2;0.009408636
3;0.001755403
4;0.000210441
5;0.004182093
1;0.002145493
2;0.004520096
3;0.003912476
4;0.008327789
5;-0.000445602
1;-0.000994752
2;0.002450793
3;0.00438953
4;-0.006445734
5;-0.002180764
1;0.000137511
2;-0.000687746
3;-0.000636587
4;0.008278321
5;-0.002495131
1;-0.004613559
2;0.001065237
3;-0.00149509
4;0.001992957
5;-0.000240319
1;-0.007098216
2;-0.001470728
3;0.003353562
4;0.006262063
5;0.002398083
1;-0.002518138
2;0.00641132
3;0.001124151
4;0.005449512
5;-0.005415467
1;-0.004093753
2;0.002526461
3;-0.006963185
4;-0.009920802
5;0.005153848
1;0.006105183
2;-0.003004939
3;0.004666652
4;0.009370224
5;0.001440324
1;-0.003579217
2;-0.003643239
3;0.009150934
4;0.002616101
5;-0.000910639
1;-0.000708849
2;-0.005094841
3;0.007893555
4;0.005674488
5;0.00455985
1;-0.00538049
2;0.00566375
3;-0.003070149
5;0.002620227
1;0.002247585
2;0.008495046
3;0.001960317
4;-0.00374276
5;0.002656
1;0.010977778
2;0.006496904
3;0.004039234
4;-0.006486859
5;0.00212378
1;0.003298305
2;-0.001195187
3;0.004691779
4;-0.00770222
5;-0.000940597
1;-0.015583032
2;0.00840217
3;-0.009836926
4;0.007480942
5;0.002388666
2;0.003832828
3;0.00037434
4;-0.000667399
5;0.002942972
2;0.007762884
3;0.000950042
4;-0.005843344
5;-0.001604005
1;0.00283362
2;-0.014675606
3;-0.018163804
4;0.007009861
5;-0.001461187
1;-0.003312171
2;0.014268694
3;-0.003407944
4;0.00307918
5;0.005884925
1;0.002562786
2;-0.000994952
3;0.01163266
4;-0.004737315
5;0.007411328
1;0.004173897
2;0.009455016
3;0.009272123
4;0.003829017
5;-0.004112067
1;0.008753099
2;0.00761015
3;0.005554456
4;0.009402826
5;0.000457164
1;0.007709741
2;-0.001422131
3;-0.007491924
4;-0.006519267
5;-0.005141241
2;-0.011376546
3;0.011561719
4;0.016466063
5;0.000333854
1;-0.013165118
2;-0.004962636
3;-0.003854524
4;-0.006722819
5;0.00613327
1;0.009944646
2;0.007622875
3;-0.005796054
4;0.002527478
5;-0.03131204
1;0.010239426
2;-0.004588493
3;0.002289048
4;0.003626647
5;0.000873431
1;0.017340939
2;-0.001472009
3;-0.002627396
4;-0.001216161
5;0.002200322
1;-0.000891855
2;0.004497287
3;-0.006237154
4;4.62303E-05
5;-0.005315052
1;0.012669212
2;0.002337681
3;0.000945742
4;-3.04938E-05
1;-0.017876024
2;-0.003187117
3;-0.01362421
4;-0.003668916
5;0.00872321
1;0.00903696
2;0.003899064
3;-0.005269674
4;0.00311231
5;0.002265885
1;0.004362091
2;0.005679254
3;-0.002166315
4;0.004144161
5;0.000903294
1;0.001070648
2;1.52867E-05
3;0.000626552
4;-0.017258279
5;-0.002723716
1;-0.001278812
2;-0.003987277
3;0.01014794
4;0.001038591
5;0.010250334
1;0.014342511
2;0.006163789
3;-0.000270469
4;-0.000856969
5;0.006088071
1;0.006318665
2;-0.000579534
3;0.008377911
4;-0.003573489
5;0.003706142
2;-0.009298674
3;-0.006417166
4;0.005628435
5;-0.003848396
1;-0.002154399
2;0.00728231
3;0.008704718
4;-0.00800614
5;0.000415942
1;-0.00170944
2;-0.001771981
3;-0.002880578
4;-0.001675443
5;-0.003103986
1;-0.001036807
2;-0.004671427
3;-0.000151055
4;0.000211471
5;0.007133535
1;0.003009683
2;-0.000553341
3;-0.006137152
4;0.006241862
5;0.003106381
1;0.007797976
2;-0.003364237
3;-0.001797907
5;-0.022499896
1;-0.007481065
2;0.003381043
3;0.001998765
4;-0.015963711
5;0.000805041
1;-0.02569127
2;-0.002273144
3;0.009030193
4;0.014855904
5;-0.007533433
1;-0.007795717
2;-0.01094693
3;-0.000351012
4;0.007187069
5;0.007466078
1;-0.007878097
2;0.006871142
3;0.007355684
4;0.015613083
5;0.019002332
1;-0.003417204
2;0.00325115
3;0.002683675
4;-0.002366687
5;-0.000739796
1;0.005527664
2;-0.008401446
3;0.002798262
4;0.000347345
5;0.004414353
1;0.002057382
2;-0.001336066
3;-0.000931798
4;0.008399825
5;-0.005457101
1;-0.004733612
2;0.003788681
3;-0.002388805
4;-0.011208624
5;-0.008263437
2;0.004178439
3;0.001358437
4;-0.009455647
5;0.009562412
1;0.012247773
2;7.53256E-05
3;0.005213784
4;0.005782911
5;0.013893942
1;0.005042077
2;-0.001521669
3;-0.002154778
4;0.00224263
5;0.0058831
1;-0.000800868
2;-0.001268139
3;0.000320831
4;4.37417E-05
5;0.000481032
1;0.001659969
2;0.002542848
3;0.007128995
4;-0.001773881
5;0.012451389
1;0.002676539
2;-0.003846213
3;-0.005581889
4;-0.003061777
5;0.008672211
1;0.004101986
2;-0.001379693
3;0.002615533
4;0.003655949
5;0.005402712
1;-0.001365553
2;-0.004631403
3;0.000990211
4;-0.007066064
5;-0.001952666
1;-0.005235389
2;0.006062531
3;-0.000855676
4;0.006215485
5;-0.00212911
1;0.004197099
2;0.010430324
3;0.014526956
4;0.004214186
5;0.004347028
1;0.001435711
2;-0.00316129
3;0.00214967
4;0.006475779
5;0.002361725
1;-0.000813758
2;0.006949824
3;0.002408975
4;-0.001614314
5;0.008018924
1;0.011024445
2;-0.001414418
3;-0.001270715
5;0.002671924
1;-0.00060783
2;-0.011004603
3;-0.004258802
4;-0.00096678
5;-0.006442158
1;0.013643656
2;-0.00296534
3;-0.009151629
4;-0.015551016
5;-0.000905387
1;-0.010568385
2;0.006993712
3;0.007546791
4;0.019251931
5;0.004161571
1;-0.002607319
2;0.005487513
4;0.006357655
5;0.001282552
1;-0.003892395
2;-0.017543723
4;-0.005048226
5;0.014841624
1;-0.00050813
2;0.007435672
3;-0.00641967
4;0.008568098
5;0.006141268
1;1.31665E-05
2;0.01223541
3;-0.002161375
4;0.003318263
5;0.008305782
1;0.000682607
2;0.007720858
3;0.004474337
4;-0.011088559
5;-0.0090952
1;-0.007163634
2;0
3;0.009730031
4;0.014993825
5;0.0025345
1;0.000724781
2;0.003210683
3;-0.014009441
4;0.002399852
5;0.011989619
1;-0.00524449
2;0.005282485
3;0.016554424
4;0.011210394
5;-0.004122699
2;0.009613742
3;-0.004666078
4;-0.01199799
5;-0.001283833
1;0.010558083
2;0.002157418
3;-0.007850644
4;-0.01325648
5;-0.005359779
1;0.005661594
2;-0.005497221
3;0.013861384
4;-0.004286033
5;0.007994904
1;0.010725288
2;-0.002843096
3;-0.008764602
4;-0.018446772
5;0.004561746
1;0.003197223
2;-0.007632325
3;-0.004938344
4;-0.003978531
5;0.001850966
1;0.00862233
2;-0.002303857
3;0.00181062
4;-0.021248834
1;-0.021895061
2;0.003322875
3;-0.012624774
4;0.00027992
5;0.010051669
1;0.005565694
2;0.005221671
3;-0.00723122
4;-0.002975762
5;-0.027662377
1;0.008208608
2;0.014668754
3;0.011605597
4;-0.002307744
5;0.005981263
1;-0.007820779
2;0.01855452
3;-0.001253028
4;-0.00318484
5;-0.007562432
1;0.009867924
2;0.026919131
3;0.009138895
4;-0.003512789
5;0.017921671
1;0.021080829
2;-0.00305178
3;-0.014774697
4;0.005672803
5;0.005495321
1;0.015495606
2;-0.005422598
3;0.003486766
4;0.006961027
5;-0.014513036
1;0.004233269
2;0.010018413
3;-0.002748349
4;-0.004405951
5;0.013514281
2;0.003159002
3;-0.002946517
4;-0.003701321
5;0.004963493
1;-0.002265969
2;-0.001040288
3;-0.006371678
4;0.003944075
5;0.017138843
1;0.005694644
2;0.002731199
3;0.00495724
4;0.01584718
5;0.011042871
1;0.000705025
2;0.000581551
3;-0.006010739
4;0.009994208
5;0.000790342
1;-0.02259678
2;0.019967311
3;-0.008233818
4;-0.005990981
5;0.004088138
1;-0.002437319
2;0.006632272
3;0.014484449
4;0.014157682
1;-0.005160963
2;0.007154786
3;-0.012276408
4;0.0068522
5;0.003168605
1;0.001852801
2;0.008003773
3;0.011630598
4;-0.005331348
5;-0.017662392
1;-0.002581719
2;0.022784864
3;0.002758563
4;0.003985385
5;-0.001607161
1;-0.002495682
2;0.006216953
3;0.010556527
4;0.002118956
5;-0.007541649
1;0.003330807
2;0.002175891
3;0.008312948
4;-0.00955273
5;-0.018730021
1;0.003699471
2;-0.011236857
3;-0.00487951
4;0.002978143
5;-0.026250699
1;0.012882768
2;0.014707907
3;0.014303113
4;-0.015340357
5;-0.001633678
1;-0.003666544
2;-0.007789782
3;0.000744504
4;-0.011038041
5;-0.004658549
2;0.030773343
3;0.000301815
4;0.003238773
5;-0.001957074
1;0.002311518
2;0.002595426
3;-0.015750737
4;-0.007032055
5;0.012327954
1;-0.004491026
2;0.027738308
3;-0.002795664
4;0.004538994
5;0.003393406
1;0.005162818
2;-0.003669998
3;-0.007856991
4;-0.006980516
5;0.007763709
1;0.008553903
2;-0.006376888
3;0.008545848
4;0.005271769
5;0.004746853
1;0.00790624
2;0.010665759
3;-0.009484169
4;-0.003311977
5;-0.00375723
1;0.001157575
2;0.002249302
3;-0.004710753
4;-0.010900851
5;-0.011677443
1;0.012054237
2;0.017293949
3;-0.003905671
4;-0.018550121
5;-0.009565001
1;-0.071127446
2;0.049886931
3;-0.002922311
4;-0.016984894
5;0.012033363
1;0.026296151
2;0.00188323
3;0.002123684
4;-0.005029812
5;-0.011278355
1;-0.006902399
2;0.002872771
3;-0.019478793
4;0.011741474
5;0.012672188
1;0.019045146
2;-0.008458842
3;0.006755849
4;0.015119249
5;0.004276646
1;-0.017196302
2;0.004374207
3;0.000862042
5;0.003943289
1;0.020071445
2;-0.003175014
3;0.005224678
4;-0.003764358
5;0.010925608
1;-0.00144444
2;-0.006730868
3;-0.006157598
4;-0.015431042
5;-0.001624457
1;0.01043426
2;0.004815094
3;-0.002585878
4;-0.010662103
5;-0.008958674
1;0.007282403
2;-0.015395242
3;-0.006870309
5;0.004023203
1;0.017875289
2;0.018179579
3;-0.000422404
5;0.004739224
1;0.002079802
2;-0.010794229
3;-0.002672774
4;-0.008281082
5;-0.030112588
1;0.012341471
2;0.013651981
3;0.006094068
4;-0.007555035
5;0.011274855
2;0.017618013
3;-0.007992204
4;-0.008035827
5;-0.005675236
1;-0.000668568
2;0.012534108
3;0.008672119
4;0.008181609
5;-0.005300734
1;0.021186228
2;0.004712877
3;0.000894232
4;-0.003342555
5;0.008849264
1;-0.001700277
2;0.008148832
3;0.000980863
4;0.004040805
5;-0.003962377
2;0.002613997
3;0.009071328
4;-0.00368868
5;0.005750347
1;0.0037928
2;-0.007328307
3;0.01190295
4;0.0055174
5;0.000638701
1;-0.00156411
2;0.00411484
3;-0.004468057
4;-0.011794334
5;0.019744847
1;-0.003206834
2;0.011282578
3;0.003957393
4;0.001356161
5;-0.001225141
1;0.009926148
2;0.001092734
3;0.004681514
4;0.003880001
5;0.008607116
1;-0.003289731
2;0.009176877
3;-0.003370209
4;-0.001026
5;-0.004881079
1;-0.001681103
2;0.007424818
3;0.005792133
4;0.010645656
5;0.002398885
1;-0.001176429
2;-0.010605542
3;-0.007145472
4;0.008154381
1;-0.00088274
2;0.005446127
3;0.003194534
4;-0.010011352
5;0.013044306
1;0.000828003
2;0.002684064
3;0.003429015
4;-0.00974178
5;-0.010487283
1;-0.019467996
2;-0.001316971
3;0.008725907
4;0.015528079
5;0.008285794
1;0.00095405
2;-0.005872459
3;-0.009529801
4;-0.008890725
5;0.011800725
1;-0.001354537
2;0.008234277
3;0.002747636
4;-0.0013326
5;-0.007762493
1;-0.002628075
2;0.003340348
3;0.008561558
4;-0.003957564
5;-0.003748134
2;-0.014924364
3;-0.001637508
4;0.0049045
5;-0.006196271
1;0.000146668
2;0.002051095
3;-0.00964184
4;0.011113471
5;0.01723236
1;0.001668476
2;0.002408097
3;-0.005496071
4;-0.016041235
5;0.00388435
1;-0.020066395
2;0.009775556
3;0.017788777
4;-0.00066863
5;-0.005183472
1;0.002323198
2;0.014649112
3;0.011889838
4;-0.003182801
5;0.003465227
1;0.004657334
2;-0.004092721
3;0.012898882
4;-0.001864941
1;0.009471585
2;-0.0023097
3;0.010099007
4;-0.006727081
5;0.00496796
1;0.00073835
2;0.010577321
3;-0.002355053
4;0.007783658
5;0.002328388
1;-0.002235486
2;-0.016201821
3;-0.000850096
4;-0.021122135
5;0.000920831
1;0.005655436
2;-0.014955208
3;-0.004460315
4;0.015642954
5;-0.019685919
1;-0.00737092
2;-0.036917804
3;0.008646243
4;0.00755395
5;-0.000165207
1;-0.005808752
2;-0.013159307
3;0.014155912
4;-0.008623897
5;-0.011377049
1;0.01949354
2;0.016047066
3;-0.002855508
4;-0.005900477
5;-0.009535979
1;0.006361286
2;0.004319146
3;-0.007955798
4;-0.039125163
5;-0.014929761
1;-0.07043759
2;0.037902812
3;-0.003809068
4;-0.008333635
5;-0.008557678
2;0.049645962
3;-0.017008185
4;-0.026189708
5;0.029028053
1;0.020267716
2;0.007700531
3;0.007488658
4;-0.02578194
5;0.001196689
1;0.00371824
2;0.005590415
3;0.034798236
4;-0.022165066
5;0.001944939
1;0.003764144
2;0.000314629
3;-0.030989445
4;-0.030570415
5;0.016300091
1;-0.014102566
2;-0.004024028
3;-0.014228454
4;-0.011647076
5;0.025672379
1;0.013440493
2;-0.002920941
3;0.010728333
4;0.040882061
5;0.008489007
1;0.005635254
2;0.001448512
3;0.00561428
4;0.007968763
5;-0.007268022
1;0.001539905
2;-0.006530529
3;0.00257801
4;0.016564756
5;0.011663595
1;0.011700062
2;-0.000683933
3;0.007023994
4;0.013478442
5;0.006294914
1;-0.009519227
2;-0.001717985
3;-0.006482241
4;-0.002930326
5;0.007158776
1;0.008976046
2;0.003032716
3;0.004518792
4;0.007078551
5;0.009446741
1;0.020972296
2;-0.004402841
3;0.003274458
5;0.004589786
1;-0.024364947
2;0.009961988
3;-0.003434863
4;-0.01818788
5;0.022864229
1;0.009270761
2;-0.005335417
3;0.001784454
4;-0.015729446
5;0.001235267
1;-0.021893181
2;0.018776349
3;-0.000765667
4;0.015406467
5;0.006798984
1;0.012388954
2;0.000606713
3;0.020534332
4;-0.001849431
1;-0.000636278
2;0.013229229
3;-0.007987947
4;-0.002194088
1;-0.000919697
2;0.013490548
3;0.021898917
4;-0.002053445
5;0.004212485
1;-0.00883041
2;-0.019470214
3;-0.004131118
4;-0.018156381
5;0.025308321
2;0.007005311
3;0.003683304
4;-0.01722506
5;-0.008104582
1;0.007148784
2;0.014745128
3;-0.007325277
4;0.0177
5;0.011214219
1;-0.005202469
2;-0.008686479
3;0.007955655
4;-0.018710674
5;-0.00730743
1;0.003519698
2;-0.022465181
3;0.006074561
4;0.02461387
5;-0.019250485
2;0.009498453
3;-0.014469615
4;0.010766728
5;0.001566728
1;0.026218372
2;-0.000754919
3;-0.014077766
4;-0.006716243
5;-0.005387896
1;-0.001753897
2;-0.008660877
3;0.001793576
4;0.015309432
5;0.022862806
1;0.005675881
2;-0.002255549
3;0.005454531
4;0.008388454
5;-0.002384012
1;0.009739301
2;-0.00067339
3;-0.00657402
4;0.014328745
5;-0.013196717
1;-0.001756346
2;-0.027252922
3;0.005097354
4;0.016728419
5;-0.005589278
1;0.021111711
2;-0.007215879
3;-0.011116723
4;0.005697491
1;0.020958072
2;-0.002447889
3;0.006805885
4;0.012797503
5;0.003246262
1;0.007595216
2;-0.006505589
3;-0.015965929
4;-0.004216821
5;-0.002914626
1;-0.022634837
2;0.012860155
3;0.022670701
4;0.016846785
5;-0.001450839
1;0.002348274
2;0.002027296
3;-0.008762967
4;-0.005999112
5;-0.005713213
1;0.01446224
2;-0.016846782
3;0.01142844
4;-0.011390903
5;0.009674904
1;-0.003500544
2;0.011358068
3;0.006170022
4;0.002606571
5;-0.022001656
1;0.001262471
2;-0.004616872
3;0.008149286
4;-0.00402526
5;-0.006399135
1;-0.017930354
2;-0.017174927
3;0.015727433
4;-0.018058082
5;0.015817614
2;-0.005839545
3;0.000424863
4;0.003646389
5;0.021475425
1;0.005085896
2;-0.012964716
3;0.000993942
4;-0.012069757
5;-0.007071196
1;0.000278246
2;0.005517978
3;0.022230991
4;0.007107819
5;0.00219179
1;0.004576803
2;-0.009773327
3;-0.002113199
4;-0.013047406
5;-0.000357266
1;0.012121086
2;0.014984625
3;0.015608798
4;0.005992021
5;0.007402151
2;-0.002230746
3;0.005560399
4;-0.001032155
5;0.006333795
1;-0.002983181
2;-0.003967549
3;0.003302615
4;0.008155926
5;0.006477183
1;-0.0078757
2;-0.021941809
3;0.001589035
4;-0.013371193
5;-0.002965516
1;-0.00678821
2;0.011126803
3;0.001876668
4;-0.018009451
5;-0.009221903
1;-0.000504372
2;-0.004429811
3;-0.012826007
4;0.006399313
5;-0.010267879
1;-0.001916793
2;-0.012693881
3;0.015871137
4;-0.002899902
5;0.022485181
1;0.002324664
2;0.010011561
3;-0.008457279
4;-0.006964262
5;0.009788816
1;0.017509894
2;0.002408472
3;0.013324837
4;-0.01441821
5;-0.010139261
1;-0.018149726
2;-0.002730269
3;0.008040836
4;-0.009025863
5;0.028495959
2;-0.005015356
3;-0.004676027
4;0.002607912
5;0.002963712
1;-0.005586503
2;-0.005849846
3;-0.013804443
4;0.000386884
5;0.012766291
1;8.23677E-05
2;-0.021150116
3;0.002238274
4;-0.023236035
5;-0.002384891
1;0.00464723
2;-0.000865325
3;-0.010844741
4;0.011242416
5;7.79569E-05
1;0.016843496
2;-0.002494293
3;0.018312113
4;-0.005872043
5;0.013852787
1;-0.000606462
2;-0.016743523
3;-0.021158417
4;-0.001658253
5;-0.028458988
1;0.005372703
2;0.005716687
3;0.022041469
4;-0.004523839
5;0.01395627
1;-0.00618047
2;-0.009101067
3;0.011479134
4;0.034658566
5;0.01514794
1;-0.006484997
2;-0.004722681
3;0.005320677
4;0.005674202
5;0.005554614
1;0.004935873
2;-0.008554946
3;0.005973568
4;0.005807807
5;0.010513072
1;-0.00119694
2;0.018249123
3;-0.006613042
4;0.010036584
5;-0.002065376
1;-0.000745707
2;-0.011537582
3;0.008817374
5;-0.000324664
1;-0.006224241
2;-0.013530245
3;0.006323071
4;0.008066284
5;0.017070857
1;-0.006980281
2;-0.009998318
3;-0.003761047
4;0.003008548
5;0.006321809
1;-0.001285193
2;-0.008551033
3;0.007214659
4;0.003848725
5;0.001584613
1;-0.002071065
2;0.010759278
3;0.001881822
4;0.015346807
1;-0.000850644
2;0.000384251
3;0.003971085
4;0.000689907
5;0.003258664
1;-0.009594975
2;-0.039099227
3;0.00192038
4;0.000955246
5;0.026729935
1;0.011127821
2;-0.013148634
3;-0.004395979
4;0.012096208
5;0.010614784
2;-0.00685551
3;0.00052215
4;-0.007120559
5;-0.002916595
1;-0.028022615
2;0.006046484
3;-0.004221575
4;-0.00394627
5;-0.027840796
1;0.024904904
2;0.010571692
3;-0.00011354
4;0.011185365
5;-0.00042115
1;-9.12726E-05
2;0.012198507
3;-0.02103511
4;0.003620246
5;-0.021192326
1;0.002030925
2;0.008674871
3;-0.01030937
4;0.000425083
5;-0.030847071
2;0.004506616
3;0.006281215
4;-0.005349813
5;-0.014940039
1;0.010957032
2;0.013535077
3;0.009302189
4;0.001861679
5;0.01964283
1;-0.012776692
2;-0.025965272
3;0.008140161
4;0.025279576
5;-0.004734058
1;-0.00824134
2;-0.017843749
3;0.023982627
4;0.046545809
5;0.004105461
1;-0.005367854
2;0.02524452
3;0.004521616
4;0.017642524
5;7.20176E-05
1;-0.002359636
2;-0.010641381
3;0.000523829
4;-0.013749866
5;0.007138822
1;0.004919216
2;-0.00749162
3;-0.004936129
4;0.009348583
5;0.009948089
1;-0.007872101
2;-0.002575666
3;-0.022522989
4;-0.018338158
5;-0.060045134
1;0.032548196
2;0.028260265
3;-0.009856898
4;0.004940594
1;-0.003267703
2;0.032734323
3;-0.011196572
4;0.002686345
5;-0.008562618
1;0.0108332
2;-0.015069559
3;-0.021801457
4;-0.003915507
5;0.016227223
1;-0.005922728
2;-0.008482904
3;-0.020815079
4;0.0177441
5;0.009297394
1;0.02185712
2;0.009375069
3;-0.012519725
4;-0.007341429
5;-0.021279493
1;-0.004437851
2;-0.019362094
3;0.018169139
4;-0.012609093
5;-0.002536656
2;0.031733051
3;-0.001301419
4;0.019663212
5;0.019446491
1;-0.006540166
2;-0.006692967
3;0.009231255
4;-0.006607525
5;-0.003234408
1;-0.007544086
2;0.016080252
3;0.000748304
4;0.005553931
5;-0.009697037
1;0.014601372
2;-0.006786096
3;0.002152227
4;-0.018388201
5;-0.007395512
1;0.009548573
2;-0.003276141
3;0.002939387
4;-0.008580722
5;0.008429489
1;0.010218478
3;-0.015989256
4;0.007192838
5;0.015145559
1;-0.002220328
2;0.003558265
3;0.008097428
4;0.001953988
5;0.009408484
1;0.000337696
2;-0.011151059
3;-0.007917506
4;0.009141869
5;-0.010336947
1;-0.010799975
2;0.00692812
3;-0.015067472
4;-0.001929678
5;-0.020722049
1;0.007675292
2;0.005068102
3;0.00041713
4;0.009587589
5;0.007113757
1;0.011141249
2;0.00234967
3;-0.006719314
4;-0.008605224
5;0.007905665
1;0.013309233
2;-0.004791692
3;-0.003090129
4;0.010900939
5;-0.002911853
1;0.005188565
2;-0.000900718
3;0.005219545
4;0.00155261
5;-0.001233929
1;0.005058709
2;-0.002810913
3;-0.004813399
4;0.009992567
5;0.002033932
2;-0.009042782
3;-0.009888956
4;0.006851995
5;-0.00534534
1;-0.00351235
2;-0.004893573
3;0.001968385
4;-0.002724411
5;-0.010221762
1;-0.014637827
2;0.010597777
3;-0.005880673
4;-0.001579098
5;-0.000227761
1;-0.006711132
2;-0.008247786
3;-0.000448528
4;0.021991555
5;-0.015047956
1;-0.000194936
2;-0.006825774
3;0.005495019
4;0.001365568
5;-0.019183302
1;-0.004951949
2;-0.010763626
3;-0.016303544
4;-0.025840502
5;0.032836397
1;0.000327417
2;-0.018094959
3;-0.005824466
4;0.034153358
5;0.005865709
1;-0.000823573
2;0.001682231
3;-0.024054464
4;-0.000337078
5;0.011035017
1;0.01373553
2;0.02174014
3;-0.005739118
4;0.004983271
5;-0.001141853
1;0.003847665
2;-0.000223459
3;-0.015902347
4;-0.006506704
5;-0.024700112
1;-0.010834629
2;0.023181408
3;0.004948148
4;-0.012664309
5;-0.003357618
1;-0.018522191
2;0.003516771
3;-0.018721681
5;0.014571619
1;0.0053517
2;-0.0095939
3;0.004361438
4;-0.020310234
5;0.000212913
1;0.007378262
2;0.038183287
3;-0.018387615
4;-0.005870125
5;0.01941508
1;0.007497972
2;-0.006556733
3;-0.008194336
4;-0.014113944
5;-0.02169639
1;0.00803833
2;-0.013042638
3;-0.031796138
4;0.007969801
5;0.024094377
2;0.007050397
3;0.01038544
4;0.003980269
5;-0.010503016
2;-0.028432328
3;0.048884042
4;-0.010608477
5;-0.026592845
1;-0.00191966
2;0.003804892
3;0.00954075
4;0.010264892
5;-0.006252454
2;0.00612432
3;0.002123399
4;0.01381939
5;-0.004036415
1;0.000268112
2;0.01294732
3;0.002862702
4;-0.004989337
5;-0.001887586
1;0.006781632
2;0.006983483
3;-0.005635586
4;0.005446303
5;-0.017628462
1;0.003580177
2;-0.001514833
3;-0.008443694
4;-0.006254182
5;-0.013425251
1;0.011757858
2;-0.008689766
3;-0.002186191
4;0.008090775
5;-0.019086321
2;-0.017508886
3;-0.018680921
4;-0.001953679
5;-0.005570956
1;0.017338738
2;-0.00768933
3;-0.014412471
4;0.001039832
5;-0.005696042
1;0.005841048
2;0.009931109
3;0.006431657
4;0.00225597
5;-0.025075769
1;-0.044140776
2;0.014719631
3;-0.026181831
4;0.005854042
5;-0.019819158
1;0.017473111
2;-0.024371946
3;-0.018086295
4;-0.004071943
5;0.019713495
1;0.011219213
2;0.025253391
3;-0.024733005
4;-0.004640984
5;0.010726704
1;-0.012540274
2;-0.034998444
3;-0.002905361
4;0.042752964
5;-0.020186047
1;0.008084703
2;0.026706184
3;-0.00213343
4;0.014991406
1;-0.003232935
2;0.010229945
3;0.038153247
4;0.012464796
5;-0.00857948
1;-0.015093464
2;-0.012236011
3;0.015815145
4;0.004684838
5;0.014898349
1;-0.002869121
2;0.013498357
3;0.000781413
4;-0.014984323
5;0.014337135
1;-0.002450478
2;-0.001829914
3;-0.00449789
4;-0.00028677
5;-0.007605451
1;0.00260564
2;0.000416273
3;0.028055485
4;0.002720054
5;0.002689455
1;0.016024667
2;-0.00263137
3;-0.01564823
4;0.003191055
5;-0.011886288
2;-0.007824631
3;-0.015779279
4;0.006182375
5;0.00385458
1;0.005095391
2;0.012906541
3;-0.010604736
4;0.005441731
5;-0.009441752
1;-0.008391102
2;0.001163236
3;-0.011411764
4;-0.017656575
5;-0.004527107
1;-0.004895193
2;0.003428325
3;0.008671002
4;0.011300106
5;-0.009494912
1;-0.005523859
2;-0.001511071
3;-0.004687322
4;0.01241569
5;-0.001485363
1;0.01002812
2;-0.001837187
4;-0.012397813
5;-0.023778731
1;0.00685539
2;-0.014502628
3;-0.001134776
4;0.023415018
5;0.006221604
1;-0.010942449
2;0.009921923
3;-0.005557061
4;0.006034533
5;-0.003437945
1;-0.016504113
2;-0.016405467
3;0.015951975
4;0.01039526
5;0.002399586
1;-0.001078686
2;0.005555225
3;0.003872844
4;0.003956208
5;-0.00525647
1;-0.011487477
2;0.003260041
3;-0.017480019
4;-8.44966E-05
5;0.00567075
1;0.000949002
2;-0.003835128
3;-0.007366563
4;0.003085167
5;-0.016803389
1;0.008091311
2;-0.012153009
3;0.006932004
4;-0.002767038
5;0.019463593
1;-0.004838978
2;-0.01512384
3;-0.011211899
4;-0.017150127
5;0.004021909
2;-0.000564742
3;-0.001059752
4;-0.02264477
5;-0.018812879
1;0.006206638
1;-0.05046794
2;-0.005821857
3;-0.016243695
4;-0.031552521
5;-0.019217754
1;0.038242568
2;0.008751271
3;-0.005179999
4;0.011423618
5;0.021685198
1;-0.002298642
2;0.01223052
3;0.019731193
4;-0.002474428
5;0.001634743
1;-0.008379387
2;-0.005369989
3;0.022679127
4;0.015093795
5;-0.005280769
1;-0.001530966
2;0.006911964
3;-0.018808352
4;-0.007904222
5;0.004546969
1;0.015180241
2;-0.004708747
3;0.0003871
4;0.013627693
5;0.004100337
1;-0.024106605
2;-0.017314952
3;-9.43588E-06
4;0.02268881
5;0.002855434
1;0.014283087
2;0.014421639
3;-0.002738673
4;0.002452627
5;0.001581169
1;-0.001768932
2;0.018393197
3;0.001859405
4;0.000902144
5;-0.003147897
1;0.010839907
2;-0.007324379
3;-0.004939278
5;0.011637951
1;0.006135839
2;-0.006866325
3;-0.018420025
4;0.010296646
5;-0.000657996
1;-0.008416557
2;0.013100816
3;0.0220729
4;-0.00278081
5;-0.007559993
1;-0.015995189
2;-0.002784746
3;0.000272668
4;-0.015679818
5;0.003308854
1;0.0099848
2;0.007517776
3;0.005792869
4;-0.008412403
5;0.004341706
1;-0.000209649
3;0.004115053
4;0.006728835
5;0.003356128
1;-0.011207947
3;0.005723607
4;0.009138231
5;0.00619393
1;-0.006520088
2;-0.003594775
3;-0.004810338
4;0.001219887
5;-0.009512918
1;-0.006295965
2;0.006810847
3;-0.016378524
4;0.009980449
5;-0.00997158
2;-0.007361319
3;0.007893291
4;0.003512765
5;0.000997603
1;-0.000194146
2;-0.029030109
3;0.011679242
4;0.014823538
5;-0.007103564
1;-0.025048227
2;-0.004046772
3;-0.005990273
4;-0.003087335
5;0.014749462
1;0.014238339
2;-0.004001015
3;0.00989222
4;-0.001816563
5;-0.011077901
2;-0.019054117
3;0.013423266
4;-0.015631844
5;0.008190612
1;0.017815473
2;-4.50692E-05
3;0.000459611
4;-0.00285119
5;0.022381893
1;0.019303896
2;-0.006695735
3;0.014405315
4;-0.004508026
5;0.005831573
1;0.003386825
2;-0.002296645
3;-0.009906663
4;-0.000910222
5;0.011314367
1;-0.000523221
2;0.004058503
3;-0.015882236
4;0.001509474
5;-0.004247951
1;-0.014759736
2;0.005831691
3;0.005334934
4;0.00245204
1;-0.000741086
2;-0.008566601
3;-0.010043583
4;0.00083491
5;-0.003210219
1;0.002277561
2;-0.006678312
3;0.011271008
4;-0.023974364
5;0.0066104
1;-0.007643833
2;0.023148435
3;-0.002040419
4;-0.001421881
5;0.000622322
1;-0.015530988
2;-0.00622062
3;-0.007128238
4;-0.001519715
5;-0.013986758
1;-0.01015057
2;0.01070787
3;0.00881959
4;-0.00175033
5;-0.010315246
1;-0.019529335
2;-0.003025462
3;0.036817762
4;-0.01465431
5;-0.016936495
1;0.018379987
2;0.020923115
3;-0.005675524
4;0.006540927
5;0.007583422
1;-0.013382234
2;-0.011051057
3;0.005669714
4;0.010132467
5;-0.012160267
2;-0.008589868
3;-0.006432631
4;-0.002813838
5;0.002326673
1;-0.025107827
2;9.60906E-06
3;0.008810967
4;-0.019961703
5;-0.001575355
1;0.003119127
2;-0.016768641
3;0.006549147
4;-0.010542904
5;-0.002270891
1;0.028287522
2;0.000935702
3;-0.016674102
4;-0.013522523
5;-0.017189701
1;0.003612772
2;-0.016842632
3;-0.002677378
4;0.017422558
5;-0.00082809
1;-0.021619759
2;-0.021453915
3;0.006203755
5;0.036071476
1;-0.012258484
2;-0.025029677
3;-0.034552095
4;0.007468214
5;-0.006469224
1;-0.003762264
2;-0.018682472
3;0.005644792
4;-0.02739039
5;-0.039107284
1;-0.033464384
2;-0.02738881
3;0.055744324
4;-0.005647684
5;0.016742729
1;0.052666583
2;0.004240352
3;0.009744345
4;-0.030019846
5;-0.023352882
1;-0.03489794
2;0.029479696
3;0.019812436
4;0.032198402
5;0.003505874
1;-0.005340879
2;-0.021913506
3;0.03926595
4;0.011492826
5;-0.001592237
1;0.023337425
2;-0.014056467
3;0.012645985
4;0.013953763
5;-0.022947486
1;0.007507408
2;-0.013947761
3;-0.018298229
4;-7.62664E-05
5;-0.001886721
2;-0.042423409
3;0.017365036
4;-0.016078877
5;0.016660754
1;0.01006197
2;0.007304699
3;-0.000142933
4;-0.02509651
5;0.003264445
1;0.001448698
2;-0.019925629
3;-0.004658696
4;-0.030525847
5;0.002451577
1;-0.013924434
2;-0.017435514
3;0.024558936
4;0.01804594
5;-0.032790992
1;-0.014720383
2;0.039242886
3;-0.023870045
4;-0.010881421
5;-0.022686567
1;-0.019296123
2;0.016757241
3;-0.027666161
4;0.034368339
5;0.038315123
1;0.007299825
2;0.046249339
3;-0.024408404
4;0.022056758
5;0.005885739
1;0.017185462
2;-0.010682382
3;0.006695429
4;-0.015337862
5;0.017021449
1;-0.008300381
2;-0.009117747
3;0.009656788
4;-0.005572864
5;0.017014828
1;0.008168905
2;0.007720437
3;0.009102094
4;-0.023117416
5;-0.008801708
1;-0.020950211
2;0.007685611
3;-0.000475791
4;0.024335206
5;0.006129781
1;-0.010463086
2;-0.004028718
3;0.019228707
4;0.021224774
5;-0.003443637
1;0.002490046
2;-0.021190493
3;0.027601662
5;-0.002730406
1;-0.001902889
2;-0.014855174
3;-0.003448786
4;-0.012093584
5;0.006245965
1;-0.022426019
2;0.013860892
3;0.00056372
4;-0.003741964
5;-0.013511757
1;0.023247041
2;-0.008172584
3;-0.013232381
4;-0.00773927
5;0.012932692
1;0.001806887
2;-0.005486507
4;-0.003153532
5;-0.016158443
1;0.004547561
2;0.000488856
4;0.032660756
5;-0.00048415
1;0.022225556
2;-0.006566111
3;-0.014185718
4;0.01920059
5;0
1;-0.001413291
2;0.005812968
3;-0.014530928
4;-0.003950202
5;-0.014116223
2;-0.015826864
3;-0.010487191
4;0.010171691
5;-0.029669251
1;-0.016291732
2;0.012966032
3;0.006756077
4;-0.023114366
5;0.013044865
1;0.005384566
2;-0.014187956
3;-0.005449862
4;-0.006469512
5;-0.010144945
1;0.00754059
2;-0.008131347
3;-0.012768093
4;-0.001601418
5;0.021208111
2;0.019311894
3;-0.007121412
4;-0.009546924
5;0.01313755
1;-0.018551774
2;0.007168747
3;-0.013228532
4;0.011689014
5;0.004611461
1;-0.007565849
2;-0.015475925
3;0.009516732
4;-0.009382919
5;0.008225414
1;-0.026169169
2;-0.008394475
3;0.004311748
4;0.033876682
5;0.001645478
1;0.034813605
2;0.00423308
3;0.008698855
4;0.001886049
5;0.022716703
1;-0.035867073
2;0.012087762
3;-0.005490961
4;-0.001645125
5;-0.005796716
1;-0.01790102
2;0.012070506
3;0.025780728
4;-0.005064454
5;0.002734577
1;0.001228124
2;-0.001865524
3;-0.014103474
4;0.006434295
5;-0.003770379
1;0.019310221
2;0.006283663
3;-0.012311532
4;0.015416237
1;-0.001758523
2;0.021471619
3;0.008358923
4;-0.00829309
5;-0.013943128
1;0.01767752
2;0.003273897
3;-0.001002856
4;-0.000676405
5;0.014926782
1;-0.003802593
2;0.008425899
3;-0.005118009
4;-0.010108795
5;0.014177442
1;0.012456776
2;-0.002977628
3;-0.003210071
4;0.007836939
5;-0.002506651
1;-0.025233636
2;-0.001130128
3;0.00400402
4;0.009109151
5;0.001447652
2;0.019377696
3;0.00182706
4;-0.003762762
5;0.014582928
1;0.003532603
2;0.004704532
3;0.014996706
4;0.003946615
5;-0.002406594
1;-0.012048891
2;0.009088329
3;0.012752907
4;0.001032069
5;-0.009964252
1;0.022138099
2;0.00090981
3;-0.00155311
4;-0.015353531
5;0.00099478
1;-0.014211322
2;0.001842155
3;-0.008301175
4;0.01070816
5;-0.009785811
1;-0.001763452
2;0.007992602
3;0.011568545
4;-0.008133617
1;0.018813491
2;0.003399166
3;-0.005601865
4;-0.013571892
5;0.009502598
1;0.005714301
2;-0.003432657
3;-0.006347445
4;-0.012511424
5;0.011736546
1;-0.014725536
2;0.009466696
3;0.000505889
4;-0.007116023
5;0.017250514
1;-0.002165197
2;-0.007291804
3;-0.001811036
4;0.002851655
5;-0.010312404
1;0.002720369
2;-0.017821319
3;0.00167655
4;0.007253277
5;0.00355586
1;0.003064072
2;0.009903985
3;-0.006402032
4;0.006563578
5;0.00016152
1;0.009113763
2;0.002607277
3;-0.002047288
4;0.00296471
5;-0.010228859
1;0.000654328
2;0.003034507
3;6.0195E-05
4;0.006051138
5;0.005142115
2;0.013773617
3;0.004179163
4;0.001655114
5;-0.006421539
1;0.009985324
2;-0.008244118
3;-0.012044844
4;0.005425842
5;0.002171938
1;-0.003757184
2;0.014196987
3;-0.003259883
4;0.013178279
5;-0.003160108
1;-0.013093159
2;0.006053093
3;-0.01928033
4;-0.006071616
5;-0.006419637
1;0.009713418
2;-0.010596589
3;0.022094147
4;0.001981889
5;0.009375267
1;0.00436005
2;0.004726089
3;-0.005277312
4;0.004776826
5;-0.000645227
1;0.006998171
2;0.003943046
3;-0.002595124
4;0.003157149
5;-0.010290175
1;0.005143965
2;0.001291427
3;-0.01509379
4;0.003304058
5;-0.004712325
1;0.002155299
2;0.01507305
3;0.001260204
4;-0.001116919
5;0.003594502
1;0.007877826
2;-0.00546333
3;-0.001368132
4;0.005915102
5;-0.004584948
1;-0.005808655
2;-0.000515838
3;0.011363003
4;-0.000113371
5;-0.00764434
1;-0.006418421
2;-0.009125187
3;0.007984286
4;-0.008467892
5;0.001575694
1;0.016097236
2;0.001718923
3;0.004317493
5;-0.000236222
1;0.01120144
2;-0.003276022
3;-0.001773524
4;0.004675686
5;-0.00771393
1;0.007321227
2;-0.008565524
3;-0.001066425
4;0.011416571
5;0.002731491
1;-0.005695148
2;0.006616391
3;0.001254874
4;0.011728661
5;-0.000477537
1;0.003923731
2;0.002814124
3;-0.00180817
5;0.001689552
1;0.012324619
2;0.000144201
3;0.002052612
5;-0.003098543
1;0.012319159
2;0.001291248
3;0.002364446
4;0.004950746
5;-0.008927284
1;0.004775274
2;-0.005345918
3;0.008260326
4;0.001352445
5;0.00684898
2;-0.000930396
3;0.0077415
4;-0.003211789
5;-0.002091456
1;0.012033651
2;-0.009846041
3;-0.013703004
4;0.004976608
5;-0.002631069
1;0.003644567
2;0.000678029
3;-0.008406494
4;0.001835831
5;0.012477323
1;-0.002584807
2;0.00501456
3;0.010610962
4;-0.00489206
5;-0.005483233
2;0.009709995
3;-0.004478505
4;-0.004141153
5;-0.002575105
1;-0.002730736
2;-0.001666609
3;0.004012692
4;0.001083641
5;2.62026E-05
1;0.009587584
2;-0.005960791
3;0.001678166
4;0.00333059
5;0.001721655
1;-0.008385247
2;-0.005787286
3;-0.014741023
4;-0.015340983
5;0.012382586
1;-0.014453794
2;0.005606757
3;0.01168086
4;-0.001273335
5;-0.011236174
1;-0.013042204
2;-0.001324594
3;-0.002397863
4;0.016232883
5;-0.001019281
1;0.012920876
2;0.004027621
3;-0.000701222
4;0.005278132
5;0.008478577
1;0.007642749
2;-0.002096811
3;-0.006667594
4;-0.001061473
1;0.005147701
2;-0.01385736
3;-0.001125084
4;0.000593706
5;0.005098423
1;0.001065877
2;-0.015679323
3;0.005298286
4;0.013993038
5;0.000587583
1;-0.004454937
2;0.00226949
3;-0.013890833
4;-0.007619766
5;-0.005933774
1;0.009160479
2;0.00184172
3;0.001767006
4;-0.00674566
5;-0.013820502
1;-0.010595665
2;0.00763324
3;0.001669153
4;-0.000765822
5;-0.000675139
1;-0.010643279
2;0.006793586
3;-0.002577782
4;0.000468348
5;0.004004129
1;0.001690293
2;0.015975273
3;0.001696597
4;0.005670298
5;-0.000535246
2;0.000463896
3;0.003374606
4;-0.00744997
5;0.005234164
1;0.015838275
2;0.001542101
3;-0.009544785
4;0.004533035
1;-0.009886187
2;0.005954033
3;0.001368309
4;-0.001332975
5;0.002620124
1;-0.004167188
2;0.003629608
3;0.008470647
4;-0.002985064
5;-0.005467953
1;-0.000952473
2;0.002511512
3;0.004075472
4;-0.010485694
5;-0.003158383
2;-0.008181738
3;0.001897483
4;-0.008278609
5;0.003330456
1;0.001382927
2;0.000708682
3;-0.003296494
4;-0.004309885
5;-0.00480056
1;-0.000444991
2;0.007033072
3;-0.01343009
4;0.00270231
5;-0.009747952
1;-0.00196289
2;0.009876623
3;0.000538751
4;0.004563161
5;0.001171582
1;0.00443773
2;-0.006282003
3;-0.000964373
4;-0.01645497
5;-0.015601784
1;0.001174156
2;0.012890406
3;-0.003016482
4;-0.011743831
5;0.001475543
1;0.013562755
2;0.002193379
3;0.01236648
4;-0.003604102
5;0.006503553
1;-0.002433879
2;0.000465356
3;0.007968604
4;0.000117644
5;0.002422206
1;-0.007811832
2;0.004620162
3;0.00151121
4;0.011150092
5;-0.004193667
2;0.006863777
3;-0.004495956
4;0.001888439
5;0.004941365
1;0.001689084
2;0.002227004
3;-0.007079676
4;0.002789825
5;0.00448481
1;-0.005642579
2;0.006306927
3;-0.014035881
4;-0.004680645
5;0.001577664
1;-0.005954039
2;0.005908997
3;0.004260949
4;-0.000197364
5;0.015066534
1;0.003238233
2;-0.000608023
3;0.006650497
4;-0.010032205
5;-0.007555112
1;0.00200309
2;-0.002270472
3;-0.007327285
4;-0.009346284
5;0.004440452
1;0.005238017
2;-0.009732854
3;0.000389689
4;0.002560914
5;-0.009762909
1;-0.000858236
2;0.014769817
3;0.012797013
4;0.001811048
5;0.002445032
1;0.00027425
2;4.42268E-05
3;0.011118262
4;0.016027277
5;0.00386625
1;-0.001098213
2;-0.000695586
3;-0.001005591
4;0.009048209
5;0.009068414
1;-0.000304057
2;-0.007104013
3;0.005523118
4;0.00136124
5;-0.011224092
1;0.005878411
2;-0.000254866
3;0.004087003
5;0.000752831
1;-0.003455844
2;-0.004038451
3;0.014840518
4;-0.000873326
5;0.000705438
1;-0.000772648
2;-0.011135069
3;0.004864664
4;0.005421484
5;-0.001043227
1;0.00894973
2;0.003913313
3;0.001942635
4;-0.002083914
5;-0.00751648
1;0.00037675
2;0.008999686
3;0.003411983
4;0.000462867
1;-0.004314617
2;0.007128533
3;-7.41659E-05
4;8.24063E-05
5;-0.00134407
1;-0.008152489
2;-0.011740082
3;-0.00363439
4;0.003499706
5;-0.001432134
1;0.003416879
2;-0.006118237
3;0.003973532
4;-0.008667581
5;0.005986546
2;0.009628304
3;-0.009535443
4;-0.007813467
5;-0.006435446
1;-0.003534027
2;0.003996301
3;0.004832495
4;0.000408751
5;-0.002719629
1;0.008424664
2;0.006867255
3;0.003173007
4;-0.002769527
5;0.010982508
1;-0.00108951
2;0.000482525
3;-0.00861221
4;0.004202601
5;0.006901718
1;0.000696679
2;0.00329435
3;0.000181784
4;-0.00795495
5;0.000699318
2;-0.014612017
3;0.005591688
4;0.007862859
5;0.009263741
1;-0.006434885
2;0.005642079
3;-0.000272672
4;0.000322241
5;0.009578342
1;0.002606818
2;-0.004810337
3;-0.010237309
4;0.001854106
5;-0.007612111
1;0.005608866
2;-0.00755229
3;-0.008114655
4;0.00179962
5;-0.000470616
1;-0.004946438
2;-0.010248488
3;0.000699587
4;-0.000947119
1;0.002438506
2;-0.007625142
3;0.013678588
4;-0.000694327
5;-0.006517947
1;0.002724519
2;0.004470826
3;0.002265945
4;0.005953175
5;-0.008379961
1;8.46593E-06
2;0.005529844
3;-0.011831351
4;-0.010052143
5;-0.016861816
1;0.002936295
2;0.00591625
3;-0.013343545
4;0.019544029
5;-0.006773177
1;0.00862499
2;-0.008876731
3;0.003942454
4;-0.011445594
5;0.011851952
1;0.004579548
2;-0.000852225
3;0.012393069
4;-0.002572097
5;-0.00109216
1;0.006373974
2;-0.010763155
3;0.004184268
4;-0.010083888
5;-0.004590634
1;0.010035692
2;0.006933163
3;0.009968888
4;0.004645222
5;-0.001512377
1;0.003843673
2;0.000175885
3;-0.003405929
4;0.006374544
5;0.000968119
2;-0.006091355
3;0.00895683
4;0.001720334
5;-0.006890804
1;0.001245023
2;-0.000208788
3;-0.002165616
4;0.00522626
5;-0.002350941
1;0.002259342
2;0.002569937
3;0.002215318
4;0.003623522
5;0.004942512
1;-0.000706929
2;-0.002049628
3;0.000222452
4;-0.010892136
5;-0.00765794
1;-0.000738794
2;0.009096064
3;-0.001432486
4;-0.007126219
5;0.002607126
2;0.008793812
3;-0.008375293
4;0.002449005
5;0.01161139
1;0.006235368
2;0.002268958
3;0.000883255
4;0.002620634
5;0.001157096
1;-0.005545021
2;0.006708915
3;0.004747326
4;-0.006628135
5;0.005396808
1;-0.003776332
2;0.001731574
3;0.004562499
4;0.005587575
5;-0.007700107
1;0.000947549
2;0.007074122
3;0.000739205
4;-0.007400574
5;-0.007667728
1;-0.002686209
2;0.006722345
3;-0.00182889
4;0.007037087
5;-0.006012497
1;0.002824379
2;-0.011845843
3;0.000737832
4;-0.001000303
5;0.000565868
1;0.001654762
2;-0.003394392
3;-0.006592036
4;0.002295662
5;-0.006014571
1;0.005940333
2;-0.003197438
3;0.009815868
4;0.001031975
5;-0.002926699
2;0.012539886
3;0.002405103
4;-0.003800607
5;0.007933244
1;-0.000741326
2;-0.007573587
3;-0.003286747
4;0.000464379
5;0.008257538
1;-0.00558138
2;-0.007894477
3;-0.009162981
4;0.003645635
5;0.000551461
1;0.000279729
2;2.46783E-05
3;0.001011285
4;0.008827786
5;0.000920012
1;-0.001718584
2;-0.010019869
3;-0.014999078
4;-0.004104065
5;0.003694415
1;-0.007191951
2;-0.002074025
3;-0.006086662
4;-0.000713521
5;0.008233912
1;0.002970545
2;-0.010100414
3;0.014845043
4;-0.015133675
5;0.001518629
1;0.016637836
2;-0.002370698
3;-0.00432176
4;-0.010530499
5;0.016413878
1;0.007150549
2;-0.003527311
3;0.009927611
4;0.004255151
5;0.000163929
1;0.002185883
2;-0.003457036
3;0.001689051
4;0.008410849
5;0.003049871
1;-0.000777807
2;-0.00385745
3;0.001788458
4;0.009369473
5;0.004391694
1;0.005257451
2;0.005071392
3;0.003466784
5;0.002083778
1;-0.008544184
2;1.5905E-05
3;-0.006382254
4;0.012083754
5;0.000324143
1;-0.002366284
2;0.001274849
3;-0.005021688
4;-0.001217567
5;0.002806925
1;0.000841337
2;0.005538296
3;0.004180829
4;-0.001415273
5;-0.00285235
1;-0.005856208
2;-0.000238139
3;0.002513471
4;0.00421193
5;0.000425737
2;-0.009599313
3;0.001296372
4;-0.00298497
5;-0.0048987
2;0.016296957
3;0.003666034
4;1.57051E-05
5;0.009355541
1;0.003649639
2;-0.000356611
3;0.003475411
4;-0.006294009
5;0.001204506
2;-0.003641262
3;-0.003904943
4;0.005548265
5;-0.018496284
1;0.001845319
2;0.002402517
3;-0.001722272
4;0.007208985
5;0.007734003
1;0.001144454
2;-0.003983991
3;0.001857533
4;-0.009102009
5;-0.00537307
1;0.000782903
2;-0.008127674
3;0.008625566
4;-0.001478594
5;0.002536779
1;-0.003265019
2;0.009982788
3;0.003498299
4;0.007301405
5;-0.001661091
2;-0.003275923
3;0.007485379
4;-0.003782276
5;0.001272689
1;0.003630667
2;-0.010455357
3;0.008227427
4;-0.001627668
5;-0.001482707
1;-0.006992845
2;-0.001863642
3;0.002027914
4;-0.004892784
5;0.007197572
1;0.002112608
2;0.010342475
3;0.004260726
4;0.001771235
5;0.001469812
1;-0.001661353
2;-0.00603312
3;0.00600247
4;-0.002585636
5;0.000982869
1;-0.001028965
2;-0.006458995
3;0.007441909
4;-0.00202832
5;-0.00414625
1;0.002267925
2;0.006237202
3;0.004301838
4;-0.001923224
5;-0.010397323
1;0.000864158
2;-0.007781116
3;0.001204029
4;0.000776024
1;-0.00294432
2;0.016933148
3;0.002025058
4;0.00116732
5;-0.000137261
1;-0.002420412
2;-0.004881516
3;0.002815337
4;0.003296206
5;0.000679304
1;-0.004144054
2;0.006125898
3;-0.00388353
4;0.003152229
5;0.010242659
1;-0.000830057
2;0.000362291
3;-0.001729614
4;-0.012880727
5;-0.011304776
1;0.002521523
2;-0.001871197
3;-0.016984486
4;-0.006721639
5;0.004128381
1;-0.003922349
2;-0.004359485
3;0.001582411
4;0.011305894
5;0.005703021
2;-0.015976529
3;0.008079223
4;0.012223331
5;0.001950326
1;-0.017960076
2;-0.001138727
3;-0.00611113
4;0.001416025
5;-0.004485652
1;-0.011937131
2;-0.011173845
3;0.005175805
4;0.021012759
5;-0.003684655
1;-0.00915858
2;-8.0637E-06
3;0.009693855
4;-0.005284663
5;-0.000883499
1;0.004857608
2;-0.009125441
3;0.00547241
4;0.021335773
5;-0.002099825
1;0.007834136
3;-0.007275325
4;0.00249117
5;-0.006772853
1;0.001468719
2;0.004008242
3;-0.010928466
4;-0.013051591
5;-0.004906243
1;-0.001384229
2;0.001917981
3;0.018385006
4;-0.008513607
5;-0.007102086
1;0.016488459
2;0.006300939
3;-0.000378358
4;-0.00410808
5;0.012078439
1;-0.001479331
2;-0.004506245
3;0.005093543
4;0.002236403
5;-0.00071104
1;-0.002810035
2;-0.003368342
3;-0.004358748
4;0.004618254
5;-0.003994412
1;0.001159786
2;0.013603521
3;0.007632708
4;0.001581235
5;0.00370801
1;-0.003677182
2;0.00100141
3;-0.004498794
4;0.002371527
5;-0.000748702
1;0.005152368
2;0.001918606
3;0.000835361
4;-0.001188108
5;0.005499415
2;0.001707148
3;-0.009940736
4;-0.004810593
5;0.003779498
1;0.000477206
2;0.01030424
3;0.00385395
4;-0.001358969
5;0.002564551
1;0.001151149
2;-0.002683019
3;0.005706042
4;-0.005410102
5;-0.002468846
1;0.008776536
2;0.007496129
3;0.000179578
4;0.001711849
5;-0.00226565
1;-0.003396862
2;0.002093472
3;0.011988327
4;0.002234208
5;-0.002686095
1;0.000792519
2;0.00204136
3;-0.002567168
4;0.009495865
5;0.002045118
1;0.002515835
2;-0.003666157
3;0.001282122
4;0.000848959
5;0.001199023
1;0.006133424
2;0.0002614
3;0.003507758
4;0.004950755
5;-0.008487555
1;0.00042827
2;7.25724E-06
3;-0.00737871
4;-0.000343674
5;-0.00222577
1;0.01128259
2;0.002215289
3;0.002080505
4;-0.005347239
5;0.001862839
1;0.002545819
2;0.006336335
3;0.002401616
4;0.002281563
5;0.001028219
1;-0.000499697
2;0.001648052
3;0.002335435
5;-0.003662225
1;-0.013647797
2;0.003438465
3;0.009159493
4;0.000821396
5;-0.002802664
1;0.008845925
2;0.003994509
3;-0.001315576
4;-0.003978461
5;0.001810354
1;0.002267189
2;-0.001047936
3;0.001168237
4;0.008651902
5;0.001121792
1;-0.003235579
2;0.002155877
3;-0.001418002
4;-0.003680731
5;-0.005330405
2;0.00434282
3;0.006990822
4;-0.001479887
5;-0.004523351
3;-0.001199337
4;0.001227539
5;-0.006103164
1;0.002217854
2;-0.000516823
3;0.001938479
4;0.006319882
5;0.004841403
2;0.00081743
3;-0.000894317
4;-0.002975161
5;0.002891278
1;-0.005291852
2;0.00353568
3;0.008465526
4;-0.011333801
5;-0.00120868
1;-0.00109751
2;0.005755533
3;0.006571215
4;0.005339485
5;0.001692966
1;-0.000967058
2;0.000697757
3;0.001394055
4;-0.00117999
5;-0.007102376
1;-0.003266668
2;0.007568765
3;0.007614985
4;0.001037049
5;-0.000872148
2;0.002840268
3;-0.001405405
4;-0.000857924
5;-0.003569995
1;-0.00125493
2;-0.035342692
3;0.005545551
4;-0.002597875
5;-0.011468262
1;-0.009452174
2;0.015374753
3;-0.002468269
4;0.007101316
5;0.000677427
1;0.002676692
2;-0.020578557
3;0.006668813
4;0.003676991
5;-0.003835599
1;0.010835492
2;0.006313565
3;0.016936574
4;-0.000348483
5;0.001093829
1;0.000967424
2;-0.00620355
3;-0.007997681
4;0.003732714
5;-0.001174654
1;0.002593652
2;0.009237328
3;0.001112216
4;0.003045304
1;0.000588567
2;0.002613206
3;-0.006594511
4;0.00618708
5;0.003481982
1;0.010598556
2;0.002142996
3;0.00069294
4;-0.00120276
5;0.00921809
1;-0.002306697
2;-0.000351192
3;0.010088027
4;-0.000782695
5;-0.000120469
1;-0.007861781
2;0.002647652
3;0.006451592
4;0.004315771
5;0.0021476
1;0.002560447
2;-0.001166645
3;0.003218226
4;-0.014054591
5;0.009595312
1;-0.001794617
2;-0.001304779
3;0.008589494
4;-0.000918434
5;0.006588724
1;0.001542071
2;-0.000642787
3;-0.001207983
4;-0.009749928
5;0.005437888
2;0.001568969
3;0.007951911
4;0.000254831
5;0.003730082
1;0.001846843
2;-0.005361349
3;-0.008903294
4;-0.017725939
5;0.011306188
1;0.000961287
2;-0.010739181
3;0.015070067
4;0.00480479
5;0.006505514
1;-0.001214115
2;0.001729342
3;-0.013694438
4;0.006161408
5;-0.012979767
1;-0.003213015
2;-0.003243467
3;0.008969029
4;-0.00041832
5;-0.001568596
1;0.010639313
2;0.003573896
4;0.00034751
5;0.003298605
1;0.00092088
2;-0.014287037
3;0.005705095
4;0.018875745
5;0.003096577
1;-0.001921329
2;-9.68089E-05
3;-0.002067491
4;0.004459151
5;-0.012296166
1;0.004857488
2;-0.020003222
3;0.00465481
4;-0.023615194
5;-0.016120773
1;0.010201735
2;-0.012727283
3;0.00721654
4;0.00434989
5;-0.026945862
1;0.023864091
2;0.006140531
3;0.013973733
4;-0.03009805
5;0.000378432
1;-0.000495431
2;-0.018323393
3;-0.014005396
4;0.003243472
5;0.024269621
1;-0.000269757
2;0.001085502
3;0.011644854
4;-0.001072928
5;0.011469021
1;-0.008539982
2;-0.023752906
3;0.021685034
4;-0.004189778
5;0.01115432
2;0.010413773
3;-0.011567771
4;0.004242866
5;-0.017053038
1;-0.001273557
2;0.013540209
3;4.75697E-05
4;0.008384389
5;0.000202143
1;-0.005133586
2;0.028789579
3;0.00606796
4;-0.006745919
5;0.004598464
1;-0.005270295
2;-0.000342676
3;0.00539666
4;0.003899508
5;-0.003027997
1;0.013202135
2;-0.000265057
3;-0.004562223
4;0.002108727
5;0.009514881
1;-0.003221692
2;0.008063603
3;-0.001713764
4;-0.00517185
5;0.00474295
1;-0.008416676
2;-0.006594911
3;0.001759872
4;-0.000752924
5;-0.025949343
1;0.003791209
2;0.008764333
3;-0.002444433
4;-0.000976808
5;0.013693454
1;0.003705803
2;-0.006484398
3;0.011920671
4;-0.026778847
5;0.000801832
1;-0.004967107
2;0.011977221
3;-0.02980971
4;-0.000576195
5;-0.014390015
1;-0.010038524
2;0.028677789
3;-0.007094415
4;-0.013300535
5;0.005216704
1;-0.017614502
2;0.004476212
3;-0.016055126
5;0.016749474
1;-0.02351298
2;0.014819788
3;0.028159596
4;0.000476395
5;0.007740155
1;-0.005904756
2;-0.006561735
3;0.015075935
4;0.014925002
5;-0.001779549
1;0.007481943
2;-0.025595914
3;0.006031919
4;0.00122353
5;-0.013841566
1;-0.015134905
2;0.00626019
3;-0.00136177
4;0.00488824
5;0.016532446
1;0.008044567
3;0.000808254
4;-0.014385254
5;0.00150266
1;-0.006875165
3;-0.014543117
4;0
5;-0.02485795
1;0.003218041
2;-0.018522677
3;0.013532064
4;0.007916746
5;-0.013688696
1;0.010811991
2;-0.025240865
3;-0.005627886
4;-0.029524212
5;-0.006063725
2;-0.011147102
3;0.021215548
4;0.01001246
5;-0.015999268
1;0.017396148
2;0.006140816
3;-0.004775386
4;0.01663316
5;0.012163223
1;-0.01051792
2;-0.032518523
3;-0.007652802
4;0.00785478
5;-0.004212584
1;0.005871752
2;0.007239642
3;0.013512376
4;-0.013512376
5;0.000837394
2;-0.000896705
3;0.008306278
4;-0.012950865
5;0.007849753
1;0.013718099
2;0.006894099
3;-0.000919853
4;-0.008982118
5;-0.027463359
1;0.00053344
2;-0.003453611
3;0.005224692
4;-0.022259869
5;-0.008445951
1;-0.015584286
2;0.03645711
3;-0.009036275
4;0.005113853
5;-0.021002301
1;-0.008999024
2;0.041534885
3;-0.024587038
4;0.023662313
1;0.015205246
2;0.002301259
3;-0.008804416
4;-0.011526662
5;-0.007981928
1;0.00567115
2;0.035267016
3;-0.001935925
4;0.00130077
5;0.000795705
1;0.00156037
2;-0.005113083
3;-0.008124955
4;0.00446403
5;-0.020584529
1;-0.003389515
2;0.004589249
3;0.022437717
4;0.000622649
5;0.017976528
1;-0.001554796
2;-0.008849199
3;0.002895639
4;0.006421692
5;0.006473722
1;-0.001052176
2;-0.003896235
3;-0.003853736
4;0.016995468
5;0.003230334
1;-0.004543867
2;0.007622792
3;-0.018279807
4;0.003662758
5;-0.006748148
1;0.010960545
2;-0.000384805
3;0.003997587
4;0.010528903
5;0.001249597
1;0.000897622
2;-0.00931687
3;-0.016183741
4;0.002613949
5;-0.013298491
2;0.006822949
3;0.003955066
4;0.005320725
5;0.001515022
1;-0.010559851
2;-0.005804628
3;-0.000326697
4;0.019308465
5;-0.031376343
1;0.000793406
2;-0.002440998
3;-0.017038717
4;0.003274329
5;0.014934164
1;8.08773E-05
2;-0.006794391
3;-0.009759296
4;0.003745379
5;-0.018717003
1;5.31122E-05
2;-0.00281884
3;0.005826452
4;-0.029805056
5;-0.003724341
1;0.001266427
2;0.003828599
3;-0.018371334
4;0.001093321
1;-0.008420818
2;0.016936205
3;-0.023039548
4;0.006965378
5;-0.011151876
1;-0.009068905
2;-0.0109611
3;0.024754645
4;0.011941012
5;0.000285601
1;-0.000539537
2;0.013401856
3;0.004055976
4;-0.023396064
5;0.004158871
1;-0.018771643
2;0.023087465
3;0.016534493
4;-0.0132309
5;-0.005594055
1;-0.009006485
2;0.028314091
3;0.003348785
4;-0.0180965
5;0.023611867
1;0.00691874
2;-0.012123883
3;-0.002919914
4;0.005506536
5;0.004067729
1;-0.01521296
2;-0.00935853
3;0.00617813
4;0.00249191
5;0.011268953
1;-0.019820581
2;0.00367956
3;0.007950942
4;0.014731092
5;-0.01381863
2;-0.004100911
3;-0.002037171
4;-0.030378838
5;0.004420895
1;0.020302677
2;-0.034734463
3;0.006130568
4;0.01371193
5;0.002119365
1;-0.048282983
2;0.017371504
3;-0.048288065
4;0.042428811
5;0.039467421
1;-0.038986811
2;-0.015756115
3;-0.001979707
4;0.019465761
5;0.00337675
1;-0.092189616
2;0.05275821
3;-0.004554407
4;-0.041124925
5;-0.013598522
1;-0.039279301
2;-0.059107758
3;-0.011397429
4;-0.079224042
5;-0.011828963
1;0.109571959
2;-0.005336384
3;-0.094695145
4;0.04162886
5;-0.006232201
1;0.04658284
2;-0.031283955
3;-0.062953125
4;0.012554947
5;-0.035120816
1;-0.032279747
2;0.102457328
3;-0.011140926
4;0.025476651
5;0.015248574
1;-0.002532236
2;0.040014466
3;-0.054115279
4;-0.051571193
5;0.028446198
1;-0.012733931
2;-0.02228719
3;-0.053288838
4;0.066922601
5;-0.04259349
1;-0.026149375
2;0.009790296
3;-0.063105523
4;-0.069481827
5;0.061327968
1;0.06271427
2;0.006529394
3;0.034718427
5;0.009596917
1;-0.093536559
2;0.039163694
3;0.025508056
4;-0.029746476
5;0.035849048
1;0.037668878
2;-0.023388912
3;0.011823999
4;-0.028938804
5;0.007003884
1;-0.012766861
2;0.050084832
3;-0.009639159
4;-0.021389875
5;0.00293262
1;-0.018471577
2;-0.009764948
3;0.005764437
5;0.005341924
1;-0.003880112
2;0.024113983
3;0.014059065
5;0.031118829
1;-0.004679315
2;0.007786738
3;-0.030469134
4;0.003391364
5;-0.021533208
1;-0.022822626
2;0.001756552
3;-0.034032484
4;0.001328305
5;0.007533126
2;-0.054261984
3;0.042572033
4;-0.015278458
5;0.005363236
1;0.005537856
2;0.010866312
3;0.033006834
4;-0.033681051
5;-0.02305281
1;-0.000532907
2;0.01570993
3;-0.007517662
4;0.016233194
5;0.026540681
1;0.001484047
2;-0.05036862
3;0.007923456
4;0.001737641
5;-0.010048038
2;-0.046629446
3;-0.000950817
4;-0.012096922
5;-0.011478573
1;-0.035315356
2;0.039320053
3;-0.010715038
4;-0.015905668
5;-0.023846498
1;-0.047741863
2;-0.006427392
3;0.02347539
4;-0.043463291
5;0.001215289
1;-0.010074281
2;0.06171871
3;0.002442817
4;0.039921068
5;0.007709238
1;-0.003522156
2;0.031634285
3;0.020643416
4;-0.013064131
5;-0.019967428
1;0.06836638
2;-0.020626376
3;0.00958032
4;0.023052626
5;-0.020524738
1;-0.035439358
2;0.013044212
3;0.016421016
4;0.028322241
5;0.009684728
1;-0.008367252
2;-0.024143678
3;0.011714575
4;0.037347061
1;0.002530186
2;-0.02026854
3;0.012470933
4;0.015419321
5;0.004957068
1;-0.043732255
2;0.021029382
3;-0.007711286
4;0.009873449
5;0.016657837
1;-0.010117621
2;-0.002744255
3;0.021379806
4;-0.0009505
5;0.005381855
1;0.033307277
2;-0.003798927
3;0.017254573
4;-0.013290323
5;0.02378394
1;-0.0217472
2;-0.000979319
3;-0.027263206
4;0.010298404
5;-0.011475674
1;0.029936576
2;-0.001738327
3;-0.005144635
4;-0.01689961
5;-0.001498313
2;0.025962189
3;-0.019153403
4;0.015301234
5;0.013483449
1;0.025489965
2;0.001981342
3;-0.013834487
4;0.011418207
5;-0.002517863
1;-0.001011052
2;0.003497083
3;-0.003486435
4;0.006093308
5;0.001396013
1;-0.024055536
2;-0.012801901
3;-0.00138258
4;0.008375844
5;0.003109374
1;-0.031078361
2;0.002304071
3;0.006503219
4;0.021217576
5;-0.001478936
1;0.009024344
2;-0.008567381
3;0.004352434
4;-0.029577647
1;0.002562476
2;-0.019879851
3;-0.001669895
4;0.003540952
5;-0.004029952
1;0.024627968
2;0.00530194
3;0.029199472
4;0.008604637
5;-0.000382751
1;0.011366703
2;0.003620702
3;-0.000534409
4;0.023022629
5;0.003037511
1;0.002977407
2;-0.00260985
3;-0.004573436
4;0.011825409
5;0.000739529
1;0.015225583
2;0.003007551
3;-0.002917791
4;-0.005640579
5;0.013349737
1;-0.003350552
2;-0.012740935
3;0.011459209
4;0.006856468
5;-0.008567996
1;-0.024559914
2;0.010094531
3;0.006837444
4;0.010889255
5;0.01845147
1;-0.000545889
2;0.002366611
3;0.000116725
4;0.002777914
5;-0.001990379
1;-0.008109142
2;-0.022372209
3;-0.003301906
4;0.008498592
5;0.01303221
2;0.008806056
3;0.007752278
4;0.010368274
5;-0.001351306
1;0.006319121
2;0.003130399
3;0.015207304
4;-0.003064311
5;0.002633813
1;-0.003413101
2;0.006553349
3;-0.010119522
4;-0.009556581
5;-0.006109338
1;0.017652877
2;-0.00223207
3;-0.003333824
4;-0.026097229
5;-0.004515691
1;0.014765453
2;0.013612406
3;0.00270795
4;0.007442123
5;0.005624801
1;0.004376823
2;-0.002791504
3;0.017393671
4;0.004148815
5;-0.008131019
1;0.009361385
2;-0.006258672
3;-0.008893203
4;0.010587366
5;-0.012253261
1;-0.011786491
2;-0.003323385
3;-0.019734359
4;0.022270143
5;-0.028465985
1;0.006435592
2;0.002423036
3;0.00104211
4;0.019052883
5;0.002500083
1;0.021995171
2;-6.40413E-05
3;0.005019358
4;-0.010312341
5;0.005722896
1;0.014363915
2;0.000919076
3;-0.000468443
4;-0.013516784
5;-0.003220084
1;0.013523927
2;-0.00053348
3;0.004494025
5;-0.017383687
1;0.003785805
2;0.01200292
3;0.000342636
4;-0.008437646
5;0.00549437
1;-0.002471451
2;-0.010304438
3;0.003665636
4;0.005822698
5;0.003676275
1;0.00693534
2;-0.00556247
3;0.001127594
4;-0.011880825
5;0.005812939
1;0.010448907
2;0.00355724
3;0.002296069
4;0.005242394
1;0.001153372
2;-0.001401965
3;0.000195328
4;-0.010100375
1;0.015916069
2;0.003110806
3;0.000545376
4;0.003993283
5;0.002877549
1;0.001745232
2;-0.009425438
3;0.008291384
4;0.002423567
5;-0.010882186
2;0.012422194
3;-0.010654438
4;-0.019126605
5;-0.022389806
1;0.004587541
2;-0.004212071
3;0.004868323
4;-0.011888153
5;-0.009877767
1;0.014165355
2;0.012889515
3;-0.005489426
4;-0.031635816
5;0.002892972
1;-0.008902849
2;0.012955814
3;-0.002235056
4;0.009633914
5;-0.002748402
2;0.017840667
3;0.004228991
4;0.006563167
5;0.002184195
1;-0.001046374
2;-0.012176614
3;0.009673506
4;-0.002083164
5;0.001404348
1;0.010107284
2;0.002327644
3;0.000429127
4;0.003729217
5;0.0139103
1;-0.000175654
2;0.001711315
3;0.004514325
4;0.00403337
5;-0.00021737
1;0.000452076
2;0.007749057
3;0.005804795
4;-0.000325895
5;-0.005099485
1;0.00508233
2;0.007145391
3;-0.005508385
4;-0.001705629
5;0.000737463
1;0.005667142
2;4.26168E-05
3;-0.003278272
4;0.007386521
1;0.007896758
2;0.001682879
3;-0.005894051
4;0.00336867
5;0.006661623
1;0.001765063
2;0.000685109
3;0.011088384
4;0.000842168
5;-0.01625795
1;0.004511129
2;0.008026026
3;-0.001019431
4;0.002261236
5;0.00709828
1;-0.004305721
2;-0.023659567
3;0.006441938
4;0.012860144
5;-0.016787736
1;0.0130352
2;-0.024127171
3;-0.006608358
4;-0.032888466
5;-0.015426629
1;0.043034725
2;-0.003403127
3;0.013645989
4;-0.012219412
5;-0.018979079
1;0.001108852
2;-0.014297727
3;-0.005143469
4;-0.03975572
5;0.014912655
1;-0.012992123
2;0.00035387
3;-0.005677006
4;0.032347213
5;-0.012451871
2;-0.017314285
3;0.025514387
4;0.004043236
5;-0.035017487
1;-0.013624434
2;0.01091624
3;-0.005959341
4;0.029079822
5;0.004370107
1;-0.001806321
2;0.023222473
3;-0.000556094
4;0.001282138
5;0.00131629
1;-0.003864245
2;-0.016201322
3;-0.002989922
4;-0.016946193
5;0.002855218
1;-0.002035951
2;-0.031508271
3;-0.010164425
4;-0.003245746
5;-0.004673293
2;0.005344686
3;0.030850062
4;0.009368673
5;0.0071781
1;0.000732597
2;0.015261854
3;-0.000155215
4;0.001195446
5;-0.029242932
1;0.005964074
2;0.011351892
3;-0.012902686
4;0.022263616
5;0.008186429
1;0.011137931
2;-0.001049869
3;-0.006946068
4;-0.004167314
5;6.3546E-05
1;0.02178352
2;-0.004807873
3;0.006032852
4;-0.001269391
5;-0.003710877
1;0.005468066
2;-0.005985299
3;-0.028583327
4;-0.00539328
5;-0.004031704
1;0.000120447
2;0.012118458
3;0.001481685
4;-0.017080409
5;-0.003669695
1;-0.004048532
2;-0.014618777
3;0.003283982
4;-0.00771448
5;0.016450715
1;-0.014828685
2;0.000390802
3;0.029077658
4;0.009039912
5;0.013132363
2;-0.011537451
3;0.006418033
4;0.004820599
5;0.00485155
1;0.011069149
2;-0.00071333
3;0.00353491
4;-0.000364488
5;0.000826575
1;0.015095292
2;-0.002567373
3;-0.004837173
4;-0.008366175
5;0.020972838
1;-0.005683545
2;0.004838733
3;-0.002591138
4;-0.003088461
5;0.00440668
1;-0.008067421
2;0.020646748
3;-0.000672205
4;-0.001647951
5;0.006103643
1;0.000145893
2;0.003811421
3;0.007095823
4;-0.003648103
5;0.002025533
1;0.007217618
2;-0.016004698
3;0.010469066
4;0.001772366
5;0.002386454
1;0.002144637
2;1.68687E-05
3;-0.002694156
4;0.001124151
5;-0.000439367
1;0.00094609
2;0.007729385
3;0.003671294
4;0.019099224
5;0.003915147
1;-0.00212323
2;-0.008084915
3;0.004366586
4;-0.004251214
5;-0.011878701
1;-0.00121821
2;-0.016338128
3;0.00021214
4;0.015240604
5;0.002537119
1;-0.001576597
2;-0.014387044
3;0.014812719
5;-0.007496632
1;-0.001379798
2;-0.006088749
3;0.021386708
4;0.012737032
5;0.00259991
1;-0.00129911
2;0.000514944
3;0.003694902
4;0.003835407
5;0.005983684
1;4.83703E-05
2;0.000910538
3;-0.005135629
4;0.006166034
5;0.000836423
1;0.002545174
2;0.006011978
3;0.003373865
4;-0.001645724
1;0.000612494
2;0.00077105
3;0.001008621
4;-0.001509338
5;-0.000190815
1;0.01125131
2;-0.00131389
3;0.004994592
4;-0.002125149
5;-0.001846505
1;-0.001377275
2;0.003718222
3;0.008967269
4;-0.001712249
5;0.007357426
2;0.001375442
3;-0.010167185
4;-0.001295772
5;0.002410664
1;0.005819323
2;0.00026336
3;0.004212062
4;0.002241765
5;-0.018013749
1;0.007633327
2;0.016555814
3;-0.002726279
4;0.002351473
5;0.002880096
1;0.006220742
2;0.004176098
3;-0.002789697
4;0.00074922
5;0.005492239
1;0.002382143
2;-0.003240202
3;0.006237986
4;0.003070891
5;0.001922906
2;-0.020742153
3;-0.006130778
4;-0.000994835
5;0.010495226
1;0.005545706
2;-0.01586485
3;0.001613909
4;0.017072412
5;-0.00740543
1;-0.008376201
2;0.008883206
3;-0.001362687
4;-0.019051254
5;0.007055531
1;-0.006067686
2;-0.011263529
3;-0.01968749
4;0.013309293
5;0.004300947
1;0.014874634
2;-0.003556897
3;0.002909727
4;0.009297397
5;0.00315614
1;-0.002751537
2;0.007035239
3;0.006662411
4;-0.001831137
5;0.004950654
1;0.000345179
2;-0.000180079
3;0.002181271
4;-0.001521141
5;-0.004012509
1;-0.002797226
2;-0.007807151
3;0.000190217
4;8.36842E-05
5;0.003917703
1;-0.011078968
2;0.005714825
3;0.013424442
4;0.005262894
1;-0.001593936
2;0.008939515
3;0.006230365
4;0.003549158
5;0.002298016
1;-0.001754238
2;-0.003385044
3;-0.006878878
4;-0.009111239
5;0.003812661
1;0.004533805
2;0.00804162
3;-0.011173632
4;0.004883443
5;-0.008100044
1;-0.006223682
2;-0.000368636
3;0.008765217
4;0.002175631
5;-0.007718007
1;-0.011997246
2;-0.000827749
3;0.003178158
4;0.003945345
5;0.004072589
2;0.010537033
3;-0.023048299
4;-0.001225504
5;-0.009781564
1;-0.010818524
2;-0.000956785
3;-0.004195756
4;0.007350455
5;-0.014078468
1;0.000668552
2;0.012532883
3;-0.017585608
4;0.001752821
5;0.003040402
1;0.005380701
2;0.013334153
3;-0.006489456
4;-0.002831981
5;-0.011795039
1;0.009142517
2;0.01286124
3;0.008248641
4;0.010068387
5;0.014306847
2;-0.001337043
3;0.001001083
4;0.010399583
5;-0.006985516
1;-0.018256123
2;-0.004443388
3;0.00310106
4;-0.006738801
5;0.005539041
1;-0.008163062
2;0.016177119
3;-0.000671047
4;0.013455201
5;0.000907461
1;-0.005659021
2;-0.004113336
3;-0.02051778
4;-0.00323923
5;-0.006471416
1;-0.004140793
2;-0.025888994
3;0.005003212
4;-0.049001637
5;-0.000575132
1;-0.06895833
2;0.046317381
3;-0.045156781
4;0.045250591
5;0.005247838
1;0.021550786
2;-0.009786291
3;0.000946934
4;-0.045618608
5;-0.015122761
1;0.000258082
2;0.033710222
3;0.013034651
4;-0.015687972
5;0.015008394
1;0.027887583
2;0.002344202
3;0.004909933
4;-0.011942485
5;-0.025606956
2;-0.007464093
3;0.028243821
4;-0.010668915
5;-0.027068525
1;0.006941534
2;0.009078747
3;0.013389711
4;0.017041104
5;0.005690455
1;-0.009850912
2;-0.001662386
3;-0.029831032
4;-0.0324025
5;0.006063593
1;0.023068111
2;0.010631619
3;-0.020908243
4;0.008081516
5;-0.025291292
1;-0.028863546
2;0.022239332
3;0.01770785
4;0.018138219
5;-0.008196803
1;0.033555598
2;0.000543835
3;0.00974708
4;-0.002978131
5;0.017231013
1;-0.019559961
2;0.020213033
3;-0.012729819
4;0.004543832
5;0.01863408
1;0.012790853
2;-0.020248433
3;0.01048147
4;0.033716618
5;0.000389154
1;-0.025048682
2;-0.028340045
3;0.015976368
4;0.018607608
5;-0.006299785
1;0.006275996
2;0.011667272
3;-0.037385293
4;0.008587221
5;0.019293203
1;-0.009596079
2;0.004805575
3;-0.016755779
4;-0.016942648
5;-0.000394773
1;-0.018824535
2;-0.004149488
3;-0.022342971
5;-0.002689124
1;0.028821076
2;0.002211297
3;0.042403421
4;-0.001910466
5;-0.000241074
1;0.010234522
2;0.001105126
3;0.00201629
4;-0.021368471
5;0.01674244
1;-0.01502641
2;-0.008723961
3;-0.011413223
4;0.003237809
5;0.003210961
1;-0.01180215
2;0.029389236
3;0.001947671
4;0.008231554
5;0.008994516
2;7.90276E-05
3;-0.012556476
4;0.010650169
5;-0.004300536
2;0.015355418
3;0.000187914
4;0.002939385
5;-0.002540185
1;0.002259128
2;0.008846519
3;0.00030953
4;0.002333868
5;-0.004960178
2;0.003546597
3;0.011046693
4;0.004926532
5;0.000669232
1;0.000471236
2;-0.001026362
3;0.008641669
4;-0.005770505
5;-0.001594073
1;-0.00252535
2;-0.00045707
3;0.008860289
4;0.001094493
5;0.014499737
1;-0.000423913
2;0.002021269
3;0.002157946
4;0.001473032
5;-0.00691017
1;0.00677702
2;-0.000939951
3;-0.005397733
4;0.010965323
5;0.002346219
2;0.000719678
3;-0.003345751
4;0.004262957
5;0.00167082
1;0.00135366
2;0.003350649
3;-0.004748243
4;0.006139221
5;-0.003251063
1;-0.003877165
2;-0.015489527
3;0.006876907
4;0.009770028
5;0.003624702
1;0.000160469
2;0.017969143
3;-0.001197034
4;0.005949504
5;0.001118724
1;0.003966003
2;-0.003005043
3;-0.001872946
4;-0.007232645
5;0.003104068
1;0.013790283
2;-0.002820757
3;-0.004953773
4;-0.001609217
5;0.003691655
1;0.007476578
2;-0.003996588
3;-0.010254895
4;-0.000629237
1;-0.011423434
2;-0.017229035
3;0.007421293
4;0.013685325
5;-0.012553513
1;-0.000503681
2;0.015367919
3;-0.004063523
4;-0.005952097
5;0.001168593
1;-0.008443049
2;0.003672998
3;0.013552364
4;0.006657924
5;0.00241141
1;-0.003891097
2;0.005642498
3;-0.002499886
4;-0.007688271
5;-0.016279016
1;0.000350534
2;-0.004287864
3;-0.006724817
4;0.002514222
5;-0.003393109
1;-0.011175044
2;-0.005762452
3;-0.004413555
4;-0.015165749
5;-0.00741519
1;0.015908669
2;0.000486208
3;0.001692285
4;0.001379028
5;-0.002167899
2;0.011017982
3;-0.014438555
4;-0.002279268
5;-0.02495136
1;0.000109537
2;0.005710557
3;0.022787772
4;-0.000106459
5;0.008081388
1;-0.012700439
2;0.01158339
3;-0.007047993
4;0.010756615
5;0.010284753
1;0.001443657
2;0.009767871
3;-0.001687752
4;-0.022513259
5;0.007148982
1;-0.016083465
2;0.004761353
3;0.008944792
4;-0.002112076
5;0.024614798
1;0.00245631
2;0.006212765
4;-0.004697995
5;-0.00947749
1;-0.001640108
2;-0.008159129
3;-1.49091E-05
4;-0.004999618
5;0.016362745
1;-0.002316985
2;0.007382334
3;0.006658286
4;0.002713429
5;-0.010112639
1;-0.008948968
2;-0.00908208
3;-0.000313878
4;0.016405659
5;0.01890085
1;-0.000483533
2;-0.004326099
3;-0.002904193
4;-0.007532003
5;0.018861295
1;0.002326568
2;0.005093766
3;0.000620637
4;0.000413544
5;0.002186089
1;-0.001252678
2;-0.000128203
3;0.001139009
4;0.007075434
5;0.001870367
1;-2.11544E-05
2;-0.003503694
3;0.000226416
4;-0.008104975
5;0.006433954
1;-0.000489089
2;-0.000808585
3;0.000844035
4;-0.007836423
5;0.005060487
2;-0.001166629
3;-0.001068232
4;0.020229498
5;0.004041761
1;-0.006166744
2;0.00312998
3;0.002090506
4;0.01617822
5;0.003951115
1;-0.003129529
2;-0.001280598
3;0.001184782
4;-0.000540853
5;-7.53319E-05
1;-0.002235143
2;-0.010557356
3;-0.005753239
4;0.009602673
5;-0.004487822
1;0.002648035
2;0.0008719
3;0.003617864
4;0.007148798
5;-0.000321661
1;-0.00346269
2;-0.009940165
3;-0.00620731
4;0.000195435
5;-0.002970545
1;0.008045443
2;0.010217529
3;0.004108613
4;-0.002446673
5;-0.016710127
1;0.000439482
2;-0.014549262
3;-0.003090163
4;0.002991086
5;-0.000729227
3;0.000155802
4;0.010867261
5;-0.009423708
1;0.00216143
2;0.007822506
3;-0.023990495
4;-0.012279919
5;0.001697276
1;0.00013044
2;-0.003993384
3;-0.013948842
4;-0.001594791
5;0.004828239
1;0.01966737
2;0.000663135
3;0.002317515
5;0.012942206
1;-0.002031655
2;-0.005240224
3;0.007825251
4;0.004260626
5;0.000162422
1;-0.004756454
2;-0.001711338
3;0.001583622
4;0.003301198
5;0.002916658
1;0.000338431
2;0.00652759
3;0.000448129
4;-0.006341469
5;-0.004143979
1;0.011800667
2;0.011421148
3;-0.007618159
4;0.005473186
5;-0.009423002
1;-0.002443286
3;-0.004798902
4;-0.001219199
5;-0.011111501
1;0.016800107
3;0.025086045
4;-0.002087762
5;0.004853317
1;-0.003128033
2;-0.003247646
3;0.002652349
4;0.007568717
5;-4.75516E-05
1;-0.000931108
2;0.001128093
3;0.000196946
4;0.005627103
5;0.003397466
2;0.004418279
3;0.001506342
4;6.68979E-06
5;0.005430699
1;-0.001851396
2;0.005093062
3;-0.003907241
4;-0.002566608
5;0.010002474
1;-0.011605778
2;0.01036258
3;0.000549049
4;-0.001807044
5;0.005641969
1;-0.000606272
2;0.001593972
3;0.000592152
4;0.000690401
5;-0.00104565
2;0.007309758
3;-0.012481717
4;-0.006323067
5;0.008734259
1;-0.018479275
2;0.0060909
3;0.012645666
4;-0.000864495
5;0.002321227
1;0.004600126
2;0.009520494
3;0.001083976
4;0.001814812
5;0.0044711
1;0.003243872
2;-0.002406152
3;0.001313164
4;0.005587377
5;-0.001619755
1;-0.005525586
2;-0.002425463
3;0.006675167
4;-0.00831698
5;0.007148666
1;-0.003345582
2;0.007754913
3;-0.000588495
4;0.004048485
1;-0.004483682
2;0.005158962
3;-0.010602096
4;0.004040254
5;-0.004304177
1;0.006283012
2;0.003538041
3;0.012115446
4;0.003545947
5;-0.002840786
1;-0.02323413
2;0.014205866
3;-0.014431354
4;-0.00672354
5;0.00880898
1;0.004650798
2;0.010365294
3;6.33398E-06
4;0.004026618
5;-0.001843784
1;0.007160318
2;0.002481842
3;-0.009351475
4;0.009363994
5;0.010479515
1;0.001905988
2;0.005216663
3;0.004130551
4;-0.003693981
5;0.004312401
1;4.28466E-05
2;0.0100911
3;0.005101065
4;-0.005022297
5;0.010247412
1;-0.000707909
2;0.001720908
3;-0.008308039
4;-0.002928136
5;-0.000551497
2;0.006320912
3;-0.007072892
4;0.003663596
5;-0.01441055
1;0.005918407
2;-0.005526024
3;-0.013875567
4;0.008454433
5;0.012749948
1;-0.000346906
2;-0.010205232
3;-0.008404786
4;0.01467609
5;-0.005902398
1;0.00753884
2;0.007760952
3;-0.013948299
4;-0.025328355
5;0.002666148
1;-0.012219314
2;0.009452416
3;0.009544802
4;0.006180728
5;-0.004298837
1;0.005389242
2;-0.000545054
3;0.00082366
5;0.010150058
1;0.005237838
2;0.007203671
3;0.000181546
4;0.013463198
5;0.003081777
1;0.0013739
2;-0.003715661
3;0.002770192
4;0.005020365
5;0.001608773
1;0.002030925
2;-0.001853645
3;-0.003818459
4;0.002553175
5;0.000827937
1;-0.003742994
2;0.000373744
3;-0.00013643
4;0.01246258
5;0.001639086
1;-0.001480914
2;-0.005739461
3;-0.003813149
4;0.003877953
5;-0.003576386
1;-0.001153543
2;0.002772172
3;-0.005190052
4;-0.014384524
5;-0.003310073
1;-0.00591784
2;0.003813963
3;-0.005796414
4;0.008582495
5;0.003939218
1;-0.004047857
2;-0.01600151
3;0.002743889
4;0.001961426
5;-0.003179322
2;0.004155545
3;0.008084226
4;0.001209132
5;5.43766E-05
1;0.009943332
2;0.007318923
3;0.003047626
4;-0.003386165
5;0.002711034
1;0.005677017
2;0.004208849
3;0.012104116
4;-0.001844623
5;-0.007243094
1;-0.004730719
2;-0.002600567
3;-0.002743211
4;0.003479352
5;-0.004082096
1;-0.006047509
2;0.007966754
3;-0.000666889
4;-0.009019996
5;0.007028487
1;-0.008542745
2;-0.012408723
3;0.000573697
4;0.021595603
5;0.006266659
1;0.004066404
2;-0.007088816
3;0.013732816
4;0.006721323
5;0.00652742
1;9.17126E-05
2;0.005721111
3;-0.004735731
4;0.003252872
5;0.004385173
1;0.001328836
2;0.00556868
3;-0.00488791
4;-0.00384676
5;0.002899228
1;0.003564177
2;-0.002809484
3;0.004256458
4;-0.013270455
5;0.013338231
1;0.000722654
2;-0.002373164
3;0.00806272
4;0.0048256
5;0.004213114
1;-0.003705039
2;-0.002045036
3;-0.003642236
4;0.008095716
5;0.004949171
1;-0.001264125
2;0.000149782
3;0.002482009
5;-0.000786042
1;-0.002722705
2;-0.003197956
3;-0.001304363
4;-0.004349
5;0.01117523
1;0.001815435
2;-0.003184725
3;-0.011381384
4;-0.003777705
5;-0.000101385
1;0.0063001
2;-0.003105784
3;0.016510893
4;-0.00058007
5;0.004807171
1;0.005304005
2;0.002911528
4;0.004734265
5;-0.000336644
1;-0.000179228
2;0.003951835
4;-0.00890141
5;-0.000333029
1;-0.002514941
2;0.006063353
3;-0.000212224
4;0.000348241
5;0.002304036
1;-0.012655942
2;0.010759847
3;0.005152889
4;-0.001348034
5;-0.003902746
2;0.002769859
3;0.000574734
4;-0.008929311
5;-0.021096465
1;-0.004888233
2;0.006121909
3;-0.010261676
4;0.01120405
5;-0.006486304
1;-0.023096632
2;0.00761208
3;-0.002030319
4;0.012363033
5;0.013214213
1;0.001568035
2;0.011001357
3;-0.000269304
4;0.005793241
5;0.004797663
2;0.001157801
3;-0.006545856
4;0.006013326
5;-0.001920551
1;0.006167463
2;-0.001348596
3;2.16786E-05
4;0.004935879
5;0.002778872
1;-0.007405882
2;0.015152294
3;-5.33658E-05
4;0.001716949
5;0.000537939
1;-0.000463356
2;-0.005095076
3;0.000305153
4;-0.011770099
5;-0.002825788
1;0.009567744
2;0.007193659
3;-0.006150536
4;0.006022339
5;-0.002936985
1;-0.004876539
2;0.004394242
3;-0.007024971
4;-0.001901881
5;0.004629513
1;0.007892887
2;0.007014659
3;0.002849261
4;-0.001127083
5;-0.012616514
1;-0.010808352
2;0.00374358
3;0.01085899
4;-0.021105915
5;-0.009532051
1;0.008183684
2;0.006734582
3;0.010433826
4;0.001362968
1;0.003767995
2;0.004083771
3;-0.002215749
4;0.001715504
5;-0.008129366
1;0.003230796
2;0.004749513
3;0.002987552
4;-0.000143326
5;-0.001349334
1;0.001869457
2;-0.009028998
3;0.00560076
4;-0.001374593
5;0.001518336
1;0.009626233
2;0.000421707
3;-0.004712131
4;-0.009405876
5;0.003739958
1;0.00383743
2;-0.006519604
3;0.008083302
4;0.002359465
5;0.004239372
2;0.005969948
3;-0.00111469
4;0.005352759
5;0.001842024
1;0.000727549
2;-0.000379299
3;0.001889869
4;0.006504105
5;0.004617093
1;0.000938291
2;-0.000246024
3;-0.003543299
4;-0.007114124
5;0.003129634
1;0.000836358
2;0.002170233
3;0.007689248
4;0.001276663
5;0.001728556
1;-0.000132468
2;-0.006456104
3;0.004885532
4;-0.00117955
5;0.00190905
1;-0.000372336
2;0.00665559
3;0.000658571
4;0.005464577
1;-0.003931281
2;-0.00707373
3;0.004633519
4;-0.004139678
5;0.001469897
1;0.004831846
2;-0.001933992
3;0.004192327
4;-0.011904631
5;0.010212621
1;-0.002322964
2;0.005003599
3;0.001752911
4;0.000488052
5;-0.004860939
1;0.000288079
2;-0.004538026
3;6.09134E-05
4;-0.020201982
5;-0.002863206
1;0.007163332
2;-0.009732664
3;1.56232E-05
4;-0.005572092
5;0.011465412
1;0.002755585
2;-0.00163796
3;0.006684782
4;0.004336356
5;-6.13773E-05
1;0.008495518
2;0.004988198
3;0.002474731
4;0.002945555
5;-0.00199459
1;0.004776344
2;0.001050541
3;4.99983E-05
4;-0.001691328
5;0.003314912
2;-0.000544231
3;-0.000779415
4;-0.001535626
5;0.005023279
1;-0.003077885
2;-0.006566473
3;0.003639443
4;0.000881512
5;-0.00598045
1;-0.000710387
2;0.00745652
3;0.001294822
4;0.004879238
5;-0.000477403
1;-0.00804561
2;-0.00579324
3;0.007801962
4;-0.016300884
5;0.008539268
1;-0.002550088
2;-0.002789812
3;-0.013337104
4;5.13831E-06
5;0.011103646
1;-0.001566346
2;-0.015241633
3;0.017310927
4;-0.020877821
5;-0.011517103
1;-0.016605025
2;0.00157764
3;-0.008133321
4;0.000144957
5;0.012801813
1;0.009101116
2;0.019385361
3;-0.007326078
4;0.012228326
5;0.007028685
1;-0.001502722
2;0.011868342
3;-0.001386316
4;0.00621081
5;0.011663102
1;-0.000118934
2;-0.002833812
3;0.005684325
4;0.003768396
5;0.000349484
1;0.003115344
2;0.00069643
3;-0.000701336
4;0.000529726
5;0.000240246
1;0.000735089
2;0.005120799
3;-0.001502249
4;0.00196515
5;0.005223213
1;0.002859972
2;-0.001150748
3;0.002802029
5;-0.002545655
1;-0.006852732
2;0.006364115
3;0.00375766
4;-0.001162496
5;0.001663737
1;-0.007282994
2;-0.000237857
3;-0.016486095
4;0.004525463
5;-0.016346465
1;-0.006362811
2;-0.008525252
3;0.020148061
4;0.023731392
5;0.004559676
1;0.003803157
2;0.001744895
3;-0.000139287
5;0.003304044
1;0.00086138
2;-0.004900607
3;-0.010364289
5;-0.000340045
1;-0.018447216
2;-0.008933269
3;0.011562716
4;0.017730232
5;-0.008439403
1;-0.008126593
2;-0.002581895
3;-0.005830024
4;-0.009290915
5;0.013334893
2;0.00154875
3;0.004720492
4;0.015154358
5;-0.005506737
1;0.002565159
2;-0.013478269
3;-0.013587496
4;0.009489534
5;-0.013077094
1;0.012879177
2;0.014336212
3;-0.004164697
4;0.010238806
5;-0.003424004
1;-0.004256249
2;0.010618932
3;-2.90057E-05
4;0.009598319
5;0.004066455
2;0.001596253
3;-0.000314284
4;-0.001062631
5;0.006107796
1;-0.00030332
2;0.00275494
3;-0.000766077
4;-0.001477063
5;-0.002960688
1;0.006106289
2;-0.004548937
3;-0.004398161
4;0.001195361
5;-0.014275342
1;0.0039367
2;-0.017106871
3;-0.001919499
4;0.012522721
5;-0.006093213
